{"text": "Texas court further blocks AG Ken Paxton's demand for info on organization's transgender youth support. A court in Texas has blocked Attorney General Ken Paxton\u2019s demand that PFLAG National turn over information and documents about its support of families in Texas seeking gender-affirming medical care for transgender youth.", "entities": {"Mention": [{"indices": [0, 5], "inst": "http://dbpedia.org/resource/Texas", "dbpInterestingClasses": "dbpedia-owl:PopulatedPlace|dbpedia-owl:Person", "dbpSpecificClasses": "dbpedia-owl:AdministrativeRegion|dbpedia-owl:Person", "confidence": -0.58}, {"indices": [30, 40], "inst": "http://dbpedia.org/resource/Ken_Paxton", "dbpInterestingClasses": "dbpedia-owl:Person", "dbpSpecificClasses": "dbpedia-owl:Person", "confidence": 0.91}, {"indices": [115, 120], "inst": "http://dbpedia.org/resource/Texas", "dbpInterestingClasses": "dbpedia-owl:PopulatedPlace|dbpedia-owl:Person", "dbpSpecificClasses": "dbpedia-owl:AdministrativeRegion|dbpedia-owl:Person", "confidence": -0.58}, {"indices": [150, 160], "inst": "http://dbpedia.org/resource/Ken_Paxton", "dbpInterestingClasses": "dbpedia-owl:Person", "dbpSpecificClasses": "dbpedia-owl:Person", "confidence": 0.91}, {"indices": [175, 189], "inst": "http://dbpedia.org/resource/PFLAG", "dbpInterestingClasses": "dbpedia-owl:Organisation", "dbpSpecificClasses": "dbpedia-owl:Non-ProfitOrganisation", "confidence": 0.727}, {"indices": [259, 264], "inst": "http://dbpedia.org/resource/Texas", "dbpInterestingClasses": "dbpedia-owl:PopulatedPlace|dbpedia-owl:Person", "dbpSpecificClasses": "dbpedia-owl:AdministrativeRegion|dbpedia-owl:Person", "confidence": -0.58}]}}