{"text": "Transitioning later in life can feel isolating. One social group wants to change that. Social spaces for trans folks tend to be youth-oriented. Transitioning for those over 50 can bring unique challenges. One New Jersey support group offers community and a path forward.", "entities": {"Mention": [{"indices": [209, 219], "inst": "http://dbpedia.org/resource/New_Jersey", "dbpInterestingClasses": "dbpedia-owl:PopulatedPlace", "dbpSpecificClasses": "dbpedia-owl:AdministrativeRegion", "confidence": -0.63}]}}