{"text": "Gallup poll: The number of American adults identifying as LGBTQ+ has more than doubled in the last 12 years. A recent annual survey by Gallup reveals that the number of Americans who identify as members of the LGBTQ+ community has doubled since 2012, with nearly 30 percent of Gez Z women identifying as not heterosexual. The survey was conducted on more than 12,000 A\u2026", "entities": {"Mention": [{"indices": [0, 11], "inst": "http://dbpedia.org/resource/Gallup_(company)", "dbpInterestingClasses": "dbpedia-owl:Organisation", "dbpSpecificClasses": "dbpedia-owl:Organisation", "confidence": -0.5}, {"indices": [58, 64], "inst": "http://dbpedia.org/resource/LGBT", "dbpInterestingClasses": "dbpedia-owl:Person", "dbpSpecificClasses": "dbpedia-owl:Person", "confidence": -0.5228095238095238}, {"indices": [135, 141], "inst": "http://dbpedia.org/resource/Gallup_(company)", "dbpInterestingClasses": "dbpedia-owl:Organisation", "dbpSpecificClasses": "dbpedia-owl:Organisation", "confidence": -0.6866666666666665}, {"indices": [169, 178], "inst": "http://dbpedia.org/resource/United_States", "dbpInterestingClasses": "dbpedia-owl:PopulatedPlace", "dbpSpecificClasses": "dbpedia-owl:Country", "confidence": 0.5300000000000006}, {"indices": [210, 226], "inst": "http://dbpedia.org/resource/LGBT", "dbpInterestingClasses": "dbpedia-owl:Person", "dbpSpecificClasses": "dbpedia-owl:Person", "confidence": -0.5399999999999998}]}}