{"text": "Indigenous democracy: Why Africa should reject the Western way. African traditional governance models can and should be incorporated into modern socio-political life Read Full Article at RT.com", "entities": {"Mention": [{"indices": [26, 32], "inst": "http://dbpedia.org/resource/Africa", "dbpInterestingClasses": "dbpedia-owl:PopulatedPlace|dbpedia-owl:Person", "dbpSpecificClasses": "dbpedia-owl:Continent|dbpedia-owl:Person", "confidence": -0.6}, {"indices": [51, 62], "inst": "http://dbpedia.org/resource/Western_Way", "dbpInterestingClasses": "owl:Thing", "dbpSpecificClasses": "owl:Thing", "confidence": -0.82}, {"indices": [171, 183], "inst": "http://dbpedia.org/resource/Unified_English_Braille", "dbpInterestingClasses": "owl:Thing", "dbpSpecificClasses": "owl:Thing", "confidence": -0.865}, {"indices": [187, 193], "inst": "http://dbpedia.org/resource/RT_(TV_network)", "dbpInterestingClasses": "dbpedia-owl:Organisation|dbpedia-owl:Person", "dbpSpecificClasses": "dbpedia-owl:TelevisionStation|dbpedia-owl:Person|dbpedia-owl:BroadcastNetwork", "confidence": 0.5546904761904762}]}}