{"text": "Kansas governor vetoes proposed ban on gender-affirming care for minors. Democratic Gov. Laura Kelly also vetoed a measure to require more reporting from abortion providers and what she called a \"vague\" bill making it a crime to coerce someone into having an abortion.", "entities": {"Mention": [{"indices": [0, 15], "inst": "http://dbpedia.org/resource/Governor_of_Kansas", "dbpInterestingClasses": "owl:Thing", "dbpSpecificClasses": "owl:Thing", "confidence": -0.8889555545730677}, {"indices": [89, 100], "inst": "http://dbpedia.org/resource/Laura_Kelly", "dbpInterestingClasses": "dbpedia-owl:Person", "dbpSpecificClasses": "dbpedia-owl:Person", "confidence": 0.76}]}}