{"text": "Moscow adds 'LGBT movement' to list of extremist and terrorist organizations.... Moscow adds 'LGBT movement' to list of extremist and terrorist organizations...\r\n\n \n \n \n (Third column, 6th story, link)\r\n\n \r\n\n \r\n\n \n Related stories:Record Russian Missile Barrage Disrupts Ukraine Power System...\r\nCrackdown on Artists Paints Portrait of Scar\u2026", "entities": {"Mention": [{"indices": [0, 6], "inst": "http://dbpedia.org/resource/Moscow", "dbpInterestingClasses": "dbpedia-owl:PopulatedPlace", "dbpSpecificClasses": "dbpedia-owl:AdministrativeRegion|dbpedia-owl:City", "confidence": -0.64}, {"indices": [81, 87], "inst": "http://dbpedia.org/resource/Moscow", "dbpInterestingClasses": "dbpedia-owl:PopulatedPlace", "dbpSpecificClasses": "dbpedia-owl:AdministrativeRegion|dbpedia-owl:City", "confidence": -0.64}, {"indices": [238, 245], "inst": "http://dbpedia.org/resource/Russia", "dbpInterestingClasses": "dbpedia-owl:PopulatedPlace", "dbpSpecificClasses": "dbpedia-owl:Country", "confidence": 0.63}, {"indices": [246, 253], "inst": "http://dbpedia.org/resource/Missile", "dbpInterestingClasses": "", "dbpSpecificClasses": "dbpedia-owl:Book", "confidence": -0.85}, {"indices": [262, 270], "inst": "http://dbpedia.org/resource/Contempt_of_Congress", "dbpInterestingClasses": "owl:Thing", "dbpSpecificClasses": "owl:Thing", "confidence": -0.865}, {"indices": [271, 278], "inst": "http://dbpedia.org/resource/Ukraine", "dbpInterestingClasses": "dbpedia-owl:PopulatedPlace", "dbpSpecificClasses": "dbpedia-owl:Country", "confidence": 0.62}, {"indices": [309, 316], "inst": "http://dbpedia.org/resource/Artist", "dbpInterestingClasses": "dbpedia-owl:Person", "dbpSpecificClasses": "dbpedia-owl:Person", "confidence": -0.85}, {"indices": [317, 323], "inst": "http://dbpedia.org/resource/Paint", "dbpInterestingClasses": "", "dbpSpecificClasses": "dbpedia-owl:Work", "confidence": -0.89}, {"indices": [336, 340], "inst": "http://dbpedia.org/resource/Scientific_Committee_on_Antarctic_Research", "dbpInterestingClasses": "dbpedia-owl:Organisation", "dbpSpecificClasses": "dbpedia-owl:Organisation", "confidence": -0.8}]}}