{"text": "Latest IRS Tax Season Data Suggests Taxpayers Are Still Waiting To File. The most recent tax filing data still shows a dip in tax returns received. The IRS received 54,030,000 individual income tax returns as of March 1, 2024, a 1.7% decline from the previous year.", "entities": {"Mention": [{"indices": [7, 10], "inst": "http://dbpedia.org/resource/Internal_Revenue_Service", "dbpInterestingClasses": "dbpedia-owl:Organisation", "dbpSpecificClasses": "dbpedia-owl:GovernmentAgency", "confidence": -0.65}, {"indices": [36, 45], "inst": "http://dbpedia.org/resource/Tax", "dbpInterestingClasses": "", "dbpSpecificClasses": "dbpedia-owl:Book", "confidence": -0.72}, {"indices": [152, 155], "inst": "http://dbpedia.org/resource/Internal_Revenue_Service", "dbpInterestingClasses": "dbpedia-owl:Organisation", "dbpSpecificClasses": "dbpedia-owl:GovernmentAgency", "confidence": -0.65}, {"indices": [187, 197], "inst": "http://dbpedia.org/resource/Income_tax", "dbpInterestingClasses": "", "dbpSpecificClasses": "dbpedia-owl:Work", "confidence": -0.655}]}}