{"text": "10 charged in theft of some 43,000 state decorations in Serbia. 10 people have been charged with stealing approximately 43,000 state decorations of honor from a Serbian government building, according to prosecutors.", "entities": {"Mention": [{"indices": [35, 52], "inst": "http://dbpedia.org/resource/State_decoration", "dbpInterestingClasses": "owl:Thing", "dbpSpecificClasses": "owl:Thing", "confidence": -0.7949999999999998}, {"indices": [56, 62], "inst": "http://dbpedia.org/resource/Serbia", "dbpInterestingClasses": "dbpedia-owl:PopulatedPlace", "dbpSpecificClasses": "dbpedia-owl:Country", "confidence": 0.63}, {"indices": [127, 144], "inst": "http://dbpedia.org/resource/State_decoration", "dbpInterestingClasses": "owl:Thing", "dbpSpecificClasses": "owl:Thing", "confidence": -0.7949999999999998}, {"indices": [161, 179], "inst": "http://dbpedia.org/resource/Government_of_Serbia", "dbpInterestingClasses": "owl:Thing", "dbpSpecificClasses": "owl:Thing", "confidence": -0.88}]}}