{"text": "Pro-Transgender Group GLAAD Tries to Erase Gay, Lesbian Identity. Same-sex gay and lesbian sexual attraction is a subtype of transgenderism, according to GLAAD, a group that was created to push for civic acceptance of homosexuality.", "entities": {"Mention": [{"indices": [4, 15], "inst": "http://dbpedia.org/resource/Transgender", "dbpInterestingClasses": "dbpedia-owl:Person", "dbpSpecificClasses": "dbpedia-owl:Disease|dbpedia-owl:Person", "confidence": -0.5966666666666667}, {"indices": [43, 55], "inst": "http://dbpedia.org/resource/Homosexuality", "dbpInterestingClasses": "dbpedia-owl:Person", "dbpSpecificClasses": "dbpedia-owl:Person|dbpedia-owl:Book", "confidence": -0.5463095238095238}, {"indices": [91, 108], "inst": "http://dbpedia.org/resource/Sexual_attraction", "dbpInterestingClasses": "dbpedia-owl:Person", "dbpSpecificClasses": "dbpedia-owl:Person", "confidence": -0.89}, {"indices": [154, 159], "inst": "http://dbpedia.org/resource/GLAAD", "dbpInterestingClasses": "dbpedia-owl:Organisation|dbpedia-owl:Person", "dbpSpecificClasses": "dbpedia-owl:Non-ProfitOrganisation|dbpedia-owl:Person", "confidence": -0.6066666666666667}]}}