{"text": "USWNT's Korbin Albert apologizes after Megan Rapinoe calls out anti-LGBTQ social media content. Albert took over Rapinoe's No. 15 jersey number this year.", "entities": {"Mention": [{"indices": [39, 52], "inst": "http://dbpedia.org/resource/Megan_Rapinoe", "dbpInterestingClasses": "dbpedia-owl:Person", "dbpSpecificClasses": "dbpedia-owl:SoccerPlayer", "confidence": 0.7325}, {"indices": [68, 73], "inst": "http://dbpedia.org/resource/LGBT", "dbpInterestingClasses": "dbpedia-owl:Person", "dbpSpecificClasses": "dbpedia-owl:Person", "confidence": -0.5866666666666667}, {"indices": [74, 86], "inst": "http://dbpedia.org/resource/Social_media", "dbpInterestingClasses": "", "dbpSpecificClasses": "dbpedia-owl:Book", "confidence": -0.78}, {"indices": [130, 143], "inst": "http://dbpedia.org/resource/Number_(sports)", "dbpInterestingClasses": "owl:Thing", "dbpSpecificClasses": "owl:Thing", "confidence": -0.79}]}}