{"text": "Princeton University Admissions To Continue Considering Legacy Status. Citing what it claims is a small impact on student diversity, Princeton will continue to consider legacy status of applicants as a factor in undergraduate admissions.", "entities": {"Mention": [{"indices": [0, 20], "inst": "http://dbpedia.org/resource/Princeton_University", "dbpInterestingClasses": "dbpedia-owl:Organisation", "dbpSpecificClasses": "dbpedia-owl:College", "confidence": 0.75}, {"indices": [56, 69], "inst": "http://dbpedia.org/resource/Legacy_preferences", "dbpInterestingClasses": "owl:Thing", "dbpSpecificClasses": "owl:Thing", "confidence": -0.81}, {"indices": [133, 142], "inst": "http://dbpedia.org/resource/Princeton_University", "dbpInterestingClasses": "dbpedia-owl:Organisation", "dbpSpecificClasses": "dbpedia-owl:College", "confidence": 0.5450549450549451}]}}