{"text": "White House hosts a soggy, education-themed Easter egg roll. It's one of the few days of the year where the executive branch becomes a child's playground \u2014 and this year, the White House Easter Egg Roll drew kids to the South Lawn despite some light rain.", "entities": {"Mention": [{"indices": [0, 11], "inst": "http://dbpedia.org/resource/White_House", "dbpInterestingClasses": "", "dbpSpecificClasses": "dbpedia-owl:Building|dbpedia-owl:Monument", "confidence": -0.67}, {"indices": [108, 124], "inst": "http://dbpedia.org/resource/Executive_(government)", "dbpInterestingClasses": "owl:Thing", "dbpSpecificClasses": "owl:Thing", "confidence": -0.83}, {"indices": [175, 186], "inst": "http://dbpedia.org/resource/White_House", "dbpInterestingClasses": "", "dbpSpecificClasses": "dbpedia-owl:Building|dbpedia-owl:Monument", "confidence": -0.67}, {"indices": [213, 225], "inst": "http://dbpedia.org/resource/Southern_Basque_Country", "dbpInterestingClasses": "owl:Thing", "dbpSpecificClasses": "owl:Thing", "confidence": -0.7721428571428572}]}}