{"text": "A California city wrestles with its history of discrimination against early Chinese immigrants. An apology from Antioch, California, for its mistreatment of early Chinese immigrants led local residents and other cities to delve deeper into the community's history in the state.", "entities": {"Mention": [{"indices": [2, 17], "inst": "http://dbpedia.org/resource/California_City,_California", "dbpInterestingClasses": "dbpedia-owl:PopulatedPlace", "dbpSpecificClasses": "dbpedia-owl:City|dbpedia-owl:AdministrativeRegion", "confidence": 0.57}, {"indices": [70, 83], "inst": "http://dbpedia.org/resource/History_of_China", "dbpInterestingClasses": "owl:Thing", "dbpSpecificClasses": "owl:Thing", "confidence": -0.7021428571428504}, {"indices": [112, 131], "inst": "http://dbpedia.org/resource/Antioch,_California", "dbpInterestingClasses": "dbpedia-owl:PopulatedPlace", "dbpSpecificClasses": "dbpedia-owl:City", "confidence": 0.679}, {"indices": [157, 170], "inst": "http://dbpedia.org/resource/History_of_China", "dbpInterestingClasses": "owl:Thing", "dbpSpecificClasses": "owl:Thing", "confidence": -0.7021428571428504}]}}