{"text": "A superb Whitney Biennial, marred by flimsy politics. A superb Whitney Biennial, marred by flimsy politicswashingtonpost.com", "entities": {"Mention": [{"indices": [9, 25], "inst": "http://dbpedia.org/resource/Whitney_Biennial", "dbpInterestingClasses": "", "dbpSpecificClasses": "dbpedia-owl:SocietalEvent", "confidence": -0.89}, {"indices": [63, 79], "inst": "http://dbpedia.org/resource/Whitney_Biennial", "dbpInterestingClasses": "", "dbpSpecificClasses": "dbpedia-owl:SocietalEvent", "confidence": -0.89}]}}