{"text": "Former Olympian Caitlyn Jenner backs New York county's ban on transgender female athletes. Former Olympic gold medalist Caitlyn Jenner on Monday said she supported a local New York official\u2019s order banning female sports teams with transgender...", "entities": {"Mention": [{"indices": [7, 15], "inst": "http://dbpedia.org/resource/Olympic_Games", "dbpInterestingClasses": "", "dbpSpecificClasses": "dbpedia-owl:Work|dbpedia-owl:Olympics", "confidence": -0.76}, {"indices": [16, 30], "inst": "http://dbpedia.org/resource/Caitlyn_Jenner", "dbpInterestingClasses": "dbpedia-owl:Person", "dbpSpecificClasses": "dbpedia-owl:TelevisionHost|dbpedia-owl:Athlete", "confidence": 0.8516666666666667}, {"indices": [37, 52], "inst": "http://dbpedia.org/resource/Manhattan", "dbpInterestingClasses": "dbpedia-owl:PopulatedPlace", "dbpSpecificClasses": "dbpedia-owl:AdministrativeRegion|dbpedia-owl:City", "confidence": 0.6659999999999999}, {"indices": [120, 134], "inst": "http://dbpedia.org/resource/Caitlyn_Jenner", "dbpInterestingClasses": "dbpedia-owl:Person", "dbpSpecificClasses": "dbpedia-owl:TelevisionHost|dbpedia-owl:Athlete", "confidence": 0.8516666666666667}, {"indices": [172, 180], "inst": "http://dbpedia.org/resource/New_York", "dbpInterestingClasses": "dbpedia-owl:PopulatedPlace", "dbpSpecificClasses": "dbpedia-owl:AdministrativeRegion", "confidence": -0.54}]}}