{"text": "Cable news coverage of 2023 anti-trans bills lacked trans voices: Media Matters. Cable news outlets couldn\u2019t avoid covering the rash of anti-transgender bills in state legislatures in 2023, but they didn\u2019t often feature trans people talking about the subject, according to new research from Media Matters for America.", "entities": {"Mention": [{"indices": [66, 79], "inst": "http://dbpedia.org/resource/Media_Matters_for_America", "dbpInterestingClasses": "dbpedia-owl:Organisation", "dbpSpecificClasses": "dbpedia-owl:Organisation", "confidence": -0.5041666666666667}, {"indices": [291, 316], "inst": "http://dbpedia.org/resource/Media_Matters_for_America", "dbpInterestingClasses": "dbpedia-owl:Organisation", "dbpSpecificClasses": "dbpedia-owl:Organisation", "confidence": 0.5298421052631579}]}}