{"text": "Manipur, India \u2013 Scene of Gruesome Anti-Christian Violence \u2013 Tries to Make Easter a Workday. The Hindu nationalist government of northern Manipur, India, issued a decree on Wednesday declaring Easter Sunday a work day, triggering widespread outrage and forcing officials to revoke the order a day later.\nThe post Manipur, India \u2013 Scene of Gruesome Anti\u2026", "entities": {"Mention": [{"indices": [0, 7], "inst": "http://dbpedia.org/resource/Manipur", "dbpInterestingClasses": "dbpedia-owl:PopulatedPlace", "dbpSpecificClasses": "dbpedia-owl:AdministrativeRegion", "confidence": 0.69}, {"indices": [9, 14], "inst": "http://dbpedia.org/resource/India", "dbpInterestingClasses": "dbpedia-owl:PopulatedPlace", "dbpSpecificClasses": "dbpedia-owl:Country", "confidence": 0.62}, {"indices": [35, 58], "inst": "http://dbpedia.org/resource/Anti-Christian_violence_in_India", "dbpInterestingClasses": "owl:Thing", "dbpSpecificClasses": "owl:Thing", "confidence": -0.81}, {"indices": [97, 114], "inst": "http://dbpedia.org/resource/Hindu_nationalism", "dbpInterestingClasses": "owl:Thing", "dbpSpecificClasses": "owl:Thing", "confidence": -0.849788887906401}, {"indices": [138, 145], "inst": "http://dbpedia.org/resource/Manipur", "dbpInterestingClasses": "dbpedia-owl:PopulatedPlace", "dbpSpecificClasses": "dbpedia-owl:AdministrativeRegion", "confidence": 0.66}, {"indices": [147, 152], "inst": "http://dbpedia.org/resource/India", "dbpInterestingClasses": "dbpedia-owl:PopulatedPlace", "dbpSpecificClasses": "dbpedia-owl:Country", "confidence": 0.62}, {"indices": [313, 320], "inst": "http://dbpedia.org/resource/Manipur", "dbpInterestingClasses": "dbpedia-owl:PopulatedPlace", "dbpSpecificClasses": "dbpedia-owl:AdministrativeRegion", "confidence": 0.69}, {"indices": [322, 327], "inst": "http://dbpedia.org/resource/India", "dbpInterestingClasses": "dbpedia-owl:PopulatedPlace", "dbpSpecificClasses": "dbpedia-owl:Country", "confidence": 0.62}]}}