{"text": "Utah violated rights of trans woman inmate who performed surgery on herself, DOJ finds. The Department of Justice has found that the Utah Department of Corrections discriminated against an incarcerated transgender woman based on her gender identity. The inmate, whose name was not released, removed her testicles via self-surgery while in custody.\u2026", "entities": {"Mention": [{"indices": [0, 4], "inst": "http://dbpedia.org/resource/Utah", "dbpInterestingClasses": "dbpedia-owl:PopulatedPlace", "dbpSpecificClasses": "dbpedia-owl:AdministrativeRegion", "confidence": -0.5092307692307692}, {"indices": [24, 35], "inst": "http://dbpedia.org/resource/Trans_woman", "dbpInterestingClasses": "dbpedia-owl:Person", "dbpSpecificClasses": "dbpedia-owl:Person", "confidence": -0.7925320183030905}, {"indices": [77, 80], "inst": "http://dbpedia.org/resource/United_States_Department_of_Justice", "dbpInterestingClasses": "dbpedia-owl:Organisation", "dbpSpecificClasses": "dbpedia-owl:GovernmentAgency", "confidence": -0.525}, {"indices": [92, 113], "inst": "http://dbpedia.org/resource/United_States_Department_of_Justice", "dbpInterestingClasses": "dbpedia-owl:Organisation", "dbpSpecificClasses": "dbpedia-owl:GovernmentAgency", "confidence": -0.75}, {"indices": [133, 163], "inst": "http://dbpedia.org/resource/Utah_Department_of_Corrections", "dbpInterestingClasses": "owl:Thing", "dbpSpecificClasses": "owl:Thing", "confidence": -0.51}, {"indices": [202, 219], "inst": "http://dbpedia.org/resource/Trans_woman", "dbpInterestingClasses": "dbpedia-owl:Person", "dbpSpecificClasses": "dbpedia-owl:Person", "confidence": -0.8116986849697572}, {"indices": [233, 248], "inst": "http://dbpedia.org/resource/Gender_identity", "dbpInterestingClasses": "dbpedia-owl:Person", "dbpSpecificClasses": "dbpedia-owl:Person", "confidence": -0.81}, {"indices": [317, 329], "inst": "http://dbpedia.org/resource/Self-surgery", "dbpInterestingClasses": "owl:Thing", "dbpSpecificClasses": "owl:Thing", "confidence": -0.5990909090909091}]}}