{"text": "Quaker Oats Shutters Danville Plant, 500+ Workers Lose Their Jobs. The Quaker Oats Company announced Wednesday it is permanently closing its factory in Danville, Illinois, with upwards of\u00a0500 employees to be impacted.\nThe post Quaker Oats Shutters Danville Plant, 500+ Workers Lose Their Jobs appeared first on Breitbart.", "entities": {"Mention": [{"indices": [0, 11], "inst": "http://dbpedia.org/resource/Quaker_Oats_Company", "dbpInterestingClasses": "dbpedia-owl:Organisation", "dbpSpecificClasses": "dbpedia-owl:Organisation", "confidence": 0.638}, {"indices": [71, 90], "inst": "http://dbpedia.org/resource/Quaker_Oats_Company", "dbpInterestingClasses": "dbpedia-owl:Organisation", "dbpSpecificClasses": "dbpedia-owl:Organisation", "confidence": 0.8491666666666667}, {"indices": [152, 160], "inst": "http://dbpedia.org/resource/Danville,_Illinois", "dbpInterestingClasses": "dbpedia-owl:PopulatedPlace", "dbpSpecificClasses": "dbpedia-owl:City|dbpedia-owl:AdministrativeRegion", "confidence": 0.5167391304347827}, {"indices": [162, 170], "inst": "http://dbpedia.org/resource/Illinois", "dbpInterestingClasses": "dbpedia-owl:PopulatedPlace", "dbpSpecificClasses": "dbpedia-owl:AdministrativeRegion", "confidence": 0.58}, {"indices": [227, 238], "inst": "http://dbpedia.org/resource/Quaker_Oats_Company", "dbpInterestingClasses": "dbpedia-owl:Organisation", "dbpSpecificClasses": "dbpedia-owl:Organisation", "confidence": 0.638}, {"indices": [311, 320], "inst": "http://dbpedia.org/resource/Andrew_Breitbart", "dbpInterestingClasses": "dbpedia-owl:Person", "dbpSpecificClasses": "dbpedia-owl:Person", "confidence": 0.5250571027850132}]}}