{"text": "Wyoming Bans 'Gender-Reassignment,' Puberty Blocking Procedures for Children. The state of Wyoming has outlawed \"gender-reassignment\" procedures for children in an effort to ban the permanent sterilization of minors.", "entities": {"Mention": [{"indices": [0, 7], "inst": "http://dbpedia.org/resource/Wyoming", "dbpInterestingClasses": "dbpedia-owl:PopulatedPlace", "dbpSpecificClasses": "dbpedia-owl:AdministrativeRegion", "confidence": 0.5807692307692308}, {"indices": [82, 98], "inst": "http://dbpedia.org/resource/Wyoming", "dbpInterestingClasses": "dbpedia-owl:PopulatedPlace", "dbpSpecificClasses": "dbpedia-owl:AdministrativeRegion", "confidence": 0.5986904761904762}]}}