{"text": "A Commitment To Closing Gender Parity In Tech. As we expand the horizon on the responsible use of artificial intelligence (AI), we must also implement policies that prevent gender bias.", "entities": {"Mention": [{"indices": [98, 121], "inst": "http://dbpedia.org/resource/Artificial_intelligence", "dbpInterestingClasses": "dbpedia-owl:Person", "dbpSpecificClasses": "dbpedia-owl:Person|dbpedia-owl:Book", "confidence": 0.514}, {"indices": [173, 184], "inst": "http://dbpedia.org/resource/Sexism", "dbpInterestingClasses": "owl:Thing", "dbpSpecificClasses": "owl:Thing", "confidence": -0.65}]}}