{"text": "Black trans femme artists leading the charge for inclusion and hope. Since 2021, we\u2019ve seen a dramatic rollback of trans rights across the United States. Driven by an intentional far-right and Republican party-aligned misinformation campaign that has inspired political action and violence, it makes clear its purpose: to deny t\u2026", "entities": {"Mention": [{"indices": [179, 188], "inst": "http://dbpedia.org/resource/Far-right_politics", "dbpInterestingClasses": "dbpedia-owl:Person", "dbpSpecificClasses": "dbpedia-owl:Work|dbpedia-owl:Person", "confidence": -0.73}, {"indices": [193, 209], "inst": "http://dbpedia.org/resource/Republican_Party_(United_States)", "dbpInterestingClasses": "dbpedia-owl:Organisation", "dbpSpecificClasses": "dbpedia-owl:PoliticalParty", "confidence": 0.5227272727272727}]}}