{"text": "Pinterest Employees Drive Policy And Benefits Change, Boost Productivity. Here's the story of how a grassroots movement within Pinterest prompted the company to acknowledge the significant influence of caregiver support on productivity and staff retention.", "entities": {"Mention": [{"indices": [0, 9], "inst": "http://dbpedia.org/resource/Pinterest", "dbpInterestingClasses": "dbpedia-owl:Organisation", "dbpSpecificClasses": "dbpedia-owl:Website|dbpedia-owl:Organisation", "confidence": 0.654}, {"indices": [10, 19], "inst": "http://dbpedia.org/resource/Employment", "dbpInterestingClasses": "dbpedia-owl:Person", "dbpSpecificClasses": "dbpedia-owl:Person", "confidence": -0.77}, {"indices": [127, 136], "inst": "http://dbpedia.org/resource/Pinterest", "dbpInterestingClasses": "dbpedia-owl:Organisation", "dbpSpecificClasses": "dbpedia-owl:Website|dbpedia-owl:Organisation", "confidence": 0.51}, {"indices": [240, 255], "inst": "http://dbpedia.org/resource/Employee_retention", "dbpInterestingClasses": "owl:Thing", "dbpSpecificClasses": "owl:Thing", "confidence": -0.73}]}}