{"text": "Sherrod Brown Touts Fentanyl Border Stance Despite Years of Opposing Border Security. Sen. Sherrod Brown (D-OH), who is up for reelection this November, released an ad that touts his efforts to crack down on fentanyl trafficking across the southern border, yet the senator has an extensive history of opposing border security.\nThe post Sherrod B\u2026", "entities": {"Mention": [{"indices": [0, 13], "inst": "http://dbpedia.org/resource/Sherrod_Brown", "dbpInterestingClasses": "dbpedia-owl:Person", "dbpSpecificClasses": "dbpedia-owl:Politician", "confidence": 0.6759999999999999}, {"indices": [51, 56], "inst": "http://dbpedia.org/resource/Year", "dbpInterestingClasses": "dbpedia-owl:Person", "dbpSpecificClasses": "dbpedia-owl:Person", "confidence": -0.76}, {"indices": [86, 104], "inst": "http://dbpedia.org/resource/Sherrod_Brown", "dbpInterestingClasses": "dbpedia-owl:Person", "dbpSpecificClasses": "dbpedia-owl:Politician", "confidence": 0.7395}]}}