{"text": "Yes, J.K. Rowling, the Nazis persecuted trans people, burned books. J.K. Rowling, well known for her anti-transgender stances, recently questioned a social media post that said Germany\u2019s Nazi regime burned books on trans health care, suggesting it might be a \u201cfever dream\u201d and that the poster should do some fact-checking. Well\u2026", "entities": {"Mention": [{"indices": [5, 17], "inst": "http://dbpedia.org/resource/J._K._Rowling", "dbpInterestingClasses": "dbpedia-owl:Person", "dbpSpecificClasses": "dbpedia-owl:Writer", "confidence": 0.8075}, {"indices": [23, 28], "inst": "http://dbpedia.org/resource/Nazism", "dbpInterestingClasses": "dbpedia-owl:Person", "dbpSpecificClasses": "dbpedia-owl:Person|dbpedia-owl:Book", "confidence": -0.69}, {"indices": [68, 80], "inst": "http://dbpedia.org/resource/J._K._Rowling", "dbpInterestingClasses": "dbpedia-owl:Person", "dbpSpecificClasses": "dbpedia-owl:Writer", "confidence": 0.8075}, {"indices": [149, 161], "inst": "http://dbpedia.org/resource/Social_media", "dbpInterestingClasses": "", "dbpSpecificClasses": "dbpedia-owl:Book", "confidence": -0.78}, {"indices": [177, 186], "inst": "http://dbpedia.org/resource/German_Empire", "dbpInterestingClasses": "dbpedia-owl:PopulatedPlace|dbpedia-owl:Person", "dbpSpecificClasses": "dbpedia-owl:Country|dbpedia-owl:Territory|dbpedia-owl:Person", "confidence": -0.72}, {"indices": [187, 198], "inst": "http://dbpedia.org/resource/Nazi_Germany", "dbpInterestingClasses": "dbpedia-owl:PopulatedPlace|dbpedia-owl:Person", "dbpSpecificClasses": "dbpedia-owl:Country|dbpedia-owl:Territory|dbpedia-owl:Person|dbpedia-owl:Book", "confidence": -0.565}]}}