{"text": "Saturday Conversation: Gary Clark On George Clinton, Dave Grohl, More. Gary Clark Jr's 'JPEG RAW' is an early album of the year candidate. We spoke with the Austin guitar hero about the new album, his creative process and much more.", "entities": {"Mention": [{"indices": [37, 51], "inst": "http://dbpedia.org/resource/George_Clinton_(musician)", "dbpInterestingClasses": "dbpedia-owl:Person", "dbpSpecificClasses": "dbpedia-owl:MusicalArtist", "confidence": -0.59}, {"indices": [53, 63], "inst": "http://dbpedia.org/resource/Dave_Grohl", "dbpInterestingClasses": "dbpedia-owl:Person", "dbpSpecificClasses": "dbpedia-owl:Singer", "confidence": 0.58}, {"indices": [71, 84], "inst": "http://dbpedia.org/resource/Gary_Clark,_Jr.", "dbpInterestingClasses": "dbpedia-owl:Person", "dbpSpecificClasses": "dbpedia-owl:Artist", "confidence": 0.762}, {"indices": [157, 163], "inst": "http://dbpedia.org/resource/Austin,_Texas", "dbpInterestingClasses": "dbpedia-owl:PopulatedPlace", "dbpSpecificClasses": "dbpedia-owl:City|dbpedia-owl:AdministrativeRegion", "confidence": -0.58}, {"indices": [164, 175], "inst": "http://dbpedia.org/resource/Guitar_Hero", "dbpInterestingClasses": "", "dbpSpecificClasses": "dbpedia-owl:VideoGame", "confidence": -0.74}]}}