{"text": "Planet-Eating Stars Are Surprisingly Common, New Study Suggests. At least one in a dozen binary stars shows signs of eating their planets", "entities": {"Mention": [{"indices": [14, 19], "inst": "http://dbpedia.org/resource/Star", "dbpInterestingClasses": "dbpedia-owl:Person", "dbpSpecificClasses": "dbpedia-owl:Person", "confidence": -0.75}, {"indices": [89, 101], "inst": "http://dbpedia.org/resource/Binary_star", "dbpInterestingClasses": "dbpedia-owl:Person", "dbpSpecificClasses": "dbpedia-owl:Person", "confidence": 0.513}]}}