{"text": "Play To Win: Serena Williams Invested In 14 Unicorn Companies. The success of Serena\u2019s investment strategy clearly shows that investing in female and underrepresented founders is beneficial.", "entities": {"Mention": [{"indices": [13, 28], "inst": "http://dbpedia.org/resource/Serena_Williams", "dbpInterestingClasses": "dbpedia-owl:Person", "dbpSpecificClasses": "dbpedia-owl:TennisPlayer|dbpedia-owl:Book", "confidence": 0.51}, {"indices": [29, 40], "inst": "http://dbpedia.org/resource/Madoff_investment_scandal", "dbpInterestingClasses": "dbpedia-owl:Person", "dbpSpecificClasses": "dbpedia-owl:Criminal", "confidence": 0.5211904761904762}, {"indices": [44, 51], "inst": "http://dbpedia.org/resource/Unicorn", "dbpInterestingClasses": "owl:Thing", "dbpSpecificClasses": "owl:Thing", "confidence": -0.75}, {"indices": [87, 106], "inst": "http://dbpedia.org/resource/Investment_strategy", "dbpInterestingClasses": "owl:Thing", "dbpSpecificClasses": "owl:Thing", "confidence": -0.7466666666666667}]}}