{"text": "Schumer rejects Netanyahu's request to talk to Democrats as Israeli leader addresses GOP. Sen. Chuck Schumer rejected Benjamin Netanyahu's request to speak to Democrats as the Israel Prime Minister addressed Senate Republicans.", "entities": {"Mention": [{"indices": [0, 7], "inst": "http://dbpedia.org/resource/Chuck_Schumer", "dbpInterestingClasses": "dbpedia-owl:Person", "dbpSpecificClasses": "dbpedia-owl:Politician", "confidence": 0.615}, {"indices": [16, 25], "inst": "http://dbpedia.org/resource/Benjamin_Netanyahu", "dbpInterestingClasses": "dbpedia-owl:Person", "dbpSpecificClasses": "dbpedia-owl:President", "confidence": -0.5094313153990573}, {"indices": [47, 56], "inst": "http://dbpedia.org/resource/Democratic_Party_(United_States)", "dbpInterestingClasses": "dbpedia-owl:Organisation|dbpedia-owl:Person", "dbpSpecificClasses": "dbpedia-owl:PoliticalParty|dbpedia-owl:Person", "confidence": 0.5100000000000006}, {"indices": [85, 88], "inst": "http://dbpedia.org/resource/Republican_Party_(United_States)", "dbpInterestingClasses": "dbpedia-owl:Organisation", "dbpSpecificClasses": "dbpedia-owl:PoliticalParty", "confidence": 0.6100000000000005}, {"indices": [118, 138], "inst": "http://dbpedia.org/resource/Benjamin_Netanyahu", "dbpInterestingClasses": "dbpedia-owl:Person", "dbpSpecificClasses": "dbpedia-owl:President", "confidence": 0.5591904761904762}, {"indices": [159, 168], "inst": "http://dbpedia.org/resource/Democratic_Party_(United_States)", "dbpInterestingClasses": "dbpedia-owl:Organisation|dbpedia-owl:Person", "dbpSpecificClasses": "dbpedia-owl:PoliticalParty|dbpedia-owl:Person", "confidence": 0.5100000000000006}, {"indices": [176, 182], "inst": "http://dbpedia.org/resource/Israel", "dbpInterestingClasses": "dbpedia-owl:PopulatedPlace", "dbpSpecificClasses": "dbpedia-owl:Country", "confidence": 0.63}, {"indices": [215, 226], "inst": "http://dbpedia.org/resource/Republican_Party_(United_States)", "dbpInterestingClasses": "dbpedia-owl:Organisation", "dbpSpecificClasses": "dbpedia-owl:PoliticalParty", "confidence": -0.53}]}}