{"text": "Detransitioner Crashes Disney Shareholder Meeting, Blames Company for Her Body Being \u2018Irreversibly Damaged\u2019. A former transgender person who has detransitioned crashed Disney's shareholder meeting on Wednesday by calling into the public line and accusing the studio of pressuring young girls into undergoing sex-change procedures.\nThe post Detransitioner Crashes Disne\u2026", "entities": {"Mention": [{"indices": [23, 29], "inst": "http://dbpedia.org/resource/The_Walt_Disney_Company", "dbpInterestingClasses": "dbpedia-owl:Organisation", "dbpSpecificClasses": "dbpedia-owl:Organisation", "confidence": 0.57}, {"indices": [30, 49], "inst": "http://dbpedia.org/resource/Shareholder_Meeting", "dbpInterestingClasses": "", "dbpSpecificClasses": "dbpedia-owl:TelevisionEpisode", "confidence": -0.87}, {"indices": [51, 57], "inst": "http://dbpedia.org/resource/Blame", "dbpInterestingClasses": "owl:Thing", "dbpSpecificClasses": "owl:Thing", "confidence": -0.7778095238095238}, {"indices": [168, 176], "inst": "http://dbpedia.org/resource/The_Walt_Disney_Company", "dbpInterestingClasses": "dbpedia-owl:Organisation", "dbpSpecificClasses": "dbpedia-owl:Organisation", "confidence": -0.5557142857142856}]}}