{"text": "'Lempicka' showcases a little-known queer artist's dazzling life. Once the toast of 1920s Paris, Tamara de Lempicka's story is now on Broadway. She was a modernist art deco artist who's better known in Europe than in the U.S.", "entities": {"Mention": [{"indices": [90, 95], "inst": "http://dbpedia.org/resource/Paris", "dbpInterestingClasses": "dbpedia-owl:PopulatedPlace", "dbpSpecificClasses": "dbpedia-owl:GovernmentalAdministrativeRegion", "confidence": -0.53}, {"indices": [97, 115], "inst": "http://dbpedia.org/resource/Tamara_de_Lempicka", "dbpInterestingClasses": "dbpedia-owl:Person", "dbpSpecificClasses": "dbpedia-owl:Painter", "confidence": 0.8908333333333333}, {"indices": [154, 167], "inst": "http://dbpedia.org/resource/Modern_art", "dbpInterestingClasses": "owl:Thing", "dbpSpecificClasses": "owl:Thing", "confidence": -0.869788887906401}, {"indices": [202, 208], "inst": "http://dbpedia.org/resource/Europe", "dbpInterestingClasses": "dbpedia-owl:PopulatedPlace|dbpedia-owl:Person", "dbpSpecificClasses": "dbpedia-owl:Continent|dbpedia-owl:Person", "confidence": 0.52}]}}