{"text": "Puberty blockers: What to know about the lifesaving medication for gender diverse kids | CNN. England\u2019s National Health Service will stop prescribing puberty blockers to kids with gender dysphoria or incongruence. Here\u2019s what to know about the medicine.", "entities": {"Mention": [{"indices": [0, 16], "inst": "http://dbpedia.org/resource/Puberty_blocker", "dbpInterestingClasses": "owl:Thing", "dbpSpecificClasses": "owl:Thing", "confidence": -0.8183333333333335}, {"indices": [89, 92], "inst": "http://dbpedia.org/resource/CNN", "dbpInterestingClasses": "dbpedia-owl:Organisation|dbpedia-owl:Person", "dbpSpecificClasses": "dbpedia-owl:TelevisionStation|dbpedia-owl:Person", "confidence": -0.69}, {"indices": [94, 103], "inst": "http://dbpedia.org/resource/England", "dbpInterestingClasses": "dbpedia-owl:PopulatedPlace", "dbpSpecificClasses": "dbpedia-owl:Country|dbpedia-owl:AdministrativeRegion", "confidence": 0.5350000000000006}, {"indices": [104, 127], "inst": "http://dbpedia.org/resource/National_Health_Service", "dbpInterestingClasses": "dbpedia-owl:Organisation", "dbpSpecificClasses": "dbpedia-owl:GovernmentAgency", "confidence": -0.6}, {"indices": [150, 166], "inst": "http://dbpedia.org/resource/Puberty_blocker", "dbpInterestingClasses": "owl:Thing", "dbpSpecificClasses": "owl:Thing", "confidence": -0.8183333333333335}, {"indices": [180, 196], "inst": "http://dbpedia.org/resource/Gender_dysphoria", "dbpInterestingClasses": "", "dbpSpecificClasses": "dbpedia-owl:Disease", "confidence": -0.63}]}}