{"text": "Tennessee lawmakers send bill to ban first-cousin marriages to governor. The Republican-led Tennessee Legislature has overwhelmingly voted to send GOP Gov. Bill Lee a proposal that would ban marriage between first cousins.", "entities": {"Mention": [{"indices": [0, 9], "inst": "http://dbpedia.org/resource/Tennessee", "dbpInterestingClasses": "dbpedia-owl:PopulatedPlace", "dbpSpecificClasses": "dbpedia-owl:AdministrativeRegion", "confidence": -0.5092307692307692}, {"indices": [77, 91], "inst": "http://dbpedia.org/resource/Republican_Party_(United_States)", "dbpInterestingClasses": "dbpedia-owl:Organisation", "dbpSpecificClasses": "dbpedia-owl:PoliticalParty", "confidence": 0.6396666666666673}, {"indices": [92, 101], "inst": "http://dbpedia.org/resource/Tennessee", "dbpInterestingClasses": "dbpedia-owl:PopulatedPlace", "dbpSpecificClasses": "dbpedia-owl:AdministrativeRegion", "confidence": -0.64}, {"indices": [102, 113], "inst": "http://dbpedia.org/resource/Legislature", "dbpInterestingClasses": "dbpedia-owl:Person", "dbpSpecificClasses": "dbpedia-owl:Person", "confidence": -0.7566666666666667}, {"indices": [147, 150], "inst": "http://dbpedia.org/resource/Republican_Party_(United_States)", "dbpInterestingClasses": "dbpedia-owl:Organisation", "dbpSpecificClasses": "dbpedia-owl:PoliticalParty", "confidence": 0.6100000000000005}, {"indices": [191, 221], "inst": "http://dbpedia.org/resource/Cousin_marriage", "dbpInterestingClasses": "owl:Thing", "dbpSpecificClasses": "owl:Thing", "confidence": -0.5661428571428572}]}}