{"text": "Donald Trump Jr. on Easter Egg Roll Delayed for Lighting, Thunder: 'Has to Be a Sign from God!'. Donald Trump Jr. is among those who remarked on the ominous weather conditions ahead of the White House Easter Egg Roll, causing a delay as he openly wondered if it is a sign from God.\nThe post Donald Trump Jr. on Easter Egg Roll Delayed for Lighting, Thunder\u2026", "entities": {"Mention": [{"indices": [0, 15], "inst": "http://dbpedia.org/resource/Donald_Trump,_Jr.", "dbpInterestingClasses": "dbpedia-owl:Person", "dbpSpecificClasses": "dbpedia-owl:Person", "confidence": 0.7005}, {"indices": [90, 93], "inst": "http://dbpedia.org/resource/God", "dbpInterestingClasses": "dbpedia-owl:Person", "dbpSpecificClasses": "dbpedia-owl:Book|dbpedia-owl:Person", "confidence": -0.71}, {"indices": [97, 112], "inst": "http://dbpedia.org/resource/Donald_Trump,_Jr.", "dbpInterestingClasses": "dbpedia-owl:Person", "dbpSpecificClasses": "dbpedia-owl:Person", "confidence": 0.7005}, {"indices": [189, 200], "inst": "http://dbpedia.org/resource/White_House", "dbpInterestingClasses": "", "dbpSpecificClasses": "dbpedia-owl:Building|dbpedia-owl:Monument", "confidence": -0.67}, {"indices": [277, 280], "inst": "http://dbpedia.org/resource/God", "dbpInterestingClasses": "dbpedia-owl:Person", "dbpSpecificClasses": "dbpedia-owl:Book|dbpedia-owl:Person", "confidence": -0.71}, {"indices": [291, 306], "inst": "http://dbpedia.org/resource/Donald_Trump,_Jr.", "dbpInterestingClasses": "dbpedia-owl:Person", "dbpSpecificClasses": "dbpedia-owl:Person", "confidence": 0.7005}]}}