{"text": "Texas appeals court blocks state from investigating families seeking gender-affirming care for trans youth | CNN. A Texas appeals court upheld two injunctions in a pair of legal cases Friday, in an order blocking the state\u2019s Department of Family and Protective Services from investigating families of transgender youth who are seeking gender-affirming medical care for thei\u2026", "entities": {"Mention": [{"indices": [0, 5], "inst": "http://dbpedia.org/resource/Texas", "dbpInterestingClasses": "dbpedia-owl:PopulatedPlace|dbpedia-owl:Person", "dbpSpecificClasses": "dbpedia-owl:AdministrativeRegion|dbpedia-owl:Person", "confidence": -0.58}, {"indices": [109, 112], "inst": "http://dbpedia.org/resource/CNN", "dbpInterestingClasses": "dbpedia-owl:Organisation|dbpedia-owl:Person", "dbpSpecificClasses": "dbpedia-owl:TelevisionStation|dbpedia-owl:Person", "confidence": -0.69}, {"indices": [116, 121], "inst": "http://dbpedia.org/resource/Texas", "dbpInterestingClasses": "dbpedia-owl:PopulatedPlace|dbpedia-owl:Person", "dbpSpecificClasses": "dbpedia-owl:AdministrativeRegion|dbpedia-owl:Person", "confidence": -0.58}, {"indices": [239, 245], "inst": "http://dbpedia.org/resource/Family_(biology)", "dbpInterestingClasses": "dbpedia-owl:Person", "dbpSpecificClasses": "dbpedia-owl:Person", "confidence": -0.69}]}}