{"text": "Hannity: 'Biden Plans to Lie, Smear, Slander, Besmirch His Way into a Second Term'. During his Friday opening monologue, FNC's host Sean Hannity predicted President Joe Biden would not try to win reelection on the merits of his candidacy or his first-term track record.\nThe post Hannity: \u2018Biden Plans to Lie, Smear, Slander, Besmirch His Way i\u2026", "entities": {"Mention": [{"indices": [0, 7], "inst": "http://dbpedia.org/resource/Hannity", "dbpInterestingClasses": "", "dbpSpecificClasses": "dbpedia-owl:TelevisionShow", "confidence": -0.7166666666666667}, {"indices": [10, 15], "inst": "http://dbpedia.org/resource/Joe_Biden", "dbpInterestingClasses": "dbpedia-owl:Person", "dbpSpecificClasses": "dbpedia-owl:President|dbpedia-owl:VicePresident", "confidence": 0.58}, {"indices": [37, 44], "inst": "http://dbpedia.org/resource/Defamation", "dbpInterestingClasses": "dbpedia-owl:Person", "dbpSpecificClasses": "dbpedia-owl:Person", "confidence": 0.585}, {"indices": [121, 124], "inst": "http://dbpedia.org/resource/Fox_News_Channel", "dbpInterestingClasses": "dbpedia-owl:Organisation", "dbpSpecificClasses": "dbpedia-owl:TelevisionStation", "confidence": -0.5509127968805387}, {"indices": [132, 144], "inst": "http://dbpedia.org/resource/Sean_Hannity", "dbpInterestingClasses": "dbpedia-owl:Person", "dbpSpecificClasses": "dbpedia-owl:Person", "confidence": 0.74}, {"indices": [165, 174], "inst": "http://dbpedia.org/resource/Joe_Biden", "dbpInterestingClasses": "dbpedia-owl:Person", "dbpSpecificClasses": "dbpedia-owl:President|dbpedia-owl:VicePresident", "confidence": 0.73}, {"indices": [279, 286], "inst": "http://dbpedia.org/resource/Hannity", "dbpInterestingClasses": "", "dbpSpecificClasses": "dbpedia-owl:TelevisionShow", "confidence": -0.7166666666666667}, {"indices": [289, 294], "inst": "http://dbpedia.org/resource/Joe_Biden", "dbpInterestingClasses": "dbpedia-owl:Person", "dbpSpecificClasses": "dbpedia-owl:President|dbpedia-owl:VicePresident", "confidence": 0.58}, {"indices": [316, 323], "inst": "http://dbpedia.org/resource/Defamation", "dbpInterestingClasses": "dbpedia-owl:Person", "dbpSpecificClasses": "dbpedia-owl:Person", "confidence": 0.585}]}}