{"text": "Small-college association bans all transgender women from women's sports. The National Association of Intercollegiate Athletics, which represents small colleges and universities, has barred transgender women from participating in women\u2019s sports.", "entities": {"Mention": [{"indices": [35, 52], "inst": "http://dbpedia.org/resource/Trans_woman", "dbpInterestingClasses": "dbpedia-owl:Person", "dbpSpecificClasses": "dbpedia-owl:Person", "confidence": -0.8116986849697572}, {"indices": [78, 127], "inst": "http://dbpedia.org/resource/National_Association_of_Intercollegiate_Athletics", "dbpInterestingClasses": "dbpedia-owl:Organisation|dbpedia-owl:Person", "dbpSpecificClasses": "dbpedia-owl:Organisation|dbpedia-owl:Person", "confidence": 0.6466666666666666}, {"indices": [190, 207], "inst": "http://dbpedia.org/resource/Trans_woman", "dbpInterestingClasses": "dbpedia-owl:Person", "dbpSpecificClasses": "dbpedia-owl:Person", "confidence": -0.8116986849697572}]}}