{"text": "Google now restricting queries to its AI chatbot Gemini related to elections. Big Tech company and search giant Google has confirmed that it will begin rolling out restrictions on its artificial intelligence-powered chatbot, Gemini, specifically to limit providing answers about election-related queries globally. This update to Gemini i\u2026", "entities": {"Mention": [{"indices": [0, 10], "inst": "http://dbpedia.org/resource/Google_Now", "dbpInterestingClasses": "", "dbpSpecificClasses": "dbpedia-owl:Software", "confidence": -0.63}, {"indices": [38, 48], "inst": "http://dbpedia.org/resource/Chatterbot", "dbpInterestingClasses": "owl:Thing", "dbpSpecificClasses": "owl:Thing", "confidence": -0.5088095238095238}, {"indices": [112, 118], "inst": "http://dbpedia.org/resource/Google", "dbpInterestingClasses": "dbpedia-owl:Organisation", "dbpSpecificClasses": "dbpedia-owl:Organisation", "confidence": 0.67}, {"indices": [184, 207], "inst": "http://dbpedia.org/resource/Artificial_intelligence", "dbpInterestingClasses": "dbpedia-owl:Person", "dbpSpecificClasses": "dbpedia-owl:Person|dbpedia-owl:Book", "confidence": 0.514}]}}