{"text": "Empowering Female Leaders Of The Future Will Create A Better World. We can all make an effort to be aware and challenge our assumptions and biases.", "entities": {"Mention": [{"indices": [11, 17], "inst": "http://dbpedia.org/resource/Female", "dbpInterestingClasses": "owl:Thing", "dbpSpecificClasses": "owl:Thing", "confidence": -0.82}, {"indices": [26, 39], "inst": "http://dbpedia.org/resource/Future_history", "dbpInterestingClasses": "", "dbpSpecificClasses": "dbpedia-owl:Book", "confidence": -0.7821428571428571}]}}