{"text": "Democrat Rep Sheila Jackson Lee tells students the moon is \u2018made up mostly of gases\u2019. Congressional Rep. Sheila Jackson Lee (D-TX) told students during a ceremony that the moon is \u201cmade up mostly of gases\u201d the same day of the recent solar eclipse. (Article by\u00a0Thomas Stevenson republished from ThePostMillennial.com) The\u00a0former member of the Sci\u2026", "entities": {"Mention": [{"indices": [0, 8], "inst": "http://dbpedia.org/resource/Democratic_Party_(United_States)", "dbpInterestingClasses": "dbpedia-owl:Organisation|dbpedia-owl:Person", "dbpSpecificClasses": "dbpedia-owl:PoliticalParty|dbpedia-owl:Person", "confidence": -0.59}, {"indices": [9, 12], "inst": "http://dbpedia.org/resource/Republican_Party_(United_States)", "dbpInterestingClasses": "dbpedia-owl:Organisation", "dbpSpecificClasses": "dbpedia-owl:PoliticalParty", "confidence": -0.6238461538461538}, {"indices": [13, 31], "inst": "http://dbpedia.org/resource/Sheila_Jackson_Lee", "dbpInterestingClasses": "dbpedia-owl:Person", "dbpSpecificClasses": "dbpedia-owl:Politician", "confidence": 0.8491666666666667}, {"indices": [100, 123], "inst": "http://dbpedia.org/resource/Sheila_Jackson_Lee", "dbpInterestingClasses": "dbpedia-owl:Person", "dbpSpecificClasses": "dbpedia-owl:Politician", "confidence": 0.635357142857143}, {"indices": [233, 246], "inst": "http://dbpedia.org/resource/Solar_eclipse", "dbpInterestingClasses": "dbpedia-owl:Person", "dbpSpecificClasses": "dbpedia-owl:Person", "confidence": -0.51}, {"indices": [260, 276], "inst": "http://dbpedia.org/resource/Thomas_Stevenson", "dbpInterestingClasses": "dbpedia-owl:Person", "dbpSpecificClasses": "dbpedia-owl:Person", "confidence": 0.6688461538461539}]}}