{"text": "Linda Bean, an entrepreneur, GOP activist and granddaughter of retailer LL Bean, dies at 82. Linda L. Bean, a granddaughter of famed outdoor retailer L.L.", "entities": {"Mention": [{"indices": [0, 10], "inst": "http://dbpedia.org/resource/Linda_Bean", "dbpInterestingClasses": "dbpedia-owl:Person", "dbpSpecificClasses": "dbpedia-owl:Person", "confidence": 0.8566666666666667}, {"indices": [29, 32], "inst": "http://dbpedia.org/resource/Republican_Party_(United_States)", "dbpInterestingClasses": "dbpedia-owl:Organisation", "dbpSpecificClasses": "dbpedia-owl:PoliticalParty", "confidence": 0.5900000000000005}, {"indices": [72, 79], "inst": "http://dbpedia.org/resource/L.L.Bean", "dbpInterestingClasses": "dbpedia-owl:Organisation", "dbpSpecificClasses": "dbpedia-owl:Organisation", "confidence": 0.8153333333333334}, {"indices": [99, 101], "inst": "http://dbpedia.org/resource/Carl_Linnaeus", "dbpInterestingClasses": "dbpedia-owl:Person", "dbpSpecificClasses": "dbpedia-owl:Scientist", "confidence": -0.61}]}}