{"text": "Delsey Paris Launches A Colorful Luggage Collab With Benetton. These Easter egg-colored spinner suitcases have hatched just in time for spring.", "entities": {"Mention": [{"indices": [0, 6], "inst": "http://dbpedia.org/resource/Delsey", "dbpInterestingClasses": "dbpedia-owl:Organisation", "dbpSpecificClasses": "dbpedia-owl:Organisation", "confidence": 0.575}, {"indices": [7, 12], "inst": "http://dbpedia.org/resource/Paris", "dbpInterestingClasses": "dbpedia-owl:PopulatedPlace", "dbpSpecificClasses": "dbpedia-owl:GovernmentalAdministrativeRegion", "confidence": -0.53}, {"indices": [33, 40], "inst": "http://dbpedia.org/resource/Baggage", "dbpInterestingClasses": "owl:Thing", "dbpSpecificClasses": "owl:Thing", "confidence": -0.8}, {"indices": [53, 61], "inst": "http://dbpedia.org/resource/Benetton_Formula", "dbpInterestingClasses": "dbpedia-owl:SportsTeam", "dbpSpecificClasses": "dbpedia-owl:SportsTeam", "confidence": -0.73}]}}