{"text": "North Carolina superintendent race reignites controversial debate over cameras in classrooms. The controversial issue of whether to require cameras in classrooms has emerged as a flashpoint in the politically charged race to be the top public education official in North Carolina.", "entities": {"Mention": [{"indices": [0, 14], "inst": "http://dbpedia.org/resource/North_Carolina", "dbpInterestingClasses": "dbpedia-owl:PopulatedPlace", "dbpSpecificClasses": "dbpedia-owl:AdministrativeRegion", "confidence": 0.52}, {"indices": [265, 279], "inst": "http://dbpedia.org/resource/North_Carolina", "dbpInterestingClasses": "dbpedia-owl:PopulatedPlace", "dbpSpecificClasses": "dbpedia-owl:AdministrativeRegion", "confidence": 0.52}]}}