{"text": "Since 2000 Women Now Play A Big Role In American Wine Making: An Interview With The Women Of Cakebread Cellars, Part One. Three young women who work as winemakers for Cakebread Cellars are ninth vanguard of a generation of their peers.", "entities": {"Mention": [{"indices": [40, 53], "inst": "http://dbpedia.org/resource/American_wine", "dbpInterestingClasses": "", "dbpSpecificClasses": "dbpedia-owl:Work", "confidence": -0.6657575757575758}, {"indices": [93, 110], "inst": "http://dbpedia.org/resource/Cakebread_Cellars", "dbpInterestingClasses": "dbpedia-owl:Organisation", "dbpSpecificClasses": "dbpedia-owl:Winery", "confidence": -0.6983333333333334}, {"indices": [167, 184], "inst": "http://dbpedia.org/resource/Cakebread_Cellars", "dbpInterestingClasses": "dbpedia-owl:Organisation", "dbpSpecificClasses": "dbpedia-owl:Winery", "confidence": -0.5683333333333334}]}}