{"text": "Gender discontent is just a phase for most kids, a new study shows. Will transition pushers leave those kids alone?. \u2018Progressive\u2019 educators seem hell-bent on turning a passing state of confusion into irreversible decisions many come to regret Read Full Article at RT.com", "entities": {"Mention": [{"indices": [249, 261], "inst": "http://dbpedia.org/resource/Unified_English_Braille", "dbpInterestingClasses": "owl:Thing", "dbpSpecificClasses": "owl:Thing", "confidence": -0.865}, {"indices": [265, 271], "inst": "http://dbpedia.org/resource/RT_(TV_network)", "dbpInterestingClasses": "dbpedia-owl:Organisation|dbpedia-owl:Person", "dbpSpecificClasses": "dbpedia-owl:TelevisionStation|dbpedia-owl:Person|dbpedia-owl:BroadcastNetwork", "confidence": 0.5546904761904762}]}}