{"text": "Women in the C-suite decline for first time since 2005, study finds. For the first time in nearly two decades, the percentage of women in the C-suite at publicly traded US companies has dropped.", "entities": {"Mention": [{"indices": [13, 20], "inst": "http://dbpedia.org/resource/Corporate_title", "dbpInterestingClasses": "owl:Thing", "dbpSpecificClasses": "owl:Thing", "confidence": -0.6006666666666667}, {"indices": [142, 149], "inst": "http://dbpedia.org/resource/Corporate_title", "dbpInterestingClasses": "owl:Thing", "dbpSpecificClasses": "owl:Thing", "confidence": -0.6006666666666667}]}}