{"text": "Riots erupt after mayoral vote in T\u00fcrkiye (VIDEOS). Nearly 90 people have been detained during post-election riots in T\u00fcrkiye Read Full Article at RT.com", "entities": {"Mention": [{"indices": [95, 114], "inst": "http://dbpedia.org/resource/April_2009_Moldovan_parliamentary_election_protests", "dbpInterestingClasses": "owl:Thing", "dbpSpecificClasses": "owl:Thing", "confidence": -0.6028095238095239}, {"indices": [118, 125], "inst": "http://dbpedia.org/resource/Turkey", "dbpInterestingClasses": "dbpedia-owl:PopulatedPlace", "dbpSpecificClasses": "dbpedia-owl:Country", "confidence": -0.6030159158194411}, {"indices": [131, 143], "inst": "http://dbpedia.org/resource/Unified_English_Braille", "dbpInterestingClasses": "owl:Thing", "dbpSpecificClasses": "owl:Thing", "confidence": -0.865}, {"indices": [147, 153], "inst": "http://dbpedia.org/resource/RT_(TV_network)", "dbpInterestingClasses": "dbpedia-owl:Organisation|dbpedia-owl:Person", "dbpSpecificClasses": "dbpedia-owl:TelevisionStation|dbpedia-owl:Person|dbpedia-owl:BroadcastNetwork", "confidence": 0.5546904761904762}]}}