{"text": "Women Athletes Are Changing The Culture Of Fan Engagement. The surge in social media usage has ushered in a new era of fandom, for which women athletes such as Angel Reese and  Caitlin Clark have been uniquely poised to thrive.", "entities": {"Mention": [{"indices": [32, 42], "inst": "http://dbpedia.org/resource/Culture_of_Tonga", "dbpInterestingClasses": "owl:Thing", "dbpSpecificClasses": "owl:Thing", "confidence": -0.835}, {"indices": [72, 84], "inst": "http://dbpedia.org/resource/Social_media", "dbpInterestingClasses": "", "dbpSpecificClasses": "dbpedia-owl:Book", "confidence": -0.78}]}}