{"text": "Mary &amp; George's Julianne Moore on Mary's sexual fluidity and queer relationship. Queen Elizabeth I was dubbed the \u201cVirgin Queen,\u201d but under her successor King James I, the court became a hotbed of sexual fluidity, as depicted in Mary &amp; George on STARZ. The addicting Jacobean romp about one of James\u2019s favorites, George Villiers, and his ca\u2026", "entities": {"Mention": [{"indices": [20, 34], "inst": "http://dbpedia.org/resource/Julianne_Moore", "dbpInterestingClasses": "dbpedia-owl:Person", "dbpSpecificClasses": "dbpedia-owl:Actor", "confidence": 0.81}, {"indices": [38, 44], "inst": "http://dbpedia.org/resource/Mary_(mother_of_Jesus)", "dbpInterestingClasses": "dbpedia-owl:Person", "dbpSpecificClasses": "dbpedia-owl:Saint|dbpedia-owl:Book", "confidence": -0.6132949308755754}, {"indices": [85, 102], "inst": "http://dbpedia.org/resource/Elizabeth_I_of_England", "dbpInterestingClasses": "dbpedia-owl:Person", "dbpSpecificClasses": "dbpedia-owl:Monarch|dbpedia-owl:Politician|dbpedia-owl:Family", "confidence": 0.584}, {"indices": [119, 131], "inst": "http://dbpedia.org/resource/Elizabeth_I_of_England", "dbpInterestingClasses": "dbpedia-owl:Person", "dbpSpecificClasses": "dbpedia-owl:Monarch|dbpedia-owl:Politician|dbpedia-owl:Family", "confidence": -0.6042857142857142}, {"indices": [158, 170], "inst": "http://dbpedia.org/resource/James_VI_and_I", "dbpInterestingClasses": "dbpedia-owl:Person", "dbpSpecificClasses": "dbpedia-owl:Monarch|dbpedia-owl:Family", "confidence": 0.5596000000000001}, {"indices": [275, 283], "inst": "http://dbpedia.org/resource/Jacobean_architecture", "dbpInterestingClasses": "owl:Thing", "dbpSpecificClasses": "owl:Thing", "confidence": -0.86}, {"indices": [302, 309], "inst": "http://dbpedia.org/resource/James_II_of_England", "dbpInterestingClasses": "dbpedia-owl:Person", "dbpSpecificClasses": "dbpedia-owl:Monarch|dbpedia-owl:Family", "confidence": 0.5267496159754225}]}}