{"text": "Netflix Charts: Regina King's Historical Drama On Shirley Chisholm\u2014First Black Congresswoman\u2014Breaks Through. \u201cShirley,\u201d a biographical historical drama, was the seventh most-watched Netflix movie last week.", "entities": {"Mention": [{"indices": [0, 7], "inst": "http://dbpedia.org/resource/Netflix", "dbpInterestingClasses": "dbpedia-owl:Organisation", "dbpSpecificClasses": "dbpedia-owl:Organisation", "confidence": 0.69}, {"indices": [16, 27], "inst": "http://dbpedia.org/resource/Regina_King", "dbpInterestingClasses": "dbpedia-owl:Person", "dbpSpecificClasses": "dbpedia-owl:Actor", "confidence": 0.8325}, {"indices": [50, 66], "inst": "http://dbpedia.org/resource/Shirley_Chisholm", "dbpInterestingClasses": "dbpedia-owl:Person", "dbpSpecificClasses": "dbpedia-owl:Politician", "confidence": 0.875}, {"indices": [73, 78], "inst": "http://dbpedia.org/resource/Race_and_ethnicity_in_the_United_States_Census", "dbpInterestingClasses": "owl:Thing", "dbpSpecificClasses": "owl:Thing", "confidence": -0.73}, {"indices": [182, 189], "inst": "http://dbpedia.org/resource/Netflix", "dbpInterestingClasses": "dbpedia-owl:Organisation", "dbpSpecificClasses": "dbpedia-owl:Organisation", "confidence": 0.69}]}}