{"text": "What To Take Away From NBC\u2019s Hire And Fire Of Ronna McDaniel. NBC reversed itself on the hiring of Ronna McDaniel after the network\u2019s top anchors mounted a revolt on air.  We need a pro-democracy standard.", "entities": {"Mention": [{"indices": [23, 28], "inst": "http://dbpedia.org/resource/NBC", "dbpInterestingClasses": "dbpedia-owl:Organisation", "dbpSpecificClasses": "dbpedia-owl:BroadcastNetwork|dbpedia-owl:TelevisionStation", "confidence": 0.6266666666666667}, {"indices": [62, 65], "inst": "http://dbpedia.org/resource/NBC", "dbpInterestingClasses": "dbpedia-owl:Organisation", "dbpSpecificClasses": "dbpedia-owl:BroadcastNetwork|dbpedia-owl:TelevisionStation", "confidence": -0.55}]}}