{"text": "Muslims in India voice concerns that new citizenship law could further marginalize them. India's recent implementation of a citizenship law has sparked controversy due to its exclusion of Muslims, raising concerns about a Hindu nationalist agenda.", "entities": {"Mention": [{"indices": [0, 16], "inst": "http://dbpedia.org/resource/Islam_in_India", "dbpInterestingClasses": "owl:Thing", "dbpSpecificClasses": "owl:Thing", "confidence": -0.6828095238095238}, {"indices": [89, 96], "inst": "http://dbpedia.org/resource/India", "dbpInterestingClasses": "dbpedia-owl:PopulatedPlace", "dbpSpecificClasses": "dbpedia-owl:Country", "confidence": -0.5225806451612898}, {"indices": [188, 195], "inst": "http://dbpedia.org/resource/Muslim", "dbpInterestingClasses": "dbpedia-owl:Person", "dbpSpecificClasses": "dbpedia-owl:Person", "confidence": -0.68}, {"indices": [222, 239], "inst": "http://dbpedia.org/resource/Hindu_nationalism", "dbpInterestingClasses": "owl:Thing", "dbpSpecificClasses": "owl:Thing", "confidence": -0.849788887906401}]}}