{"text": "Michelin Guide Awards 189 \u2018Keys\u2019 To The Best Hotels In France. In a groundbreaking move, the prestigious MICHELIN Guide has unveiled its inaugural ranking of the MICHELIN Keys in France, marking its first venture into hotel ranking.", "entities": {"Mention": [{"indices": [0, 14], "inst": "http://dbpedia.org/resource/Michelin_Guide", "dbpInterestingClasses": "dbpedia-owl:Person", "dbpSpecificClasses": "dbpedia-owl:Person", "confidence": 0.5041666666666667}, {"indices": [45, 51], "inst": "http://dbpedia.org/resource/Hotel", "dbpInterestingClasses": "dbpedia-owl:Person", "dbpSpecificClasses": "dbpedia-owl:Person|dbpedia-owl:Book", "confidence": -0.65}, {"indices": [55, 61], "inst": "http://dbpedia.org/resource/France", "dbpInterestingClasses": "dbpedia-owl:PopulatedPlace", "dbpSpecificClasses": "dbpedia-owl:Country", "confidence": 0.7}, {"indices": [105, 119], "inst": "http://dbpedia.org/resource/Michelin_Guide", "dbpInterestingClasses": "dbpedia-owl:Person", "dbpSpecificClasses": "dbpedia-owl:Person", "confidence": 0.5041666666666667}, {"indices": [162, 170], "inst": "http://dbpedia.org/resource/Michelin", "dbpInterestingClasses": "dbpedia-owl:Organisation", "dbpSpecificClasses": "dbpedia-owl:Organisation", "confidence": -0.65}, {"indices": [179, 185], "inst": "http://dbpedia.org/resource/France", "dbpInterestingClasses": "dbpedia-owl:PopulatedPlace", "dbpSpecificClasses": "dbpedia-owl:Country", "confidence": 0.68}]}}