{"text": "How Do Pumpkins And Corn Flour Help Ugandan School Kids?. A researcher in Uganda is leading an effort to help school children do better in school, thanks to adding a corn and pumpkin flour into their diet.", "entities": {"Mention": [{"indices": [0, 6], "inst": "http://dbpedia.org/resource/How_Do", "dbpInterestingClasses": "", "dbpSpecificClasses": "dbpedia-owl:Single", "confidence": -0.88}, {"indices": [36, 43], "inst": "http://dbpedia.org/resource/Uganda", "dbpInterestingClasses": "dbpedia-owl:PopulatedPlace", "dbpSpecificClasses": "dbpedia-owl:Country", "confidence": -0.536}, {"indices": [44, 50], "inst": "http://dbpedia.org/resource/School", "dbpInterestingClasses": "dbpedia-owl:Person", "dbpSpecificClasses": "dbpedia-owl:Person", "confidence": -0.83}, {"indices": [74, 80], "inst": "http://dbpedia.org/resource/Uganda", "dbpInterestingClasses": "dbpedia-owl:PopulatedPlace", "dbpSpecificClasses": "dbpedia-owl:Country", "confidence": 0.64}]}}