{"text": "The Power Of Micro-Influencers In Niche Markets. With the right strategy, micro-influencers can be a catalyst for growth and success in any niche market.", "entities": {"Mention": [{"indices": [4, 12], "inst": "http://dbpedia.org/resource/Exponentiation", "dbpInterestingClasses": "owl:Thing", "dbpSpecificClasses": "owl:Thing", "confidence": -0.7171428571428504}, {"indices": [34, 47], "inst": "http://dbpedia.org/resource/Niche_market", "dbpInterestingClasses": "owl:Thing", "dbpSpecificClasses": "owl:Thing", "confidence": -0.7033333333333334}, {"indices": [140, 152], "inst": "http://dbpedia.org/resource/Niche_market", "dbpInterestingClasses": "owl:Thing", "dbpSpecificClasses": "owl:Thing", "confidence": -0.7}]}}