{"text": "Utah Senate Candidate Brad Wilson Praised DEI Before Attacking It Now as He Seeks Higher Office. Former Utah state Speaker Brad Wilson (R-UT) in 2021 praised the signing of the Utah Compact on Racial Equity, Diversity, and Inclusion, a platform that he attacks now that he is running for Senate.\nThe post Utah Senate Candidate Brad Wilson Praised DEI Befor\u2026", "entities": {"Mention": [{"indices": [0, 4], "inst": "http://dbpedia.org/resource/Utah", "dbpInterestingClasses": "dbpedia-owl:PopulatedPlace", "dbpSpecificClasses": "dbpedia-owl:AdministrativeRegion", "confidence": -0.67}, {"indices": [136, 140], "inst": "http://dbpedia.org/resource/Utah_Republican_Party", "dbpInterestingClasses": "owl:Thing", "dbpSpecificClasses": "owl:Thing", "confidence": -0.8151428571428572}, {"indices": [177, 189], "inst": "http://dbpedia.org/resource/Utah_Compact", "dbpInterestingClasses": "owl:Thing", "dbpSpecificClasses": "owl:Thing", "confidence": -0.61}, {"indices": [276, 294], "inst": "http://dbpedia.org/resource/United_States_Senate_election_in_Kansas,_2010", "dbpInterestingClasses": "", "dbpSpecificClasses": "dbpedia-owl:Election", "confidence": -0.796}, {"indices": [305, 309], "inst": "http://dbpedia.org/resource/Utah", "dbpInterestingClasses": "dbpedia-owl:PopulatedPlace", "dbpSpecificClasses": "dbpedia-owl:AdministrativeRegion", "confidence": -0.67}]}}