{"text": "Using public funds or facilities for gender-affirming care banned by GOP-led Idaho Legislature. The GOP-led Idaho Legislature has passed a bill that would ban the use of any public funds for gender-affirming care, including for state employees using work health insurance and for adults covered by Medicaid. The governor has said repeatedly he does not be\u2026", "entities": {"Mention": [{"indices": [69, 72], "inst": "http://dbpedia.org/resource/Republican_Party_(United_States)", "dbpInterestingClasses": "dbpedia-owl:Organisation", "dbpSpecificClasses": "dbpedia-owl:PoliticalParty", "confidence": 0.6100000000000005}, {"indices": [77, 82], "inst": "http://dbpedia.org/resource/Idaho", "dbpInterestingClasses": "dbpedia-owl:PopulatedPlace", "dbpSpecificClasses": "dbpedia-owl:AdministrativeRegion|dbpedia-owl:Book", "confidence": -0.62}, {"indices": [83, 94], "inst": "http://dbpedia.org/resource/Legislature", "dbpInterestingClasses": "dbpedia-owl:Person", "dbpSpecificClasses": "dbpedia-owl:Person", "confidence": -0.7566666666666667}, {"indices": [100, 103], "inst": "http://dbpedia.org/resource/Republican_Party_(United_States)", "dbpInterestingClasses": "dbpedia-owl:Organisation", "dbpSpecificClasses": "dbpedia-owl:PoliticalParty", "confidence": 0.5900000000000005}, {"indices": [108, 113], "inst": "http://dbpedia.org/resource/Idaho", "dbpInterestingClasses": "dbpedia-owl:PopulatedPlace", "dbpSpecificClasses": "dbpedia-owl:AdministrativeRegion|dbpedia-owl:Book", "confidence": -0.62}, {"indices": [114, 125], "inst": "http://dbpedia.org/resource/Legislature", "dbpInterestingClasses": "dbpedia-owl:Person", "dbpSpecificClasses": "dbpedia-owl:Person", "confidence": -0.7566666666666667}, {"indices": [255, 271], "inst": "http://dbpedia.org/resource/Health_insurance", "dbpInterestingClasses": "owl:Thing", "dbpSpecificClasses": "owl:Thing", "confidence": -0.6266666666666666}, {"indices": [298, 306], "inst": "http://dbpedia.org/resource/Medicaid", "dbpInterestingClasses": "owl:Thing", "dbpSpecificClasses": "owl:Thing", "confidence": -0.5216666666666666}]}}