{"text": "Pinkerton: Why Only 16% of Americans Have Confidence in the Federal Government and What to Do About It. If more than four in five Americans mistrust the federal edifice, the phenomenon is bipartisan and far-reaching. What should we do about it?", "entities": {"Mention": [{"indices": [27, 36], "inst": "http://dbpedia.org/resource/United_States", "dbpInterestingClasses": "dbpedia-owl:PopulatedPlace", "dbpSpecificClasses": "dbpedia-owl:Country", "confidence": 0.5300000000000006}, {"indices": [60, 78], "inst": "http://dbpedia.org/resource/Federal_government_of_the_United_States", "dbpInterestingClasses": "dbpedia-owl:Person", "dbpSpecificClasses": "dbpedia-owl:Person", "confidence": -0.7399999999999997}, {"indices": [125, 139], "inst": "http://dbpedia.org/resource/Five_Americans", "dbpInterestingClasses": "dbpedia-owl:Organisation", "dbpSpecificClasses": "dbpedia-owl:Band", "confidence": -0.5336666666666666}]}}