{"text": "Roberta Kaplan: A Career Of Big Risks And Big Payoffs. Roberta Kaplan, one of Forbes Top 200 Lawyers 2024, has made her mark on legal history.", "entities": {"Mention": [{"indices": [0, 14], "inst": "http://dbpedia.org/resource/Roberta_A._Kaplan", "dbpInterestingClasses": "dbpedia-owl:Person", "dbpSpecificClasses": "dbpedia-owl:Person", "confidence": 0.615}, {"indices": [55, 69], "inst": "http://dbpedia.org/resource/Roberta_A._Kaplan", "dbpInterestingClasses": "dbpedia-owl:Person", "dbpSpecificClasses": "dbpedia-owl:Person", "confidence": 0.615}, {"indices": [78, 84], "inst": "http://dbpedia.org/resource/Forbes", "dbpInterestingClasses": "", "dbpSpecificClasses": "dbpedia-owl:Magazine|dbpedia-owl:Newspaper", "confidence": -0.74}, {"indices": [128, 141], "inst": "http://dbpedia.org/resource/Legal_history", "dbpInterestingClasses": "owl:Thing", "dbpSpecificClasses": "owl:Thing", "confidence": -0.7016666666666667}]}}