{"text": "UK imposes sanctions after Chinese-backed cyber-attacks. Two people and a China-affiliated company will have assets frozen and be subject to a travel ban.", "entities": {"Mention": [{"indices": [0, 2], "inst": "http://dbpedia.org/resource/United_Kingdom", "dbpInterestingClasses": "dbpedia-owl:PopulatedPlace", "dbpSpecificClasses": "dbpedia-owl:Country", "confidence": 0.6000000000000005}, {"indices": [74, 79], "inst": "http://dbpedia.org/resource/China", "dbpInterestingClasses": "dbpedia-owl:PopulatedPlace", "dbpSpecificClasses": "dbpedia-owl:Country", "confidence": 0.66}]}}