{"text": "These bisexual swingers shocked their Alabama town. Now they're on a mission to spread acceptance.. Scott and April Shirley are swingers in a non-monogamous marriage, normalizing the abnormal in an Alabama town.", "entities": {"Mention": [{"indices": [38, 45], "inst": "http://dbpedia.org/resource/Alabama", "dbpInterestingClasses": "dbpedia-owl:PopulatedPlace", "dbpSpecificClasses": "dbpedia-owl:AdministrativeRegion", "confidence": 0.5007692307692309}, {"indices": [142, 156], "inst": "http://dbpedia.org/resource/Non-monogamy", "dbpInterestingClasses": "owl:Thing", "dbpSpecificClasses": "owl:Thing", "confidence": -0.759090909090909}, {"indices": [198, 205], "inst": "http://dbpedia.org/resource/Alabama", "dbpInterestingClasses": "dbpedia-owl:PopulatedPlace", "dbpSpecificClasses": "dbpedia-owl:AdministrativeRegion", "confidence": 0.5007692307692309}]}}