{"text": "White House announces new rules on background checks for firearms sales in America. In a landmark move to tighten gun control and enhance public safety, the Biden-Harris administration unveiled a sweeping new strategy Thursday aimed at closing loopholes around the sale of guns in America. The White House and Department of Justice introduced \u2026", "entities": {"Mention": [{"indices": [0, 11], "inst": "http://dbpedia.org/resource/White_House", "dbpInterestingClasses": "", "dbpSpecificClasses": "dbpedia-owl:Building|dbpedia-owl:Monument", "confidence": -0.67}, {"indices": [35, 65], "inst": "http://dbpedia.org/resource/National_Instant_Criminal_Background_Check_System", "dbpInterestingClasses": "owl:Thing", "dbpSpecificClasses": "owl:Thing", "confidence": -0.7223333333333334}, {"indices": [75, 82], "inst": "http://dbpedia.org/resource/United_States", "dbpInterestingClasses": "dbpedia-owl:PopulatedPlace", "dbpSpecificClasses": "dbpedia-owl:Country", "confidence": 0.5700000000000006}, {"indices": [114, 125], "inst": "http://dbpedia.org/resource/Gun_control", "dbpInterestingClasses": "", "dbpSpecificClasses": "dbpedia-owl:Work", "confidence": -0.8}, {"indices": [157, 162], "inst": "http://dbpedia.org/resource/Joe_Biden", "dbpInterestingClasses": "dbpedia-owl:Person", "dbpSpecificClasses": "dbpedia-owl:President|dbpedia-owl:VicePresident", "confidence": 0.58}, {"indices": [273, 288], "inst": "http://dbpedia.org/resource/Global_gun_cultures", "dbpInterestingClasses": "owl:Thing", "dbpSpecificClasses": "owl:Thing", "confidence": -0.7002222222222222}, {"indices": [294, 305], "inst": "http://dbpedia.org/resource/White_House", "dbpInterestingClasses": "", "dbpSpecificClasses": "dbpedia-owl:Building|dbpedia-owl:Monument", "confidence": -0.67}, {"indices": [310, 331], "inst": "http://dbpedia.org/resource/United_States_Department_of_Justice", "dbpInterestingClasses": "dbpedia-owl:Organisation", "dbpSpecificClasses": "dbpedia-owl:GovernmentAgency", "confidence": -0.75}]}}