{"text": "Planet Fitness bans member who photographed trans woman changing \u2014 and it's not sorry. Planet Fitness is standing behind its decision to ban a member who photographed a transgender woman in a locker room.", "entities": {"Mention": [{"indices": [0, 14], "inst": "http://dbpedia.org/resource/Planet_Fitness", "dbpInterestingClasses": "dbpedia-owl:Organisation", "dbpSpecificClasses": "dbpedia-owl:Organisation", "confidence": 0.725}, {"indices": [44, 55], "inst": "http://dbpedia.org/resource/Trans_woman", "dbpInterestingClasses": "dbpedia-owl:Person", "dbpSpecificClasses": "dbpedia-owl:Person", "confidence": -0.7925320183030905}, {"indices": [87, 101], "inst": "http://dbpedia.org/resource/Planet_Fitness", "dbpInterestingClasses": "dbpedia-owl:Organisation", "dbpSpecificClasses": "dbpedia-owl:Organisation", "confidence": 0.725}, {"indices": [169, 186], "inst": "http://dbpedia.org/resource/Trans_woman", "dbpInterestingClasses": "dbpedia-owl:Person", "dbpSpecificClasses": "dbpedia-owl:Person", "confidence": -0.8116986849697572}]}}