{"text": "Diana Ross: Soul legend not easing up as she turns 80. With The Supremes, she became a Motown icon, and went on to be one of the world's most celebrated singers. Diana Ross continues to inspire to this day.", "entities": {"Mention": [{"indices": [0, 10], "inst": "http://dbpedia.org/resource/Diana_Ross", "dbpInterestingClasses": "dbpedia-owl:Person", "dbpSpecificClasses": "dbpedia-owl:Singer", "confidence": 0.56}, {"indices": [64, 72], "inst": "http://dbpedia.org/resource/The_Supremes", "dbpInterestingClasses": "dbpedia-owl:Organisation|dbpedia-owl:Person", "dbpSpecificClasses": "dbpedia-owl:Band|dbpedia-owl:Artist", "confidence": -0.6266666666666666}, {"indices": [87, 93], "inst": "http://dbpedia.org/resource/Motown", "dbpInterestingClasses": "dbpedia-owl:Organisation", "dbpSpecificClasses": "dbpedia-owl:RecordLabel", "confidence": -0.65}, {"indices": [162, 172], "inst": "http://dbpedia.org/resource/Diana_Ross", "dbpInterestingClasses": "dbpedia-owl:Person", "dbpSpecificClasses": "dbpedia-owl:Singer", "confidence": 0.56}]}}