{"text": "UN Human Rights Council Passes Landmark Resolution Protecting Rights Of Intersex People. The resolution requires the Office of the High Commissioner to create a report examining harmful and discriminatory practices against people with intersex traits.", "entities": {"Mention": [{"indices": [0, 23], "inst": "http://dbpedia.org/resource/United_Nations_Human_Rights_Council", "dbpInterestingClasses": "dbpedia-owl:Organisation|dbpedia-owl:Person", "dbpSpecificClasses": "dbpedia-owl:Organisation|dbpedia-owl:Person", "confidence": 0.6391666666666667}, {"indices": [31, 39], "inst": "http://dbpedia.org/resource/Landmark", "dbpInterestingClasses": "dbpedia-owl:Person", "dbpSpecificClasses": "dbpedia-owl:Person", "confidence": -0.85}, {"indices": [62, 71], "inst": "http://dbpedia.org/resource/LGBT_rights_by_country_or_territory", "dbpInterestingClasses": "owl:Thing", "dbpSpecificClasses": "owl:Thing", "confidence": -0.6971428571428504}, {"indices": [72, 80], "inst": "http://dbpedia.org/resource/Intersex", "dbpInterestingClasses": "dbpedia-owl:Person", "dbpSpecificClasses": "dbpedia-owl:Work|dbpedia-owl:Person", "confidence": -0.7008333333333333}]}}