{"text": "UNICEF Helps Out-Of-School Children Learn In Yemen. Nine years of conflict, economic collapse and a failed social and education system have taken a heavy toll on Yemen's children.", "entities": {"Mention": [{"indices": [0, 6], "inst": "http://dbpedia.org/resource/UNICEF", "dbpInterestingClasses": "dbpedia-owl:Organisation|dbpedia-owl:Person", "dbpSpecificClasses": "dbpedia-owl:Organisation|dbpedia-owl:Person", "confidence": 0.52}, {"indices": [45, 50], "inst": "http://dbpedia.org/resource/Yemen", "dbpInterestingClasses": "dbpedia-owl:PopulatedPlace", "dbpSpecificClasses": "dbpedia-owl:Country", "confidence": -0.61}, {"indices": [162, 169], "inst": "http://dbpedia.org/resource/Yemen", "dbpInterestingClasses": "dbpedia-owl:PopulatedPlace", "dbpSpecificClasses": "dbpedia-owl:Country", "confidence": -0.7335362100537539}]}}