{"text": "Own Your Powers: Destigmatize And Fight Imposter Syndrome. Imposter syndrome can be common among professionals from diverse backgrounds, and learning to overcome it is crucial for becoming more resilient.", "entities": {"Mention": [{"indices": [17, 29], "inst": "http://dbpedia.org/resource/Social_stigma", "dbpInterestingClasses": "owl:Thing", "dbpSpecificClasses": "owl:Thing", "confidence": -0.7516666666666667}, {"indices": [40, 57], "inst": "http://dbpedia.org/resource/Impostor_syndrome", "dbpInterestingClasses": "", "dbpSpecificClasses": "dbpedia-owl:Book", "confidence": -0.795}]}}