{"text": "How The Sport Of Polo Is Becoming A Go-To Engagement Platform. These two organizations have come together to breathe new life into this ancient game, creating global affiliation opportunities for brands, advertisers, media, fans, ...", "entities": {"Mention": [{"indices": [8, 13], "inst": "http://dbpedia.org/resource/Sport", "dbpInterestingClasses": "dbpedia-owl:Person", "dbpSpecificClasses": "dbpedia-owl:Person|dbpedia-owl:Book", "confidence": -0.76}, {"indices": [17, 21], "inst": "http://dbpedia.org/resource/Polo", "dbpInterestingClasses": "", "dbpSpecificClasses": "dbpedia-owl:Sport", "confidence": -0.77}]}}