{"text": "Michaela Ja\u00e9 Rodriguez is 'thankful' to inspire the LGBTQ+ community through her trailblazing career. In a new interview with The Advocate, the trans actress is opening up on her journey to her success.", "entities": {"Mention": [{"indices": [52, 68], "inst": "http://dbpedia.org/resource/LGBT", "dbpInterestingClasses": "dbpedia-owl:Person", "dbpSpecificClasses": "dbpedia-owl:Person", "confidence": -0.5399999999999998}, {"indices": [126, 138], "inst": "http://dbpedia.org/resource/The_Advocate", "dbpInterestingClasses": "", "dbpSpecificClasses": "dbpedia-owl:Magazine|dbpedia-owl:Newspaper", "confidence": -0.71}]}}