{"text": "Lesbian lawyer Nicole Berner confirmed as federal appeals court judge. Nicole Berner, a lesbian attorney who has represented labor and reproductive rights groups and won a landmark parental rights case in Israel, has been confirmed by the U.S. Senate as the first out LGBTQ+ judge on the U.S. Court of Appeals for the Fourth Circu\u2026", "entities": {"Mention": [{"indices": [135, 154], "inst": "http://dbpedia.org/resource/Reproductive_rights", "dbpInterestingClasses": "owl:Thing", "dbpSpecificClasses": "owl:Thing", "confidence": -0.7}, {"indices": [205, 211], "inst": "http://dbpedia.org/resource/Israel", "dbpInterestingClasses": "dbpedia-owl:PopulatedPlace", "dbpSpecificClasses": "dbpedia-owl:Country", "confidence": 0.63}, {"indices": [222, 250], "inst": "http://dbpedia.org/resource/Advice_and_consent", "dbpInterestingClasses": "owl:Thing", "dbpSpecificClasses": "owl:Thing", "confidence": -0.795}, {"indices": [268, 274], "inst": "http://dbpedia.org/resource/LGBT", "dbpInterestingClasses": "dbpedia-owl:Person", "dbpSpecificClasses": "dbpedia-owl:Person", "confidence": -0.5028095238095238}, {"indices": [288, 309], "inst": "http://dbpedia.org/resource/United_States_courts_of_appeals", "dbpInterestingClasses": "owl:Thing", "dbpSpecificClasses": "owl:Thing", "confidence": -0.7416666666666666}, {"indices": [314, 324], "inst": "http://dbpedia.org/resource/Tercera_Divisi\u00f3n", "dbpInterestingClasses": "dbpedia-owl:Organisation", "dbpSpecificClasses": "dbpedia-owl:SportsLeague|dbpedia-owl:Tournament", "confidence": -0.7559999999999999}]}}