{"text": "Nine Eurovision Acts Call For Israel-Hamas Cease-Fire\u2014But Will Stop Short Of Boycott. Numerous groups have called for boycotts of Eurovision due to Israel\u2019s inclusion in the competition.", "entities": {"Mention": [{"indices": [30, 36], "inst": "http://dbpedia.org/resource/Israel", "dbpInterestingClasses": "dbpedia-owl:PopulatedPlace", "dbpSpecificClasses": "dbpedia-owl:Country", "confidence": 0.63}, {"indices": [37, 42], "inst": "http://dbpedia.org/resource/Hamas", "dbpInterestingClasses": "dbpedia-owl:Organisation|dbpedia-owl:Person", "dbpSpecificClasses": "dbpedia-owl:PoliticalParty|dbpedia-owl:Person|dbpedia-owl:Book", "confidence": -0.546}, {"indices": [43, 53], "inst": "http://dbpedia.org/resource/Ceasefire", "dbpInterestingClasses": "owl:Thing", "dbpSpecificClasses": "owl:Thing", "confidence": -0.83}, {"indices": [77, 84], "inst": "http://dbpedia.org/resource/Boycott", "dbpInterestingClasses": "owl:Thing", "dbpSpecificClasses": "owl:Thing", "confidence": -0.74}, {"indices": [145, 154], "inst": "http://dbpedia.org/resource/Aliyah", "dbpInterestingClasses": "", "dbpSpecificClasses": "dbpedia-owl:Book", "confidence": -0.7361428571428504}]}}