{"text": "Racial segregation hurts access to kidney transplants, study suggests. The disparities were greatest when Black residents of the most segregated neighborhoods and White residents of the least segregated areas were compared.", "entities": {"Mention": [{"indices": [0, 18], "inst": "http://dbpedia.org/resource/Racial_segregation", "dbpInterestingClasses": "dbpedia-owl:Person", "dbpSpecificClasses": "dbpedia-owl:Person", "confidence": -0.75}, {"indices": [35, 53], "inst": "http://dbpedia.org/resource/Kidney_transplantation", "dbpInterestingClasses": "", "dbpSpecificClasses": "dbpedia-owl:Disease|dbpedia-owl:Book", "confidence": -0.594}, {"indices": [163, 178], "inst": "http://dbpedia.org/resource/White_people", "dbpInterestingClasses": "", "dbpSpecificClasses": "dbpedia-owl:EthnicGroup", "confidence": -0.7021428571428571}, {"indices": [186, 202], "inst": "http://dbpedia.org/resource/Racial_integration", "dbpInterestingClasses": "owl:Thing", "dbpSpecificClasses": "owl:Thing", "confidence": 0.5198571428571427}]}}