{"text": "High Priests of Music: A spat among classical performers in south India mirrors a local battle in national elections. Indian classical vocalist TM Krishna is under attack by fellow Brahmins. The state\u2019s politicians are on his side Read Full Article at RT.com", "entities": {"Mention": [{"indices": [60, 71], "inst": "http://dbpedia.org/resource/South_India", "dbpInterestingClasses": "dbpedia-owl:PopulatedPlace", "dbpSpecificClasses": "dbpedia-owl:AdministrativeRegion", "confidence": -0.59}, {"indices": [118, 143], "inst": "http://dbpedia.org/resource/Hindustani_classical_music", "dbpInterestingClasses": "owl:Thing", "dbpSpecificClasses": "owl:Thing", "confidence": -0.78}, {"indices": [144, 154], "inst": "http://dbpedia.org/resource/T._M._Krishna", "dbpInterestingClasses": "dbpedia-owl:Person", "dbpSpecificClasses": "dbpedia-owl:Artist", "confidence": 0.8955}, {"indices": [181, 189], "inst": "http://dbpedia.org/resource/Brahmin", "dbpInterestingClasses": "owl:Thing", "dbpSpecificClasses": "owl:Thing", "confidence": -0.6266666666666666}, {"indices": [236, 248], "inst": "http://dbpedia.org/resource/Unified_English_Braille", "dbpInterestingClasses": "owl:Thing", "dbpSpecificClasses": "owl:Thing", "confidence": -0.865}, {"indices": [252, 258], "inst": "http://dbpedia.org/resource/RT_(TV_network)", "dbpInterestingClasses": "dbpedia-owl:Organisation|dbpedia-owl:Person", "dbpSpecificClasses": "dbpedia-owl:TelevisionStation|dbpedia-owl:Person|dbpedia-owl:BroadcastNetwork", "confidence": 0.5546904761904762}]}}