{"text": "Exclusive -- Trump Advisor Lynne Patton: Black Voters Are Moving to Trump. Black voters are moving to Trump, senior advisor to the former president Lynne Patton said during an interview on Breitbart News Saturday.", "entities": {"Mention": [{"indices": [47, 53], "inst": "http://dbpedia.org/resource/Voting", "dbpInterestingClasses": "dbpedia-owl:Person", "dbpSpecificClasses": "dbpedia-owl:Person", "confidence": -0.64}, {"indices": [58, 67], "inst": "http://dbpedia.org/resource/Gleichschaltung", "dbpInterestingClasses": "owl:Thing", "dbpSpecificClasses": "owl:Thing", "confidence": -0.8549999999999933}, {"indices": [189, 203], "inst": "http://dbpedia.org/resource/Breitbart_News_Network", "dbpInterestingClasses": "", "dbpSpecificClasses": "dbpedia-owl:Website", "confidence": 0.595}]}}