{"text": "Munro: Watch -- 70-Year-Old Transgender Lawyer Stephanie Mueller Goes Viral for Provocative Courtroom Outfit. A deep-voiced male lawyer is being jeered for his decision to display himself as a big-chested woman in a low-cut dress.\nThe post Munro: Watch \u2014 70-Year-Old Transgender Lawyer Stephanie Mueller Goes Viral for Provocative Courtroom Outfit appeared first on Bre\u2026", "entities": {"Mention": [{"indices": [28, 39], "inst": "http://dbpedia.org/resource/Transgender", "dbpInterestingClasses": "dbpedia-owl:Person", "dbpSpecificClasses": "dbpedia-owl:Disease|dbpedia-owl:Person", "confidence": -0.5966666666666667}, {"indices": [47, 64], "inst": "http://dbpedia.org/resource/Stephanie_M\u00fcller", "dbpInterestingClasses": "owl:Thing", "dbpSpecificClasses": "owl:Thing", "confidence": -0.85}, {"indices": [267, 278], "inst": "http://dbpedia.org/resource/Transgender", "dbpInterestingClasses": "dbpedia-owl:Person", "dbpSpecificClasses": "dbpedia-owl:Disease|dbpedia-owl:Person", "confidence": -0.5966666666666667}, {"indices": [286, 303], "inst": "http://dbpedia.org/resource/Stephanie_M\u00fcller", "dbpInterestingClasses": "owl:Thing", "dbpSpecificClasses": "owl:Thing", "confidence": -0.85}]}}