{"text": "Disney board battle: CEO Bob Iger vanquishes billionaire foe Nelson Peltz. Disney CEO Bob Iger faced an aggressive challenge by activist investors seeking to take the Magic Kingdom in a new direction at a shareholder meeting Wednesday.", "entities": {"Mention": [{"indices": [0, 6], "inst": "http://dbpedia.org/resource/The_Walt_Disney_Company", "dbpInterestingClasses": "dbpedia-owl:Organisation", "dbpSpecificClasses": "dbpedia-owl:Organisation", "confidence": 0.57}, {"indices": [25, 33], "inst": "http://dbpedia.org/resource/Bob_Iger", "dbpInterestingClasses": "dbpedia-owl:Person", "dbpSpecificClasses": "dbpedia-owl:Person", "confidence": 0.8675}, {"indices": [61, 73], "inst": "http://dbpedia.org/resource/Nelson_Peltz", "dbpInterestingClasses": "dbpedia-owl:Person", "dbpSpecificClasses": "dbpedia-owl:Person", "confidence": 0.9175}, {"indices": [75, 81], "inst": "http://dbpedia.org/resource/The_Walt_Disney_Company", "dbpInterestingClasses": "dbpedia-owl:Organisation", "dbpSpecificClasses": "dbpedia-owl:Organisation", "confidence": 0.57}, {"indices": [82, 85], "inst": "http://dbpedia.org/resource/Chief_executive_officer", "dbpInterestingClasses": "owl:Thing", "dbpSpecificClasses": "owl:Thing", "confidence": -0.7}, {"indices": [86, 94], "inst": "http://dbpedia.org/resource/Bob_Iger", "dbpInterestingClasses": "dbpedia-owl:Person", "dbpSpecificClasses": "dbpedia-owl:Person", "confidence": 0.8675}, {"indices": [167, 180], "inst": "http://dbpedia.org/resource/Magic_Kingdom", "dbpInterestingClasses": "owl:Thing", "dbpSpecificClasses": "owl:Thing", "confidence": -0.7199999999999998}]}}