{"text": "Russian queer club execs added to list of terrorists. Two managers of the \u2018Pose\u2019 nightclub in Russia have been added to a register of persons involved in extremist or terrorist activities Read Full Article at RT.com", "entities": {"Mention": [{"indices": [0, 7], "inst": "http://dbpedia.org/resource/Russia", "dbpInterestingClasses": "dbpedia-owl:PopulatedPlace", "dbpSpecificClasses": "dbpedia-owl:Country", "confidence": 0.68}, {"indices": [94, 100], "inst": "http://dbpedia.org/resource/Russia", "dbpInterestingClasses": "dbpedia-owl:PopulatedPlace", "dbpSpecificClasses": "dbpedia-owl:Country", "confidence": 0.68}, {"indices": [193, 205], "inst": "http://dbpedia.org/resource/Unified_English_Braille", "dbpInterestingClasses": "owl:Thing", "dbpSpecificClasses": "owl:Thing", "confidence": -0.865}, {"indices": [209, 215], "inst": "http://dbpedia.org/resource/RT_(TV_network)", "dbpInterestingClasses": "dbpedia-owl:Organisation|dbpedia-owl:Person", "dbpSpecificClasses": "dbpedia-owl:TelevisionStation|dbpedia-owl:Person|dbpedia-owl:BroadcastNetwork", "confidence": 0.5546904761904762}]}}