{"text": "How Black Women Are Reshaping The Music Industry. This approach goes beyond the norm but offers significant opportunities for growth and success.", "entities": {"Mention": [{"indices": [4, 15], "inst": "http://dbpedia.org/resource/Black_people", "dbpInterestingClasses": "owl:Thing", "dbpSpecificClasses": "owl:Thing", "confidence": -0.7621428571428503}, {"indices": [34, 48], "inst": "http://dbpedia.org/resource/Music_industry", "dbpInterestingClasses": "dbpedia-owl:Person", "dbpSpecificClasses": "dbpedia-owl:Person", "confidence": -0.6}]}}