{"text": "The Future Of Human Resources In The Era Of Artificial Intelligence. Artificial intelligence can help HR leaders transform their organizations' workforce and create an inclusive culture of learning and growth.", "entities": {"Mention": [{"indices": [14, 29], "inst": "http://dbpedia.org/resource/Human_resources", "dbpInterestingClasses": "", "dbpSpecificClasses": "dbpedia-owl:Book", "confidence": -0.78}, {"indices": [37, 40], "inst": "http://dbpedia.org/resource/Earned_run_average", "dbpInterestingClasses": "owl:Thing", "dbpSpecificClasses": "owl:Thing", "confidence": -0.83}, {"indices": [44, 67], "inst": "http://dbpedia.org/resource/Artificial_intelligence", "dbpInterestingClasses": "dbpedia-owl:Person", "dbpSpecificClasses": "dbpedia-owl:Person|dbpedia-owl:Book", "confidence": -0.526}, {"indices": [69, 92], "inst": "http://dbpedia.org/resource/Artificial_intelligence", "dbpInterestingClasses": "dbpedia-owl:Person", "dbpSpecificClasses": "dbpedia-owl:Person|dbpedia-owl:Book", "confidence": 0.514}]}}