{"text": "Women VCs Revolutionize Funding For Enterprise AI Software. Women VCs\u2014Sheila Gulati and Stacey Giard of Tola Capital\u2014promote diversity among LPs and fuel innovation through early-stage investments in AI enterprise software.", "entities": {"Mention": [{"indices": [200, 202], "inst": "http://dbpedia.org/resource/Artificial_intelligence", "dbpInterestingClasses": "dbpedia-owl:Person", "dbpSpecificClasses": "dbpedia-owl:Person|dbpedia-owl:Book", "confidence": -0.73}, {"indices": [203, 222], "inst": "http://dbpedia.org/resource/Enterprise_software", "dbpInterestingClasses": "owl:Thing", "dbpSpecificClasses": "owl:Thing", "confidence": -0.85}]}}