{"text": "BOJ to end negative rates in April, high chance of March, analysts say: Reuters poll. The Bank of Japan will ditch its negative interest rate policy in April, according to just under two-thirds of economists polled by Reuters, although a...", "entities": {"Mention": [{"indices": [0, 3], "inst": "http://dbpedia.org/resource/Boj_(TV_series)", "dbpInterestingClasses": "", "dbpSpecificClasses": "dbpedia-owl:TelevisionShow", "confidence": -0.8488888888888888}, {"indices": [72, 79], "inst": "http://dbpedia.org/resource/Reuters", "dbpInterestingClasses": "dbpedia-owl:Organisation", "dbpSpecificClasses": "dbpedia-owl:Organisation", "confidence": -0.54}, {"indices": [90, 103], "inst": "http://dbpedia.org/resource/Bank_of_Japan", "dbpInterestingClasses": "dbpedia-owl:Organisation|dbpedia-owl:Person", "dbpSpecificClasses": "dbpedia-owl:Location|dbpedia-owl:Organisation|dbpedia-owl:Person", "confidence": 0.6216666666666666}, {"indices": [119, 141], "inst": "http://dbpedia.org/resource/Interest_rate", "dbpInterestingClasses": "", "dbpSpecificClasses": "dbpedia-owl:Book", "confidence": -0.5571428571428572}, {"indices": [218, 225], "inst": "http://dbpedia.org/resource/Reuters", "dbpInterestingClasses": "dbpedia-owl:Organisation", "dbpSpecificClasses": "dbpedia-owl:Organisation", "confidence": -0.54}]}}