{"text": "Trans Day of Visibility began 15 years ago. The founder is still moved by its success. Rachel Crandall-Crocker, the founder of International Transgender Day of Visibility, said organizing has taught her one invaluable lesson: \"You do not have to be perfect to change the world.\"", "entities": {"Mention": [{"indices": [127, 170], "inst": "http://dbpedia.org/resource/International_Transgender_Day_of_Visibility", "dbpInterestingClasses": "owl:Thing", "dbpSpecificClasses": "owl:Thing", "confidence": -0.67}]}}