{"text": "Wall Street\u2019s retreat from DEI has now begun, with Goldman Sachs and JPMorgan dropping discriminatory programs. Diversity, equity and inclusion (DEI) programs by Wall Street bigwigs are now living up to their name, as these programs formerly limited to people of color and women are now open to all. It appears that the conservative backlash against woke DEI programs\u00a0has\u2026", "entities": {"Mention": [{"indices": [51, 64], "inst": "http://dbpedia.org/resource/Goldman_Sachs", "dbpInterestingClasses": "dbpedia-owl:Organisation", "dbpSpecificClasses": "dbpedia-owl:Bank", "confidence": 0.55}, {"indices": [69, 77], "inst": "http://dbpedia.org/resource/JPMorgan_Chase", "dbpInterestingClasses": "dbpedia-owl:Organisation", "dbpSpecificClasses": "dbpedia-owl:Bank", "confidence": -0.6366666666666666}]}}