{"text": "U.N. rights body adopts first resolution to protect rights of intersex people. The United Nations Human Rights Council voted to adopt a resolution designed to protect the rights of intersex people, the first initiative of its kind.", "entities": {"Mention": [{"indices": [0, 4], "inst": "http://dbpedia.org/resource/United_Nations", "dbpInterestingClasses": "dbpedia-owl:PopulatedPlace|dbpedia-owl:Organisation|dbpedia-owl:Person", "dbpSpecificClasses": "dbpedia-owl:Country|dbpedia-owl:Organisation|dbpedia-owl:Person", "confidence": -0.5749999999999994}, {"indices": [83, 118], "inst": "http://dbpedia.org/resource/United_Nations_Human_Rights_Council", "dbpInterestingClasses": "dbpedia-owl:Organisation|dbpedia-owl:Person", "dbpSpecificClasses": "dbpedia-owl:Organisation|dbpedia-owl:Person", "confidence": 0.6466666666666666}]}}