{"text": "The horrific reality of transgender individuals in Texas prisons. Even as people fight for justice, some cries remain unheard and voices unanswered. In American society, many of these lost voices belong to the incarcerated, who are cut off, ignored, and forgotten behind prison walls.", "entities": {"Mention": [{"indices": [51, 64], "inst": "http://dbpedia.org/resource/Texas_Department_of_Criminal_Justice", "dbpInterestingClasses": "owl:Thing", "dbpSpecificClasses": "owl:Thing", "confidence": -0.5838095238095238}]}}