{"text": "EU lawmakers approve an overhaul of the bloc's migration laws. European Union lawmakers have approved a major revamp of the bloc's migration laws, hoping to end years of division  and deprive the far right of a vote-winning campaign issue ahead of June elections.", "entities": {"Mention": [{"indices": [0, 2], "inst": "http://dbpedia.org/resource/European_Union", "dbpInterestingClasses": "dbpedia-owl:PopulatedPlace|dbpedia-owl:Person|dbpedia-owl:Organisation", "dbpSpecificClasses": "dbpedia-owl:Country|dbpedia-owl:Person|dbpedia-owl:Organisation", "confidence": -0.65}, {"indices": [57, 61], "inst": "http://dbpedia.org/resource/Law", "dbpInterestingClasses": "dbpedia-owl:Person", "dbpSpecificClasses": "dbpedia-owl:Person|dbpedia-owl:Book", "confidence": -0.5157142857142857}, {"indices": [63, 77], "inst": "http://dbpedia.org/resource/European_Union", "dbpInterestingClasses": "dbpedia-owl:PopulatedPlace|dbpedia-owl:Person|dbpedia-owl:Organisation", "dbpSpecificClasses": "dbpedia-owl:Country|dbpedia-owl:Person|dbpedia-owl:Organisation", "confidence": 0.6100000000000001}, {"indices": [141, 145], "inst": "http://dbpedia.org/resource/Law", "dbpInterestingClasses": "dbpedia-owl:Person", "dbpSpecificClasses": "dbpedia-owl:Person|dbpedia-owl:Book", "confidence": -0.5157142857142857}, {"indices": [196, 205], "inst": "http://dbpedia.org/resource/Far-right_politics", "dbpInterestingClasses": "dbpedia-owl:Person", "dbpSpecificClasses": "dbpedia-owl:Work|dbpedia-owl:Person", "confidence": -0.73}]}}