{"text": "Ramaswamy in Italy: Conservatives Must Offer Platform of Sovereignty to Win 'War' for 'Soul of the West'. Entrepreneur and former Republican presidential candidate Vivek Ramaswamy called on his fellow conservatives to offer a multi-layered vision of sovereignty to win the \u201cwar\u201d for the \u201csoul of the West\u201d during a speech in Italy over the weekend.\nThe post Ramaswa\u2026", "entities": {"Mention": [{"indices": [13, 18], "inst": "http://dbpedia.org/resource/Italy", "dbpInterestingClasses": "dbpedia-owl:PopulatedPlace", "dbpSpecificClasses": "dbpedia-owl:Country", "confidence": 0.67}, {"indices": [20, 33], "inst": "http://dbpedia.org/resource/Conservative_Party_(UK)", "dbpInterestingClasses": "dbpedia-owl:Organisation|dbpedia-owl:Person", "dbpSpecificClasses": "dbpedia-owl:PoliticalParty|dbpedia-owl:Person", "confidence": -0.64}, {"indices": [164, 179], "inst": "http://dbpedia.org/resource/Vivek_Ramaswamy", "dbpInterestingClasses": "owl:Thing", "dbpSpecificClasses": "owl:Thing", "confidence": -0.76}, {"indices": [325, 330], "inst": "http://dbpedia.org/resource/Italy", "dbpInterestingClasses": "dbpedia-owl:PopulatedPlace", "dbpSpecificClasses": "dbpedia-owl:Country", "confidence": 0.67}]}}