{"text": "How AI Is Transforming Work And Enhancing Labor Sustainability Reporting. As AI reshapes the landscape of work, it also presents an opportunity to revolutionize sustainability reporting on how we report and improve labor conditions globally.", "entities": {"Mention": [{"indices": [42, 47], "inst": "http://dbpedia.org/resource/Australian_Labor_Party", "dbpInterestingClasses": "dbpedia-owl:Organisation", "dbpSpecificClasses": "dbpedia-owl:PoliticalParty", "confidence": -0.66}, {"indices": [48, 72], "inst": "http://dbpedia.org/resource/Sustainability_reporting", "dbpInterestingClasses": "owl:Thing", "dbpSpecificClasses": "owl:Thing", "confidence": -0.81}, {"indices": [77, 79], "inst": "http://dbpedia.org/resource/Artificial_intelligence", "dbpInterestingClasses": "dbpedia-owl:Person", "dbpSpecificClasses": "dbpedia-owl:Person|dbpedia-owl:Book", "confidence": -0.73}, {"indices": [161, 185], "inst": "http://dbpedia.org/resource/Sustainability_reporting", "dbpInterestingClasses": "owl:Thing", "dbpSpecificClasses": "owl:Thing", "confidence": -0.81}]}}