{"text": "Policy-Makers Should Not Overlook The Role Of Culture In Food Security. With its focus on leveraging food culture as a catalyst for change, the Food Culture Alliance offers tangible pathways towards achieving food security.", "entities": {"Mention": [{"indices": [43, 53], "inst": "http://dbpedia.org/resource/Cultural_diversity", "dbpInterestingClasses": "owl:Thing", "dbpSpecificClasses": "owl:Thing", "confidence": -0.7221428571428504}, {"indices": [57, 70], "inst": "http://dbpedia.org/resource/Food_security", "dbpInterestingClasses": "owl:Thing", "dbpSpecificClasses": "owl:Thing", "confidence": -0.6666666666666666}, {"indices": [209, 222], "inst": "http://dbpedia.org/resource/Food_security", "dbpInterestingClasses": "owl:Thing", "dbpSpecificClasses": "owl:Thing", "confidence": -0.6666666666666666}]}}