{"text": "Teams Beat Individuals Which Is Why South Carolina Beat Iowa. GOAT Caitlin Clark and her four co-starters lost out to South Carolina's nine-player rotation. Diversity, depth and first team mindset win.", "entities": {"Mention": [{"indices": [11, 22], "inst": "http://dbpedia.org/resource/Individual", "dbpInterestingClasses": "owl:Thing", "dbpSpecificClasses": "owl:Thing", "confidence": -0.86}, {"indices": [23, 31], "inst": "http://dbpedia.org/resource/Uranium-235", "dbpInterestingClasses": "", "dbpSpecificClasses": "dbpedia-owl:ChemicalSubstance", "confidence": -0.7421428571428504}, {"indices": [36, 50], "inst": "http://dbpedia.org/resource/South_Carolina", "dbpInterestingClasses": "dbpedia-owl:PopulatedPlace", "dbpSpecificClasses": "dbpedia-owl:AdministrativeRegion", "confidence": 0.51}, {"indices": [56, 60], "inst": "http://dbpedia.org/resource/Iowa", "dbpInterestingClasses": "dbpedia-owl:PopulatedPlace", "dbpSpecificClasses": "dbpedia-owl:AdministrativeRegion", "confidence": 0.5607692307692308}, {"indices": [118, 134], "inst": "http://dbpedia.org/resource/South_Carolina", "dbpInterestingClasses": "dbpedia-owl:PopulatedPlace", "dbpSpecificClasses": "dbpedia-owl:AdministrativeRegion", "confidence": -0.778395061728395}]}}