{"text": "Never Bet Against Equality: The Unstoppable Rise Of Women's Basketball Despite All Odds. These games have captured the hearts of audiences nationwide, signaling a momentous shift towards the recognition and celebration of women's sports.", "entities": {"Mention": [{"indices": [28, 43], "inst": "http://dbpedia.org/resource/The_Unstoppable", "dbpInterestingClasses": "", "dbpSpecificClasses": "dbpedia-owl:Album", "confidence": -0.795}, {"indices": [52, 70], "inst": "http://dbpedia.org/resource/Women's_basketball", "dbpInterestingClasses": "", "dbpSpecificClasses": "dbpedia-owl:Sport", "confidence": -0.85}]}}