{"text": "Civil rights, medical groups sue FDA over \u2018almost unconscionable\u2019 delay in banning menthol tobacco products. Over a 20-year period, a ban could lower health care costs among all adult smokers by about $1.62 billion, a recent study found.", "entities": {"Mention": [{"indices": [0, 12], "inst": "http://dbpedia.org/resource/Civil_and_political_rights", "dbpInterestingClasses": "dbpedia-owl:Person", "dbpSpecificClasses": "dbpedia-owl:Person", "confidence": -0.83}, {"indices": [33, 36], "inst": "http://dbpedia.org/resource/Food_and_Drug_Administration", "dbpInterestingClasses": "dbpedia-owl:Organisation|dbpedia-owl:Person", "dbpSpecificClasses": "dbpedia-owl:GovernmentAgency|dbpedia-owl:Person", "confidence": -0.7}]}}