{"text": "Anti-Arab hate, harassment and threats loom over this year\u2019s Arab American Heritage Month. Arab American Heritage Month is intended to commemorate and honor the achievements of the some of the roughly 3.7 million members of the community residing in the U.S.", "entities": {"Mention": [{"indices": [0, 9], "inst": "http://dbpedia.org/resource/Anti-Arabism", "dbpInterestingClasses": "owl:Thing", "dbpSpecificClasses": "owl:Thing", "confidence": -0.7966666666666667}, {"indices": [61, 74], "inst": "http://dbpedia.org/resource/Arab_American", "dbpInterestingClasses": "", "dbpSpecificClasses": "dbpedia-owl:EthnicGroup", "confidence": -0.6966666666666667}, {"indices": [91, 104], "inst": "http://dbpedia.org/resource/Arab_American", "dbpInterestingClasses": "", "dbpSpecificClasses": "dbpedia-owl:EthnicGroup", "confidence": -0.6966666666666667}]}}