{"text": "White House highlights Daily Caller\u2019s retraction of false Easter egg story. The White House extended its gratitude to The Daily Caller on Tuesday for retracting a story the outlet had published that falsely suggested the Biden administration had enforced a new prohibition on religious symbols on Easter eggs during the annual White Ho\u2026", "entities": {"Mention": [{"indices": [0, 11], "inst": "http://dbpedia.org/resource/White_House", "dbpInterestingClasses": "", "dbpSpecificClasses": "dbpedia-owl:Building|dbpedia-owl:Monument", "confidence": -0.67}, {"indices": [23, 35], "inst": "http://dbpedia.org/resource/The_Daily_Caller", "dbpInterestingClasses": "", "dbpSpecificClasses": "dbpedia-owl:Newspaper", "confidence": 0.56}, {"indices": [80, 91], "inst": "http://dbpedia.org/resource/White_House", "dbpInterestingClasses": "", "dbpSpecificClasses": "dbpedia-owl:Building|dbpedia-owl:Monument", "confidence": -0.67}, {"indices": [122, 134], "inst": "http://dbpedia.org/resource/The_Daily_Caller", "dbpInterestingClasses": "", "dbpSpecificClasses": "dbpedia-owl:Newspaper", "confidence": 0.56}, {"indices": [221, 226], "inst": "http://dbpedia.org/resource/Joe_Biden", "dbpInterestingClasses": "dbpedia-owl:Person", "dbpSpecificClasses": "dbpedia-owl:President|dbpedia-owl:VicePresident", "confidence": 0.58}, {"indices": [327, 332], "inst": "http://dbpedia.org/resource/Race_and_ethnicity_in_the_United_States_Census", "dbpInterestingClasses": "owl:Thing", "dbpSpecificClasses": "owl:Thing", "confidence": -0.659999999999998}]}}