{"text": "Underground Auction Of Uniquely Designed Watches Achieves $1.3 Million. Sotheby\u2019s auction of 24 unconventional high design timepieces titled, \u201cRough Diamonds,\u201d held in a wine cave in Geneva sold out within an hour", "entities": {"Mention": [{"indices": [12, 19], "inst": "http://dbpedia.org/resource/Auction", "dbpInterestingClasses": "owl:Thing", "dbpSpecificClasses": "owl:Thing", "confidence": -0.6966666666666667}, {"indices": [72, 81], "inst": "http://dbpedia.org/resource/Sotheby's", "dbpInterestingClasses": "dbpedia-owl:Organisation", "dbpSpecificClasses": "dbpedia-owl:Organisation", "confidence": -0.63}, {"indices": [170, 179], "inst": "http://dbpedia.org/resource/Wine_cave", "dbpInterestingClasses": "owl:Thing", "dbpSpecificClasses": "owl:Thing", "confidence": -0.69}, {"indices": [183, 189], "inst": "http://dbpedia.org/resource/Geneva", "dbpInterestingClasses": "dbpedia-owl:PopulatedPlace", "dbpSpecificClasses": "dbpedia-owl:GovernmentalAdministrativeRegion|dbpedia-owl:City", "confidence": 0.62}]}}