{"text": "Outrage as Saudi Arabia picked to head women's rights forum. The UN has chosen Saudi Arabia to chair a commission on gender equality, to the dismay of rights groups. Amnesty International has described the kingdom's record on women's rights as \"abysmal.\"", "entities": {"Mention": [{"indices": [11, 23], "inst": "http://dbpedia.org/resource/Saudi_Arabia", "dbpInterestingClasses": "dbpedia-owl:PopulatedPlace", "dbpSpecificClasses": "dbpedia-owl:Country", "confidence": 0.67}, {"indices": [39, 53], "inst": "http://dbpedia.org/resource/Women's_rights", "dbpInterestingClasses": "owl:Thing", "dbpSpecificClasses": "owl:Thing", "confidence": -0.76}, {"indices": [65, 67], "inst": "http://dbpedia.org/resource/United_Nations", "dbpInterestingClasses": "dbpedia-owl:PopulatedPlace|dbpedia-owl:Organisation|dbpedia-owl:Person", "dbpSpecificClasses": "dbpedia-owl:Country|dbpedia-owl:Organisation|dbpedia-owl:Person", "confidence": -0.6166666666666667}, {"indices": [79, 91], "inst": "http://dbpedia.org/resource/Saudi_Arabia", "dbpInterestingClasses": "dbpedia-owl:PopulatedPlace", "dbpSpecificClasses": "dbpedia-owl:Country", "confidence": 0.67}, {"indices": [117, 132], "inst": "http://dbpedia.org/resource/Gender_equality", "dbpInterestingClasses": "owl:Thing", "dbpSpecificClasses": "owl:Thing", "confidence": -0.84}, {"indices": [166, 187], "inst": "http://dbpedia.org/resource/Amnesty_International", "dbpInterestingClasses": "dbpedia-owl:Organisation|dbpedia-owl:Person", "dbpSpecificClasses": "dbpedia-owl:Non-ProfitOrganisation|dbpedia-owl:Person", "confidence": 0.5900000000000001}, {"indices": [226, 240], "inst": "http://dbpedia.org/resource/Women's_rights", "dbpInterestingClasses": "owl:Thing", "dbpSpecificClasses": "owl:Thing", "confidence": -0.76}]}}