{"text": "Kansas lawmakers approve a tax bill but the state still might not see big tax cuts. Kansas legislators are struggling to overcome political divisions that have prevented their state's residents from seeing major income tax cuts over the past...", "entities": {"Mention": [{"indices": [0, 6], "inst": "http://dbpedia.org/resource/Kansas", "dbpInterestingClasses": "dbpedia-owl:PopulatedPlace", "dbpSpecificClasses": "dbpedia-owl:AdministrativeRegion", "confidence": -0.63}, {"indices": [84, 90], "inst": "http://dbpedia.org/resource/Kansas", "dbpInterestingClasses": "dbpedia-owl:PopulatedPlace", "dbpSpecificClasses": "dbpedia-owl:AdministrativeRegion", "confidence": -0.63}, {"indices": [212, 222], "inst": "http://dbpedia.org/resource/Income_tax", "dbpInterestingClasses": "", "dbpSpecificClasses": "dbpedia-owl:Work", "confidence": -0.655}]}}