{"text": "Aramco Investing \u2018Big Time\u2019 In Renewables But CEO Slams \u2018Fantasy\u2019 Of Phasing Out Oil And Gas. Saudi energy behemoth Aramco is investing \"big time\" in renewables and cleantech but wants the world to ditch the fantasy economics of phasing out oil and gas.", "entities": {"Mention": [{"indices": [0, 6], "inst": "http://dbpedia.org/resource/Saudi_Aramco", "dbpInterestingClasses": "dbpedia-owl:Organisation", "dbpSpecificClasses": "dbpedia-owl:Organisation", "confidence": 0.775}, {"indices": [31, 41], "inst": "http://dbpedia.org/resource/Renewable_energy", "dbpInterestingClasses": "dbpedia-owl:Person", "dbpSpecificClasses": "dbpedia-owl:Person|dbpedia-owl:Book", "confidence": -0.545}, {"indices": [46, 49], "inst": "http://dbpedia.org/resource/Chief_executive_officer", "dbpInterestingClasses": "owl:Thing", "dbpSpecificClasses": "owl:Thing", "confidence": -0.7}, {"indices": [116, 122], "inst": "http://dbpedia.org/resource/Saudi_Aramco", "dbpInterestingClasses": "dbpedia-owl:Organisation", "dbpSpecificClasses": "dbpedia-owl:Organisation", "confidence": 0.775}]}}