{"text": "Vatican blasts gender-affirming surgery, surrogacy and gender theory as violations of human dignity. The Vatican on Monday declared gender-affirming surgery and surrogacy as grave violations of human dignity, putting them on par with abortion and euthanasia as practices that reject God\u2019s plan for human life.", "entities": {"Mention": [{"indices": [0, 7], "inst": "http://dbpedia.org/resource/Holy_See", "dbpInterestingClasses": "dbpedia-owl:PopulatedPlace|dbpedia-owl:Person", "dbpSpecificClasses": "dbpedia-owl:Country|dbpedia-owl:Person", "confidence": -0.81}, {"indices": [55, 68], "inst": "http://dbpedia.org/resource/Gender_studies", "dbpInterestingClasses": "dbpedia-owl:Person", "dbpSpecificClasses": "dbpedia-owl:Work|dbpedia-owl:Person", "confidence": 0.5805}, {"indices": [105, 112], "inst": "http://dbpedia.org/resource/Holy_See", "dbpInterestingClasses": "dbpedia-owl:PopulatedPlace|dbpedia-owl:Person", "dbpSpecificClasses": "dbpedia-owl:Country|dbpedia-owl:Person", "confidence": -0.81}, {"indices": [283, 288], "inst": "http://dbpedia.org/resource/God_in_Christianity", "dbpInterestingClasses": "dbpedia-owl:Person", "dbpSpecificClasses": "dbpedia-owl:Person", "confidence": -0.7008333333333333}]}}