{"text": "The ultimate guide to cannabis in Provincetown. There's so much I adore about Provincetown. It's one of the premier LGBTQ+ destinations in America, boasting a vibrant art scene, stunning beaches and trails, yummy culinary delights, entertainment, and an impressive four cannabis dispensaries within a mile\u2014a\u2026", "entities": {"Mention": [{"indices": [34, 46], "inst": "http://dbpedia.org/resource/Provincetown,_Massachusetts", "dbpInterestingClasses": "dbpedia-owl:PopulatedPlace", "dbpSpecificClasses": "dbpedia-owl:Town|dbpedia-owl:AdministrativeRegion|dbpedia-owl:City", "confidence": 0.66}, {"indices": [78, 90], "inst": "http://dbpedia.org/resource/Provincetown,_Massachusetts", "dbpInterestingClasses": "dbpedia-owl:PopulatedPlace", "dbpSpecificClasses": "dbpedia-owl:Town|dbpedia-owl:AdministrativeRegion|dbpedia-owl:City", "confidence": 0.66}, {"indices": [116, 122], "inst": "http://dbpedia.org/resource/LGBT", "dbpInterestingClasses": "dbpedia-owl:Person", "dbpSpecificClasses": "dbpedia-owl:Person", "confidence": -0.5228095238095238}, {"indices": [139, 146], "inst": "http://dbpedia.org/resource/United_States", "dbpInterestingClasses": "dbpedia-owl:PopulatedPlace", "dbpSpecificClasses": "dbpedia-owl:Country", "confidence": 0.5700000000000006}]}}