{"text": "How Are Women Helping Shape The Amazon In Colombia?. A researcher in Colombia has been investigating the impact that women have had in the Amazon region since the signing of the peace deal with the FARC guerrillas in 2016.", "entities": {"Mention": [{"indices": [32, 38], "inst": "http://dbpedia.org/resource/Amazon.com", "dbpInterestingClasses": "dbpedia-owl:Organisation", "dbpSpecificClasses": "dbpedia-owl:Organisation", "confidence": -0.74}, {"indices": [42, 50], "inst": "http://dbpedia.org/resource/Colombia", "dbpInterestingClasses": "dbpedia-owl:PopulatedPlace", "dbpSpecificClasses": "dbpedia-owl:Country", "confidence": 0.61}, {"indices": [69, 77], "inst": "http://dbpedia.org/resource/Colombia", "dbpInterestingClasses": "dbpedia-owl:PopulatedPlace", "dbpSpecificClasses": "dbpedia-owl:Country", "confidence": 0.61}, {"indices": [139, 152], "inst": "http://dbpedia.org/resource/Amazon_rainforest", "dbpInterestingClasses": "", "dbpSpecificClasses": "dbpedia-owl:Location", "confidence": -0.6249999999999999}, {"indices": [198, 202], "inst": "http://dbpedia.org/resource/FARC", "dbpInterestingClasses": "dbpedia-owl:Organisation|dbpedia-owl:Person", "dbpSpecificClasses": "dbpedia-owl:MilitaryUnit|dbpedia-owl:Person", "confidence": -0.5866666666666667}]}}