{"text": "Female-Owned La Barbecue Thriving In Austin. The woman-owned bbq spot la Barbecue in Austin shows that women can run barbecue joints and prepare tasty bbq items, just as well, if not better, than men.", "entities": {"Mention": [{"indices": [16, 24], "inst": "http://dbpedia.org/resource/Barbecue", "dbpInterestingClasses": "dbpedia-owl:Person", "dbpSpecificClasses": "dbpedia-owl:Person", "confidence": -0.55}, {"indices": [37, 43], "inst": "http://dbpedia.org/resource/Austin,_Texas", "dbpInterestingClasses": "dbpedia-owl:PopulatedPlace", "dbpSpecificClasses": "dbpedia-owl:City|dbpedia-owl:AdministrativeRegion", "confidence": -0.58}, {"indices": [85, 91], "inst": "http://dbpedia.org/resource/Austin,_Texas", "dbpInterestingClasses": "dbpedia-owl:PopulatedPlace", "dbpSpecificClasses": "dbpedia-owl:City|dbpedia-owl:AdministrativeRegion", "confidence": -0.58}]}}