{"text": "Louisiana\u2019s transgender \u2018bathroom bill\u2019 clears first hurdle. A bill that that would effectively bar transgender people in Louisiana from using restrooms, locker rooms and sleeping quarters that correspond with their gender identity advanced out of a state legislative committee Monday.", "entities": {"Mention": [{"indices": [0, 11], "inst": "http://dbpedia.org/resource/Louisiana", "dbpInterestingClasses": "dbpedia-owl:PopulatedPlace", "dbpSpecificClasses": "dbpedia-owl:AdministrativeRegion", "confidence": -0.6025153609831029}, {"indices": [122, 131], "inst": "http://dbpedia.org/resource/Louisiana", "dbpInterestingClasses": "dbpedia-owl:PopulatedPlace", "dbpSpecificClasses": "dbpedia-owl:AdministrativeRegion", "confidence": -0.51}, {"indices": [216, 231], "inst": "http://dbpedia.org/resource/Gender_identity", "dbpInterestingClasses": "dbpedia-owl:Person", "dbpSpecificClasses": "dbpedia-owl:Person", "confidence": -0.81}]}}