{"text": "1 in 3 LGBTQ adults say they\u2019ve been treated unfairly by a health care provider. LGBTQ adults are twice as likely as their non-LGBTQ counterparts to report having had negative health care experiences over the last three years, according to a new KFF report.", "entities": {"Mention": [{"indices": [7, 12], "inst": "http://dbpedia.org/resource/LGBT", "dbpInterestingClasses": "dbpedia-owl:Person", "dbpSpecificClasses": "dbpedia-owl:Person", "confidence": -0.5866666666666667}, {"indices": [59, 79], "inst": "http://dbpedia.org/resource/Health_professional", "dbpInterestingClasses": "owl:Thing", "dbpSpecificClasses": "owl:Thing", "confidence": -0.6306666666666666}, {"indices": [81, 86], "inst": "http://dbpedia.org/resource/LGBT", "dbpInterestingClasses": "dbpedia-owl:Person", "dbpSpecificClasses": "dbpedia-owl:Person", "confidence": -0.5866666666666667}, {"indices": [127, 132], "inst": "http://dbpedia.org/resource/LGBT", "dbpInterestingClasses": "dbpedia-owl:Person", "dbpSpecificClasses": "dbpedia-owl:Person", "confidence": -0.5866666666666667}]}}