{"text": "Iran attacks add urgency to stalled congressional aid effort for Israel. As the House returns to session on Monday, there is little clarity on what type of aid package Republicans will take up.", "entities": {"Mention": [{"indices": [0, 4], "inst": "http://dbpedia.org/resource/Iran", "dbpInterestingClasses": "dbpedia-owl:PopulatedPlace", "dbpSpecificClasses": "dbpedia-owl:Country", "confidence": 0.62}, {"indices": [65, 71], "inst": "http://dbpedia.org/resource/Israel", "dbpInterestingClasses": "dbpedia-owl:PopulatedPlace", "dbpSpecificClasses": "dbpedia-owl:Country", "confidence": 0.63}, {"indices": [168, 179], "inst": "http://dbpedia.org/resource/Republican_Party_(United_States)", "dbpInterestingClasses": "dbpedia-owl:Organisation", "dbpSpecificClasses": "dbpedia-owl:PoliticalParty", "confidence": -0.53}]}}