{"text": "The Future Of Black Entrepreneurship: Emerging Trends And Opportunities. In recent years, there has been a shift toward more inclusivity and diversity, creating incredible opportunities for Black entrepreneurs.", "entities": {"Mention": [{"indices": [14, 19], "inst": "http://dbpedia.org/resource/Race_and_ethnicity_in_the_United_States_Census", "dbpInterestingClasses": "owl:Thing", "dbpSpecificClasses": "owl:Thing", "confidence": -0.73}, {"indices": [20, 36], "inst": "http://dbpedia.org/resource/Entrepreneurship", "dbpInterestingClasses": "owl:Thing", "dbpSpecificClasses": "owl:Thing", "confidence": -0.644999999999998}, {"indices": [190, 195], "inst": "http://dbpedia.org/resource/Race_and_ethnicity_in_the_United_States_Census", "dbpInterestingClasses": "owl:Thing", "dbpSpecificClasses": "owl:Thing", "confidence": -0.68}]}}