{"text": "Report: Mitch McConnell Urges Republicans to Oppose Term Limits. Republican Senate Minority Leader Mitch McConnell (KY) has reportedly told his colleagues to oppose the idea of term limits, which aligns with his past public statements.", "entities": {"Mention": [{"indices": [8, 23], "inst": "http://dbpedia.org/resource/Mitch_McConnell", "dbpInterestingClasses": "dbpedia-owl:Person", "dbpSpecificClasses": "dbpedia-owl:Politician", "confidence": 0.825}, {"indices": [30, 41], "inst": "http://dbpedia.org/resource/Republican_Party_(United_States)", "dbpInterestingClasses": "dbpedia-owl:Organisation", "dbpSpecificClasses": "dbpedia-owl:PoliticalParty", "confidence": -0.53}, {"indices": [52, 63], "inst": "http://dbpedia.org/resource/Term_limit", "dbpInterestingClasses": "owl:Thing", "dbpSpecificClasses": "owl:Thing", "confidence": -0.6100000000000001}, {"indices": [65, 75], "inst": "http://dbpedia.org/resource/Republican_Party_(United_States)", "dbpInterestingClasses": "dbpedia-owl:Organisation", "dbpSpecificClasses": "dbpedia-owl:PoliticalParty", "confidence": -0.65}, {"indices": [76, 98], "inst": "http://dbpedia.org/resource/Party_leaders_of_the_United_States_Senate", "dbpInterestingClasses": "owl:Thing", "dbpSpecificClasses": "owl:Thing", "confidence": -0.69}, {"indices": [177, 188], "inst": "http://dbpedia.org/resource/Term_limit", "dbpInterestingClasses": "owl:Thing", "dbpSpecificClasses": "owl:Thing", "confidence": -0.6100000000000001}]}}