{"text": "20 Simple Ways For Team Leaders To Nurture Inclusivity. Team leaders influence the daily experiences of their teammates. The true measure of inclusion lies in the everyday interactions and behaviors within an organization.", "entities": {"Mention": [{"indices": [19, 31], "inst": "http://dbpedia.org/resource/Fireteam", "dbpInterestingClasses": "dbpedia-owl:Organisation", "dbpSpecificClasses": "dbpedia-owl:MilitaryUnit|dbpedia-owl:Book", "confidence": -0.6933486943164362}, {"indices": [35, 42], "inst": "http://dbpedia.org/resource/Nature_versus_nurture", "dbpInterestingClasses": "owl:Thing", "dbpSpecificClasses": "owl:Thing", "confidence": -0.81666666666666}]}}