{"text": "The Democratization Of AI: Bridging The Gap Between Monopolization And Personal Empowerment. As we navigate the democratization of AI, addressing the widening chasm between its monopolization and the empowerment of individuals is imperative.", "entities": {"Mention": [{"indices": [4, 19], "inst": "http://dbpedia.org/resource/Democratization", "dbpInterestingClasses": "owl:Thing", "dbpSpecificClasses": "owl:Thing", "confidence": -0.88}, {"indices": [23, 25], "inst": "http://dbpedia.org/resource/Artificial_intelligence", "dbpInterestingClasses": "dbpedia-owl:Person", "dbpSpecificClasses": "dbpedia-owl:Person|dbpedia-owl:Book", "confidence": -0.77}, {"indices": [27, 43], "inst": "http://dbpedia.org/resource/Bridging_the_Gap_(Black_Eyed_Peas_album)", "dbpInterestingClasses": "", "dbpSpecificClasses": "dbpedia-owl:Album", "confidence": -0.7666666666666667}]}}