{"text": "The Warhol \u201cSuperstar\u201d Candy Darling and the Fight to Be Seen. Hilton Als reviews Cynthia Carr\u2019s new biography of Candy Darling, the trans actress and Warhol star, who worked brilliantly to create a persona but had no control over how that persona was used or not used.", "entities": {"Mention": [{"indices": [4, 10], "inst": "http://dbpedia.org/resource/Andy_Warhol", "dbpInterestingClasses": "dbpedia-owl:Person", "dbpSpecificClasses": "dbpedia-owl:Painter|dbpedia-owl:Painting", "confidence": -0.65}, {"indices": [23, 36], "inst": "http://dbpedia.org/resource/Candy_Darling", "dbpInterestingClasses": "dbpedia-owl:Person", "dbpSpecificClasses": "dbpedia-owl:Artist", "confidence": 0.8625}, {"indices": [63, 73], "inst": "http://dbpedia.org/resource/Hilton_Als", "dbpInterestingClasses": "dbpedia-owl:Person", "dbpSpecificClasses": "dbpedia-owl:Writer", "confidence": 0.72}, {"indices": [82, 94], "inst": "http://dbpedia.org/resource/Cynthia_Carr", "dbpInterestingClasses": "dbpedia-owl:Person", "dbpSpecificClasses": "dbpedia-owl:Person", "confidence": 0.5494695052122255}, {"indices": [114, 127], "inst": "http://dbpedia.org/resource/Candy_Darling", "dbpInterestingClasses": "dbpedia-owl:Person", "dbpSpecificClasses": "dbpedia-owl:Artist", "confidence": 0.8625}, {"indices": [151, 157], "inst": "http://dbpedia.org/resource/Andy_Warhol", "dbpInterestingClasses": "dbpedia-owl:Person", "dbpSpecificClasses": "dbpedia-owl:Painter|dbpedia-owl:Painting", "confidence": 0.555}]}}