{"text": "Bipartisan spending bill includes effective ban on Pride flags over U.S. embassies. A ban on U.S. embassies flying LGBTQ Pride flags is part of a bipartisan funding deal to avoid a government shutdown ahead of a weekend deadline.", "entities": {"Mention": [{"indices": [51, 62], "inst": "http://dbpedia.org/resource/Rainbow_flag_(LGBT_movement)", "dbpInterestingClasses": "owl:Thing", "dbpSpecificClasses": "owl:Thing", "confidence": -0.6938095238095239}, {"indices": [121, 132], "inst": "http://dbpedia.org/resource/Rainbow_flag_(LGBT_movement)", "dbpInterestingClasses": "owl:Thing", "dbpSpecificClasses": "owl:Thing", "confidence": -0.6938095238095239}]}}