{"text": "NAIA bans transgender women from competing in women\u2019s sports. The National Association of Intercollegiate Athletics has rolled out a new policy that bans trans women from competing in women\u2019s sports at more than 200 mostly small colleges.", "entities": {"Mention": [{"indices": [0, 4], "inst": "http://dbpedia.org/resource/National_Association_of_Intercollegiate_Athletics", "dbpInterestingClasses": "dbpedia-owl:Organisation|dbpedia-owl:Person", "dbpSpecificClasses": "dbpedia-owl:Organisation|dbpedia-owl:Person", "confidence": -0.63}, {"indices": [10, 27], "inst": "http://dbpedia.org/resource/Trans_woman", "dbpInterestingClasses": "dbpedia-owl:Person", "dbpSpecificClasses": "dbpedia-owl:Person", "confidence": -0.8116986849697572}, {"indices": [66, 115], "inst": "http://dbpedia.org/resource/National_Association_of_Intercollegiate_Athletics", "dbpInterestingClasses": "dbpedia-owl:Organisation|dbpedia-owl:Person", "dbpSpecificClasses": "dbpedia-owl:Organisation|dbpedia-owl:Person", "confidence": 0.6466666666666666}, {"indices": [154, 165], "inst": "http://dbpedia.org/resource/Trans_woman", "dbpInterestingClasses": "dbpedia-owl:Person", "dbpSpecificClasses": "dbpedia-owl:Person", "confidence": -0.8025320183030905}]}}