{"text": "Meet The Team Behind GLAAD\u2019s Black LGBTQ+ Media Advocacy. GLAAD's Communities of Color Department has emerged as a dynamic force for change within the organization and the broader landscape of media and entertainment.", "entities": {"Mention": [{"indices": [21, 26], "inst": "http://dbpedia.org/resource/GLAAD", "dbpInterestingClasses": "dbpedia-owl:Organisation|dbpedia-owl:Person", "dbpSpecificClasses": "dbpedia-owl:Non-ProfitOrganisation|dbpedia-owl:Person", "confidence": -0.5466666666666666}, {"indices": [29, 34], "inst": "http://dbpedia.org/resource/Race_and_ethnicity_in_the_United_States_Census", "dbpInterestingClasses": "owl:Thing", "dbpSpecificClasses": "owl:Thing", "confidence": -0.68}, {"indices": [35, 41], "inst": "http://dbpedia.org/resource/LGBT", "dbpInterestingClasses": "dbpedia-owl:Person", "dbpSpecificClasses": "dbpedia-owl:Person", "confidence": -0.5028095238095238}, {"indices": [48, 56], "inst": "http://dbpedia.org/resource/Advocacy", "dbpInterestingClasses": "owl:Thing", "dbpSpecificClasses": "owl:Thing", "confidence": -0.88}, {"indices": [66, 86], "inst": "http://dbpedia.org/resource/Person_of_color", "dbpInterestingClasses": "owl:Thing", "dbpSpecificClasses": "owl:Thing", "confidence": -0.805}, {"indices": [87, 97], "inst": "http://dbpedia.org/resource/Departments_of_France", "dbpInterestingClasses": "owl:Thing", "dbpSpecificClasses": "owl:Thing", "confidence": -0.58}]}}