{"text": "The Best New Movies On Netflix In 2024: March Edition. The year 2024 has already been a heck of a year on Netflix\ufeff\ufeff, which hasn\u2019t missed a step for a single week in its movie releases. Here are the best ones so far.", "entities": {"Mention": [{"indices": [13, 19], "inst": "http://dbpedia.org/resource/Film", "dbpInterestingClasses": "dbpedia-owl:Person", "dbpSpecificClasses": "dbpedia-owl:Person|dbpedia-owl:Book", "confidence": -0.66}, {"indices": [23, 30], "inst": "http://dbpedia.org/resource/Netflix", "dbpInterestingClasses": "dbpedia-owl:Organisation", "dbpSpecificClasses": "dbpedia-owl:Organisation", "confidence": 0.69}, {"indices": [106, 113], "inst": "http://dbpedia.org/resource/Netflix", "dbpInterestingClasses": "dbpedia-owl:Organisation", "dbpSpecificClasses": "dbpedia-owl:Organisation", "confidence": 0.69}]}}