{"text": "Two men charged with distributing illicit drugs in death of transgender activist. Two men were charged with distributing illicit drugs that caused the death of prominent transgender activist, author and actor Cecilia Gentili last month, the Department of Justice said.", "entities": {"Mention": [{"indices": [34, 47], "inst": "http://dbpedia.org/resource/Illegal_drug_trade", "dbpInterestingClasses": "owl:Thing", "dbpSpecificClasses": "owl:Thing", "confidence": -0.71}, {"indices": [121, 134], "inst": "http://dbpedia.org/resource/Illegal_drug_trade", "dbpInterestingClasses": "owl:Thing", "dbpSpecificClasses": "owl:Thing", "confidence": -0.71}, {"indices": [241, 262], "inst": "http://dbpedia.org/resource/United_States_Department_of_Justice", "dbpInterestingClasses": "dbpedia-owl:Organisation", "dbpSpecificClasses": "dbpedia-owl:GovernmentAgency", "confidence": -0.75}]}}