{"text": "Report: Washington 'Trans-Identifying Male Inmate' Had Sex with Female Prisoner in Cell. A male felon who is living as a woman is accused of having sex with a female inmate in a prison cell in Washington state on March 14.\nThe post Report: Washington \u2018Trans-Identifying Male Inmate\u2019 Had Sex with Female Prisoner in Cell appeared first on Breitbart.", "entities": {"Mention": [{"indices": [8, 18], "inst": "http://dbpedia.org/resource/Washington_(state)", "dbpInterestingClasses": "dbpedia-owl:PopulatedPlace", "dbpSpecificClasses": "dbpedia-owl:AdministrativeRegion", "confidence": -0.75}, {"indices": [83, 87], "inst": "http://dbpedia.org/resource/Cell_(biology)", "dbpInterestingClasses": "", "dbpSpecificClasses": "dbpedia-owl:AnatomicalStructure|dbpedia-owl:Book", "confidence": -0.83}, {"indices": [193, 209], "inst": "http://dbpedia.org/resource/Washington_(state)", "dbpInterestingClasses": "dbpedia-owl:PopulatedPlace", "dbpSpecificClasses": "dbpedia-owl:AdministrativeRegion", "confidence": -0.6299999999999997}, {"indices": [240, 250], "inst": "http://dbpedia.org/resource/Washington_(state)", "dbpInterestingClasses": "dbpedia-owl:PopulatedPlace", "dbpSpecificClasses": "dbpedia-owl:AdministrativeRegion", "confidence": -0.75}, {"indices": [315, 319], "inst": "http://dbpedia.org/resource/Cell_(biology)", "dbpInterestingClasses": "", "dbpSpecificClasses": "dbpedia-owl:AnatomicalStructure|dbpedia-owl:Book", "confidence": -0.83}, {"indices": [338, 347], "inst": "http://dbpedia.org/resource/Andrew_Breitbart", "dbpInterestingClasses": "dbpedia-owl:Person", "dbpSpecificClasses": "dbpedia-owl:Person", "confidence": 0.5250571027850132}]}}