{"text": "Watch: 70-Year-Old Transgender Lawyer Stephanie Mueller Goes Viral for Provocative Courtroom Outfit. A deep-voiced male lawyer is being jeered for his decision to sexually display himself as a big-chested woman in a low-cut dress.\nThe post Watch: 70-Year-Old Transgender Lawyer Stephanie Mueller Goes Viral for Provocative Courtroom Outfit appeared first on Br\u2026", "entities": {"Mention": [{"indices": [19, 30], "inst": "http://dbpedia.org/resource/Transgender", "dbpInterestingClasses": "dbpedia-owl:Person", "dbpSpecificClasses": "dbpedia-owl:Disease|dbpedia-owl:Person", "confidence": -0.5966666666666667}, {"indices": [38, 55], "inst": "http://dbpedia.org/resource/Stephanie_M\u00fcller", "dbpInterestingClasses": "owl:Thing", "dbpSpecificClasses": "owl:Thing", "confidence": -0.85}, {"indices": [259, 270], "inst": "http://dbpedia.org/resource/Transgender", "dbpInterestingClasses": "dbpedia-owl:Person", "dbpSpecificClasses": "dbpedia-owl:Disease|dbpedia-owl:Person", "confidence": -0.5966666666666667}, {"indices": [278, 295], "inst": "http://dbpedia.org/resource/Stephanie_M\u00fcller", "dbpInterestingClasses": "owl:Thing", "dbpSpecificClasses": "owl:Thing", "confidence": -0.85}]}}