{"text": "Congress Unveils $1.2 Trillion Plan to Fund Agencies to Sept. 30. (Bloomberg) -- Congressional leaders released details of a $1.2 trillion deal to keep open most US government agencies through Sept. 30, acting just days...", "entities": {"Mention": [{"indices": [67, 76], "inst": "http://dbpedia.org/resource/Bloomberg_L.P.", "dbpInterestingClasses": "dbpedia-owl:Organisation", "dbpSpecificClasses": "dbpedia-owl:Bank", "confidence": -0.8}, {"indices": [162, 175], "inst": "http://dbpedia.org/resource/Federal_government_of_the_United_States", "dbpInterestingClasses": "dbpedia-owl:Person", "dbpSpecificClasses": "dbpedia-owl:Person", "confidence": -0.5016666666666666}]}}