{"text": "Arizona Bookstore Nixes \u2018Drag Show for Palestine\u2019 Event After Backlash: \u2018They Should Do This in Palestine\u2019. A bilingual Arizona bookstore canceled its family-friendly \u201cDrag Show for Palestine\u201d following backlash over the planned performance, with critics noting that drag shows \u2014 as well as any sort of LGBTQ expression \u2014 are strictly prohibited in Palestinian-contro\u2026", "entities": {"Mention": [{"indices": [0, 7], "inst": "http://dbpedia.org/resource/Arizona", "dbpInterestingClasses": "dbpedia-owl:PopulatedPlace", "dbpSpecificClasses": "dbpedia-owl:AdministrativeRegion", "confidence": 0.52}, {"indices": [8, 17], "inst": "http://dbpedia.org/resource/Bookselling", "dbpInterestingClasses": "", "dbpSpecificClasses": "dbpedia-owl:Book", "confidence": -0.6806666666666666}, {"indices": [18, 23], "inst": "http://dbpedia.org/resource/Neck_(water_spirit)", "dbpInterestingClasses": "", "dbpSpecificClasses": "dbpedia-owl:Location", "confidence": -0.6828095238095239}, {"indices": [25, 34], "inst": "http://dbpedia.org/resource/Drag_queen", "dbpInterestingClasses": "owl:Thing", "dbpSpecificClasses": "owl:Thing", "confidence": -0.6288095238095237}, {"indices": [39, 48], "inst": "http://dbpedia.org/resource/Palestine_(region)", "dbpInterestingClasses": "owl:Thing", "dbpSpecificClasses": "owl:Thing", "confidence": -0.81}, {"indices": [96, 105], "inst": "http://dbpedia.org/resource/Palestine_(region)", "dbpInterestingClasses": "owl:Thing", "dbpSpecificClasses": "owl:Thing", "confidence": -0.81}, {"indices": [120, 127], "inst": "http://dbpedia.org/resource/Arizona", "dbpInterestingClasses": "dbpedia-owl:PopulatedPlace", "dbpSpecificClasses": "dbpedia-owl:AdministrativeRegion", "confidence": 0.52}, {"indices": [168, 177], "inst": "http://dbpedia.org/resource/Drag_queen", "dbpInterestingClasses": "owl:Thing", "dbpSpecificClasses": "owl:Thing", "confidence": -0.6288095238095237}, {"indices": [182, 191], "inst": "http://dbpedia.org/resource/Palestine_(region)", "dbpInterestingClasses": "owl:Thing", "dbpSpecificClasses": "owl:Thing", "confidence": -0.81}, {"indices": [267, 277], "inst": "http://dbpedia.org/resource/Drag_queen", "dbpInterestingClasses": "owl:Thing", "dbpSpecificClasses": "owl:Thing", "confidence": -0.6888095238095236}, {"indices": [303, 308], "inst": "http://dbpedia.org/resource/LGBT", "dbpInterestingClasses": "dbpedia-owl:Person", "dbpSpecificClasses": "dbpedia-owl:Person", "confidence": -0.5866666666666667}]}}