{"text": "Vatican condemns gender-affirming surgery as threatening \u2018unique dignity\u2019 of a person. The document, which also goes after abortion and surrogacy, was approved by Pope Francis, who has had a mixed record on LGBTQ+ rights support.", "entities": {"Mention": [{"indices": [0, 7], "inst": "http://dbpedia.org/resource/Holy_See", "dbpInterestingClasses": "dbpedia-owl:PopulatedPlace|dbpedia-owl:Person", "dbpSpecificClasses": "dbpedia-owl:Country|dbpedia-owl:Person", "confidence": -0.81}, {"indices": [163, 175], "inst": "http://dbpedia.org/resource/Pope_Francis", "dbpInterestingClasses": "dbpedia-owl:Person", "dbpSpecificClasses": "dbpedia-owl:Pope|dbpedia-owl:Religious", "confidence": 0.8}, {"indices": [207, 213], "inst": "http://dbpedia.org/resource/LGBT", "dbpInterestingClasses": "dbpedia-owl:Person", "dbpSpecificClasses": "dbpedia-owl:Person", "confidence": -0.5228095238095238}]}}