{"text": "Cancer, Anemia, Pregnancy: AI Based Technologies Impact Patient Care. Cancer, anemia, and pregnancy: How AI based technologies can make impact for patients", "entities": {"Mention": [{"indices": [8, 14], "inst": "http://dbpedia.org/resource/Anemia", "dbpInterestingClasses": "", "dbpSpecificClasses": "dbpedia-owl:Disease", "confidence": -0.5566666666666666}, {"indices": [36, 48], "inst": "http://dbpedia.org/resource/Technology", "dbpInterestingClasses": "dbpedia-owl:Person", "dbpSpecificClasses": "dbpedia-owl:Person|dbpedia-owl:Book", "confidence": -0.6473684210526315}, {"indices": [56, 68], "inst": "http://dbpedia.org/resource/Health_care", "dbpInterestingClasses": "owl:Thing", "dbpSpecificClasses": "owl:Thing", "confidence": -0.63}]}}