{"text": "The Ideas Behind The Harlem Renaissance. That aggregation of talent, energy and audience created what felt like a moment of rupture and renewal, a chance to reinvent Black life and Black consciousness, to escape the self-imprisoning consciousness that Du Bois anatomized and the even more debilitatin\u2026", "entities": {"Mention": [{"indices": [21, 39], "inst": "http://dbpedia.org/resource/Harlem_Renaissance", "dbpInterestingClasses": "dbpedia-owl:Person", "dbpSpecificClasses": "dbpedia-owl:Person", "confidence": 0.55}, {"indices": [166, 176], "inst": "http://dbpedia.org/resource/African-American_culture", "dbpInterestingClasses": "owl:Thing", "dbpSpecificClasses": "owl:Thing", "confidence": -0.7021428571428571}]}}