{"text": "French soccer federation limits support for players' Ramadan observance. Critics see discrimination. For Muslim soccer players in deeply secular France, observing Ramadan is a tall order, and this is not about to change. Wielding the principle of religious neutrality enshrined in the French constitution, the country\u2019s soccer federation does not make things e\u2026", "entities": {"Mention": [{"indices": [105, 111], "inst": "http://dbpedia.org/resource/Muslim", "dbpInterestingClasses": "dbpedia-owl:Person", "dbpSpecificClasses": "dbpedia-owl:Person", "confidence": -0.67}, {"indices": [145, 151], "inst": "http://dbpedia.org/resource/France", "dbpInterestingClasses": "dbpedia-owl:PopulatedPlace", "dbpSpecificClasses": "dbpedia-owl:Country", "confidence": 0.68}, {"indices": [285, 304], "inst": "http://dbpedia.org/resource/Constitution_of_France", "dbpInterestingClasses": "owl:Thing", "dbpSpecificClasses": "owl:Thing", "confidence": -0.779788887906401}]}}