{"text": "South Korea's opposition wins in landslide parliamentary elections. South Korea's liberal opposition wins nearly two-thirds of the seats in parliamentary elections, blowing a crushing defeat to President Yoon Suk Yeol.", "entities": {"Mention": [{"indices": [0, 13], "inst": "http://dbpedia.org/resource/South_Korea", "dbpInterestingClasses": "dbpedia-owl:PopulatedPlace", "dbpSpecificClasses": "dbpedia-owl:Country", "confidence": -0.6383950617283943}, {"indices": [68, 81], "inst": "http://dbpedia.org/resource/South_Korea", "dbpInterestingClasses": "dbpedia-owl:PopulatedPlace", "dbpSpecificClasses": "dbpedia-owl:Country", "confidence": -0.6383950617283943}]}}