{"text": "COVID propaganda roundup: Future biotech to \u2018determine what you think about the government\u2019. Yuval Noah Harari: Biometric surveillance, enabled by COVID fear, \u2018can determine what you think about the government\u2019 \u201cNo social stability without individual stability.\u201d -Aldous Huxley,\u00a0Brave New World The brazenness of the current biomedical security state r\u2026", "entities": {"Mention": [{"indices": [93, 110], "inst": "http://dbpedia.org/resource/Yuval_Harari", "dbpInterestingClasses": "dbpedia-owl:Person", "dbpSpecificClasses": "dbpedia-owl:Scientist|dbpedia-owl:Writer", "confidence": 0.8575}, {"indices": [264, 277], "inst": "http://dbpedia.org/resource/Aldous_Huxley", "dbpInterestingClasses": "dbpedia-owl:Person", "dbpSpecificClasses": "dbpedia-owl:Writer", "confidence": 0.845}, {"indices": [279, 294], "inst": "http://dbpedia.org/resource/Brave_New_World", "dbpInterestingClasses": "", "dbpSpecificClasses": "dbpedia-owl:Book", "confidence": -0.61}]}}