{"text": "Rwanda marks 30 years since 1994 genocide of Tutsis. April 7 marks 30 years since the start of a genocide that would see nearly 1 million Tutsis and moderate Hutus murdered in Rwanda. Scars on survivors' bodies remind Rwandans of the killings. A deep trauma also remains.", "entities": {"Mention": [{"indices": [0, 6], "inst": "http://dbpedia.org/resource/Rwanda", "dbpInterestingClasses": "dbpedia-owl:PopulatedPlace", "dbpSpecificClasses": "dbpedia-owl:Country", "confidence": 0.62}, {"indices": [33, 51], "inst": "http://dbpedia.org/resource/Rwandan_Genocide", "dbpInterestingClasses": "dbpedia-owl:Person", "dbpSpecificClasses": "dbpedia-owl:Person", "confidence": 0.5909404761904762}, {"indices": [138, 144], "inst": "http://dbpedia.org/resource/Tutsi", "dbpInterestingClasses": "", "dbpSpecificClasses": "dbpedia-owl:EthnicGroup", "confidence": 0.5083333333333334}, {"indices": [158, 163], "inst": "http://dbpedia.org/resource/Hutu", "dbpInterestingClasses": "", "dbpSpecificClasses": "dbpedia-owl:EthnicGroup", "confidence": 0.5033333333333334}, {"indices": [176, 182], "inst": "http://dbpedia.org/resource/Rwanda", "dbpInterestingClasses": "dbpedia-owl:PopulatedPlace", "dbpSpecificClasses": "dbpedia-owl:Country", "confidence": 0.62}, {"indices": [218, 226], "inst": "http://dbpedia.org/resource/Rwanda", "dbpInterestingClasses": "dbpedia-owl:PopulatedPlace", "dbpSpecificClasses": "dbpedia-owl:Country", "confidence": 0.5333333333333333}]}}