{"text": "What to know about the Moscow concert attack and what's next in the case. Russia is still reeling from Friday's attack. Authorities have confirmed at least 137 dead. Suspects, some showing signs of torture, have been charged. Here are other key developments.", "entities": {"Mention": [{"indices": [23, 29], "inst": "http://dbpedia.org/resource/Moscow", "dbpInterestingClasses": "dbpedia-owl:PopulatedPlace", "dbpSpecificClasses": "dbpedia-owl:AdministrativeRegion|dbpedia-owl:City", "confidence": -0.64}, {"indices": [74, 80], "inst": "http://dbpedia.org/resource/Russia", "dbpInterestingClasses": "dbpedia-owl:PopulatedPlace", "dbpSpecificClasses": "dbpedia-owl:Country", "confidence": 0.68}]}}