{"text": "Michigan Democrat Gov. Gretchen Whitmer Lifts Ban on Compensated Surrogacy. Democrat Michigan Gov. Gretchen Whitmer signed bills on Monday repealing the state's ban on compensated surrogacy.\nThe post Michigan Democrat Gov. Gretchen Whitmer Lifts Ban on Compensated Surrogacy appeared first on Breitbart.", "entities": {"Mention": [{"indices": [0, 8], "inst": "http://dbpedia.org/resource/Michigan", "dbpInterestingClasses": "dbpedia-owl:PopulatedPlace", "dbpSpecificClasses": "dbpedia-owl:AdministrativeRegion", "confidence": 0.5307692307692308}, {"indices": [9, 17], "inst": "http://dbpedia.org/resource/Democratic_Party_(United_States)", "dbpInterestingClasses": "dbpedia-owl:Organisation|dbpedia-owl:Person", "dbpSpecificClasses": "dbpedia-owl:PoliticalParty|dbpedia-owl:Person", "confidence": -0.6}, {"indices": [23, 39], "inst": "http://dbpedia.org/resource/Gretchen_Whitmer", "dbpInterestingClasses": "dbpedia-owl:Person", "dbpSpecificClasses": "dbpedia-owl:Person", "confidence": 0.7966666666666665}, {"indices": [76, 84], "inst": "http://dbpedia.org/resource/Democratic_Party_(United_States)", "dbpInterestingClasses": "dbpedia-owl:Organisation|dbpedia-owl:Person", "dbpSpecificClasses": "dbpedia-owl:PoliticalParty|dbpedia-owl:Person", "confidence": -0.59}, {"indices": [85, 93], "inst": "http://dbpedia.org/resource/Michigan", "dbpInterestingClasses": "dbpedia-owl:PopulatedPlace", "dbpSpecificClasses": "dbpedia-owl:AdministrativeRegion", "confidence": 0.5307692307692308}, {"indices": [99, 115], "inst": "http://dbpedia.org/resource/Gretchen_Whitmer", "dbpInterestingClasses": "dbpedia-owl:Person", "dbpSpecificClasses": "dbpedia-owl:Person", "confidence": 0.7966666666666665}, {"indices": [200, 208], "inst": "http://dbpedia.org/resource/Michigan", "dbpInterestingClasses": "dbpedia-owl:PopulatedPlace", "dbpSpecificClasses": "dbpedia-owl:AdministrativeRegion", "confidence": 0.5307692307692308}, {"indices": [209, 217], "inst": "http://dbpedia.org/resource/Democratic_Party_(United_States)", "dbpInterestingClasses": "dbpedia-owl:Organisation|dbpedia-owl:Person", "dbpSpecificClasses": "dbpedia-owl:PoliticalParty|dbpedia-owl:Person", "confidence": -0.6}, {"indices": [223, 239], "inst": "http://dbpedia.org/resource/Gretchen_Whitmer", "dbpInterestingClasses": "dbpedia-owl:Person", "dbpSpecificClasses": "dbpedia-owl:Person", "confidence": 0.7966666666666665}, {"indices": [240, 245], "inst": "http://dbpedia.org/resource/Elevator", "dbpInterestingClasses": "", "dbpSpecificClasses": "dbpedia-owl:Work", "confidence": -0.7966666666666667}, {"indices": [246, 252], "inst": "http://dbpedia.org/resource/Ban_On", "dbpInterestingClasses": "dbpedia-owl:PopulatedPlace", "dbpSpecificClasses": "dbpedia-owl:PopulatedPlace", "confidence": -0.69}, {"indices": [265, 274], "inst": "http://dbpedia.org/resource/Surrogacy", "dbpInterestingClasses": "dbpedia-owl:Person", "dbpSpecificClasses": "dbpedia-owl:Person", "confidence": 0.5133333333333333}, {"indices": [293, 302], "inst": "http://dbpedia.org/resource/Andrew_Breitbart", "dbpInterestingClasses": "dbpedia-owl:Person", "dbpSpecificClasses": "dbpedia-owl:Person", "confidence": 0.5250571027850132}]}}