{"text": "LGBT Community Melts Down After Biological Male Voice Actor Accuses Game Developer of 'Transphobia'. Behaviour Interactive, the developers behind the popular online survival horror game Dead By Daylight, have found themselves facing controversy after the recent addition of a new character sparked allegations of transphobia from the character's transgender vo\u2026", "entities": {"Mention": [{"indices": [0, 14], "inst": "http://dbpedia.org/resource/LGBT_community", "dbpInterestingClasses": "owl:Thing", "dbpSpecificClasses": "owl:Thing", "confidence": -0.81}, {"indices": [32, 47], "inst": "http://dbpedia.org/resource/Male", "dbpInterestingClasses": "owl:Thing", "dbpSpecificClasses": "owl:Thing", "confidence": -0.61}, {"indices": [68, 82], "inst": "http://dbpedia.org/resource/Video_game_developer", "dbpInterestingClasses": "owl:Thing", "dbpSpecificClasses": "owl:Thing", "confidence": -0.7383333333333333}, {"indices": [87, 98], "inst": "http://dbpedia.org/resource/Transphobia", "dbpInterestingClasses": "owl:Thing", "dbpSpecificClasses": "owl:Thing", "confidence": -0.68}, {"indices": [101, 122], "inst": "http://dbpedia.org/resource/Behaviour_Interactive", "dbpInterestingClasses": "dbpedia-owl:Organisation", "dbpSpecificClasses": "dbpedia-owl:Organisation", "confidence": 0.8291666666666666}, {"indices": [165, 180], "inst": "http://dbpedia.org/resource/Survival_horror", "dbpInterestingClasses": "owl:Thing", "dbpSpecificClasses": "owl:Thing", "confidence": -0.585}]}}