{"text": "50 Cent And Ex-Girlfriend Daphne Joy\u2019s Accusations Against Each Other\u2014And Connection To Lawsuit Against Diddy\u2014Explained. Joy accused 50 Cent of raping and physically abusing her, which the rapper denied.", "entities": {"Mention": [{"indices": [0, 7], "inst": "http://dbpedia.org/resource/50_Cent", "dbpInterestingClasses": "dbpedia-owl:Person", "dbpSpecificClasses": "dbpedia-owl:Singer", "confidence": -0.6}, {"indices": [88, 95], "inst": "http://dbpedia.org/resource/Lawsuit", "dbpInterestingClasses": "owl:Thing", "dbpSpecificClasses": "owl:Thing", "confidence": -0.7}, {"indices": [104, 109], "inst": "http://dbpedia.org/resource/Sean_Combs", "dbpInterestingClasses": "dbpedia-owl:Person", "dbpSpecificClasses": "dbpedia-owl:Singer", "confidence": -0.66}, {"indices": [133, 140], "inst": "http://dbpedia.org/resource/50_Cent", "dbpInterestingClasses": "dbpedia-owl:Person", "dbpSpecificClasses": "dbpedia-owl:Singer", "confidence": -0.6}]}}