{"text": "WWE Raw Results, Winners, Surprises And Grades After WrestleMania 40. WWE Raw after WrestleMania 40 advertised a celebration for Cody Rhodes after finally finishing his story in the greatest WrestleMania main event of all time.", "entities": {"Mention": [{"indices": [0, 7], "inst": "http://dbpedia.org/resource/WWE_Raw", "dbpInterestingClasses": "", "dbpSpecificClasses": "dbpedia-owl:TelevisionShow", "confidence": 0.55}, {"indices": [70, 77], "inst": "http://dbpedia.org/resource/WWE_Raw", "dbpInterestingClasses": "", "dbpSpecificClasses": "dbpedia-owl:TelevisionShow", "confidence": 0.57}, {"indices": [129, 140], "inst": "http://dbpedia.org/resource/Cody_Rhodes", "dbpInterestingClasses": "dbpedia-owl:Person", "dbpSpecificClasses": "dbpedia-owl:Wrestler", "confidence": 0.815}]}}