{"text": "'It's Easter Today, Ma'am': Kamala Harris Also Celebrated Cesar Chavez Day. Far leftists not only tried to devalue Easter by celebrating \"Transgender Day of Visibility\" on Easter Sunday; Vice President Kamala Harris also used the opportunity to celebrate C\u00e9sar Ch\u00e1vez Day.\nThe post \u2018It\u2019s Easter Today, Ma\u2019am\u2019: Kamala Harris Also Celebr\u2026", "entities": {"Mention": [{"indices": [6, 12], "inst": "http://dbpedia.org/resource/Easter", "dbpInterestingClasses": "dbpedia-owl:Person", "dbpSpecificClasses": "dbpedia-owl:Holiday|dbpedia-owl:Person", "confidence": -0.66}, {"indices": [28, 41], "inst": "http://dbpedia.org/resource/Kamala_Harris", "dbpInterestingClasses": "dbpedia-owl:Person", "dbpSpecificClasses": "dbpedia-owl:Person", "confidence": 0.8625}, {"indices": [202, 215], "inst": "http://dbpedia.org/resource/Kamala_Harris", "dbpInterestingClasses": "dbpedia-owl:Person", "dbpSpecificClasses": "dbpedia-owl:Person", "confidence": 0.8725}, {"indices": [288, 294], "inst": "http://dbpedia.org/resource/Easter", "dbpInterestingClasses": "dbpedia-owl:Person", "dbpSpecificClasses": "dbpedia-owl:Holiday|dbpedia-owl:Person", "confidence": -0.66}, {"indices": [310, 323], "inst": "http://dbpedia.org/resource/Kamala_Harris", "dbpInterestingClasses": "dbpedia-owl:Person", "dbpSpecificClasses": "dbpedia-owl:Person", "confidence": 0.8625}]}}