{"text": "Does Erdogan's defeat signal hope for Turkish diaspora?. The recent electoral defeat for the president's party has sparked joy within the opposition and inspired hope among Turks who have emigrated abroad. But is this hope strong enough to persuade them to return?", "entities": {"Mention": [{"indices": [5, 14], "inst": "http://dbpedia.org/resource/Recep_Tayyip_Erdo\u011fan", "dbpInterestingClasses": "dbpedia-owl:Person", "dbpSpecificClasses": "dbpedia-owl:President", "confidence": 0.5451971326164875}, {"indices": [38, 54], "inst": "http://dbpedia.org/resource/Turkish_diaspora", "dbpInterestingClasses": "owl:Thing", "dbpSpecificClasses": "owl:Thing", "confidence": -0.6000000000000001}, {"indices": [173, 178], "inst": "http://dbpedia.org/resource/Turkey", "dbpInterestingClasses": "dbpedia-owl:PopulatedPlace", "dbpSpecificClasses": "dbpedia-owl:Country", "confidence": 0.5700000000000006}]}}