{"text": "US to ban LGBTQ flags from embassies \u2013 Bloomberg. American embassies won\u2019t be able to fly the rainbow banner until October 1, as part of a $1.2 trillion spending deal Read Full Article at RT.com", "entities": {"Mention": [{"indices": [39, 48], "inst": "http://dbpedia.org/resource/Bloomberg_L.P.", "dbpInterestingClasses": "dbpedia-owl:Organisation", "dbpSpecificClasses": "dbpedia-owl:Bank", "confidence": -0.8}, {"indices": [172, 184], "inst": "http://dbpedia.org/resource/Unified_English_Braille", "dbpInterestingClasses": "owl:Thing", "dbpSpecificClasses": "owl:Thing", "confidence": -0.865}, {"indices": [188, 194], "inst": "http://dbpedia.org/resource/RT_(TV_network)", "dbpInterestingClasses": "dbpedia-owl:Organisation|dbpedia-owl:Person", "dbpSpecificClasses": "dbpedia-owl:TelevisionStation|dbpedia-owl:Person|dbpedia-owl:BroadcastNetwork", "confidence": 0.5546904761904762}]}}