{"text": "Endangered Baby Rhino Seen Alive On Video After Vanishing For Months. The critically endangered Eastern black rhino's birth marked a significant and rare event. Every day it can survive increases its chances of making it to adulthood.", "entities": {"Mention": [{"indices": [0, 10], "inst": "http://dbpedia.org/resource/Endangered_species", "dbpInterestingClasses": "owl:Thing", "dbpSpecificClasses": "owl:Thing", "confidence": -0.65}, {"indices": [62, 68], "inst": "http://dbpedia.org/resource/Month", "dbpInterestingClasses": "dbpedia-owl:Person", "dbpSpecificClasses": "dbpedia-owl:Person|dbpedia-owl:Book", "confidence": -0.66}, {"indices": [74, 95], "inst": "http://dbpedia.org/resource/Critically_endangered", "dbpInterestingClasses": "owl:Thing", "dbpSpecificClasses": "owl:Thing", "confidence": -0.87}]}}