{"text": "Why Boards And C-Suites Care About Employee Experience. Effective boards and senior management teams understand that healthy, engaged, secure employees perform better, make better decisions and drive superior results.", "entities": {"Mention": [{"indices": [17, 23], "inst": "http://dbpedia.org/resource/Suite_(music)", "dbpInterestingClasses": "owl:Thing", "dbpSpecificClasses": "owl:Thing", "confidence": -0.79}, {"indices": [35, 43], "inst": "http://dbpedia.org/resource/Employment", "dbpInterestingClasses": "dbpedia-owl:Person", "dbpSpecificClasses": "dbpedia-owl:Person", "confidence": -0.73}]}}