{"text": "No, Richard Simmons Isn\u2019t \u2018Dying\u2019: Reps Say Star Is \u2018Healthy And Happy\u2019 After Cryptic Tweet. Richard Simmons, who rose to fame with popular workout videos in the 1970s and early 80s, has been the subject of rampant conspiracy theories after he disappeared from public life in 2014.", "entities": {"Mention": [{"indices": [4, 19], "inst": "http://dbpedia.org/resource/Richard_Simmons", "dbpInterestingClasses": "dbpedia-owl:Person", "dbpSpecificClasses": "dbpedia-owl:Person", "confidence": -0.71}, {"indices": [93, 108], "inst": "http://dbpedia.org/resource/Richard_Simmons", "dbpInterestingClasses": "dbpedia-owl:Person", "dbpSpecificClasses": "dbpedia-owl:Person", "confidence": -0.72}, {"indices": [215, 234], "inst": "http://dbpedia.org/resource/Conspiracy_theory", "dbpInterestingClasses": "dbpedia-owl:Person", "dbpSpecificClasses": "dbpedia-owl:Person|dbpedia-owl:Book", "confidence": -0.6}]}}