{"text": "Gender Equality! Denmark Expanding Conscription to Women. Denmark is more than doubling the period of mandatory service, calling up more young people, and requiring women to enrol for the first time.", "entities": {"Mention": [{"indices": [0, 15], "inst": "http://dbpedia.org/resource/Gender_equality", "dbpInterestingClasses": "owl:Thing", "dbpSpecificClasses": "owl:Thing", "confidence": -0.84}, {"indices": [17, 24], "inst": "http://dbpedia.org/resource/Denmark", "dbpInterestingClasses": "dbpedia-owl:PopulatedPlace", "dbpSpecificClasses": "dbpedia-owl:Country", "confidence": 0.66}, {"indices": [58, 65], "inst": "http://dbpedia.org/resource/Denmark", "dbpInterestingClasses": "dbpedia-owl:PopulatedPlace", "dbpSpecificClasses": "dbpedia-owl:Country", "confidence": 0.66}]}}