{"text": "Closing The Book On The College Bookstore Scam. In an era with an unprecedented amount of free educational content, the impact of Inclusive Access has been to create a monopoly for college bookstores.", "entities": {"Mention": [{"indices": [24, 41], "inst": "http://dbpedia.org/resource/Bookselling", "dbpInterestingClasses": "", "dbpSpecificClasses": "dbpedia-owl:Book", "confidence": -0.6694761904761904}, {"indices": [42, 46], "inst": "http://dbpedia.org/resource/Confidence_trick", "dbpInterestingClasses": "owl:Thing", "dbpSpecificClasses": "owl:Thing", "confidence": -0.86}]}}