{"text": "Compensating ERG Leaders: A Needed Step For Pay Equity In The Workplace. Employee Resource Groups (ERGs) have become essential, yet many ERG leaders aren't compensated for their contributions. It's time for that to change.", "entities": {"Mention": [{"indices": [44, 54], "inst": "http://dbpedia.org/resource/Equal_pay_for_equal_work", "dbpInterestingClasses": "owl:Thing", "dbpSpecificClasses": "owl:Thing", "confidence": -0.6957575757575757}, {"indices": [73, 97], "inst": "http://dbpedia.org/resource/Employee_resource_groups", "dbpInterestingClasses": "owl:Thing", "dbpSpecificClasses": "owl:Thing", "confidence": -0.8216666666666668}]}}