{"text": "Germany: Bundestag passes gender identity law. The German parliament has voted for legislation smoothing the process for transgender, intersex, and nonbinary people to\nchange their name and gender identity. Lawmakers in Germany on Friday voted for a law to make it easier for transgender, intersex, and non\u2026", "entities": {"Mention": [{"indices": [0, 8], "inst": "http://dbpedia.org/resource/States_of_Germany", "dbpInterestingClasses": "dbpedia-owl:Person", "dbpSpecificClasses": "dbpedia-owl:Person", "confidence": -0.5813095238095238}, {"indices": [26, 41], "inst": "http://dbpedia.org/resource/Gender_identity", "dbpInterestingClasses": "dbpedia-owl:Person", "dbpSpecificClasses": "dbpedia-owl:Person", "confidence": -0.81}, {"indices": [190, 205], "inst": "http://dbpedia.org/resource/Gender_identity", "dbpInterestingClasses": "dbpedia-owl:Person", "dbpSpecificClasses": "dbpedia-owl:Person", "confidence": -0.81}, {"indices": [220, 227], "inst": "http://dbpedia.org/resource/Germany", "dbpInterestingClasses": "dbpedia-owl:PopulatedPlace", "dbpSpecificClasses": "dbpedia-owl:Country", "confidence": 0.51}]}}