{"text": "More Women In Leadership: The Means And The End To Closing The Gender Gap. Getting more women to leadership is not just the end goal, but a crucial element to closing the gender gap, eliminating bias and providing women with role-models.", "entities": {"Mention": [{"indices": [36, 43], "inst": "http://dbpedia.org/resource/2003\u201304_UEFA_Champions_League", "dbpInterestingClasses": "", "dbpSpecificClasses": "dbpedia-owl:Tournament", "confidence": -0.7771428571428505}, {"indices": [51, 73], "inst": "http://dbpedia.org/resource/Gender_equality", "dbpInterestingClasses": "owl:Thing", "dbpSpecificClasses": "owl:Thing", "confidence": -0.5971428571428572}]}}