{"text": "Florida GOP Blasts Biden for Declaring Easter Sunday 'Transgender Day of Visibility'. Republican Party of Florida chairman Evan Power blasted President Joe Biden on Saturday for declaring March 31, 2024, Easter Sunday, \"Transgender Day of Visibility.\"\nThe post Florida GOP Blasts Biden for Declaring Easter Sunday \u2018Transgender Day of Visibility\u2019\u2026", "entities": {"Mention": [{"indices": [0, 11], "inst": "http://dbpedia.org/resource/Republican_Party_of_Florida", "dbpInterestingClasses": "owl:Thing", "dbpSpecificClasses": "owl:Thing", "confidence": 0.5181904761904762}, {"indices": [19, 24], "inst": "http://dbpedia.org/resource/Joe_Biden", "dbpInterestingClasses": "dbpedia-owl:Person", "dbpSpecificClasses": "dbpedia-owl:President|dbpedia-owl:VicePresident", "confidence": 0.57}, {"indices": [86, 113], "inst": "http://dbpedia.org/resource/Republican_Party_of_Florida", "dbpInterestingClasses": "owl:Thing", "dbpSpecificClasses": "owl:Thing", "confidence": 0.6666666666666665}, {"indices": [152, 161], "inst": "http://dbpedia.org/resource/Joe_Biden", "dbpInterestingClasses": "dbpedia-owl:Person", "dbpSpecificClasses": "dbpedia-owl:President|dbpedia-owl:VicePresident", "confidence": 0.73}, {"indices": [261, 272], "inst": "http://dbpedia.org/resource/Republican_Party_of_Florida", "dbpInterestingClasses": "owl:Thing", "dbpSpecificClasses": "owl:Thing", "confidence": 0.5181904761904762}, {"indices": [280, 285], "inst": "http://dbpedia.org/resource/Joe_Biden", "dbpInterestingClasses": "dbpedia-owl:Person", "dbpSpecificClasses": "dbpedia-owl:President|dbpedia-owl:VicePresident", "confidence": 0.57}]}}