{"text": "Texas gender clinic faces backlash for performing EXPERIMENTAL and DANGEROUS genital surgeries. A gender clinic in Austin, Texas has stirred controversy for allegedly performing\u00a0hundreds of unconventional, experimental and dangerous genital surgeries. The Crane Center for Transgender Surgery, often dubbed the \u201cFrankenstein\u2019s Lab,\u201d is headed by Director \u2026", "entities": {"Mention": [{"indices": [0, 5], "inst": "http://dbpedia.org/resource/Texas", "dbpInterestingClasses": "dbpedia-owl:PopulatedPlace|dbpedia-owl:Person", "dbpSpecificClasses": "dbpedia-owl:AdministrativeRegion|dbpedia-owl:Person", "confidence": -0.58}, {"indices": [115, 128], "inst": "http://dbpedia.org/resource/Austin,_Texas", "dbpInterestingClasses": "dbpedia-owl:PopulatedPlace", "dbpSpecificClasses": "dbpedia-owl:City|dbpedia-owl:AdministrativeRegion", "confidence": -0.61}, {"indices": [273, 284], "inst": "http://dbpedia.org/resource/Transgender", "dbpInterestingClasses": "dbpedia-owl:Person", "dbpSpecificClasses": "dbpedia-owl:Disease|dbpedia-owl:Person", "confidence": -0.5966666666666667}, {"indices": [285, 292], "inst": "http://dbpedia.org/resource/Surgery", "dbpInterestingClasses": "dbpedia-owl:Person", "dbpSpecificClasses": "dbpedia-owl:Person", "confidence": -0.74}, {"indices": [312, 324], "inst": "http://dbpedia.org/resource/Frankenstein", "dbpInterestingClasses": "", "dbpSpecificClasses": "dbpedia-owl:Book", "confidence": -0.6866666666666666}]}}