{"text": "Clark Makes Women\u2019s NCAA Tourney A Must-See, But NCAA Has Work To Do. Caitlin Clark's play has been the through line for the national audience this year, but the first two weeks of the NCAA women's tourney have produced correctible errors.", "entities": {"Mention": [{"indices": [49, 53], "inst": "http://dbpedia.org/resource/National_Collegiate_Athletic_Association", "dbpInterestingClasses": "dbpedia-owl:Organisation|dbpedia-owl:Person", "dbpSpecificClasses": "dbpedia-owl:Organisation|dbpedia-owl:Person", "confidence": -0.61}, {"indices": [58, 68], "inst": "http://dbpedia.org/resource/Work_to_Do", "dbpInterestingClasses": "owl:Thing", "dbpSpecificClasses": "owl:Thing", "confidence": -0.814090909090909}, {"indices": [185, 197], "inst": "http://dbpedia.org/resource/National_Collegiate_Athletic_Association", "dbpInterestingClasses": "dbpedia-owl:Organisation|dbpedia-owl:Person", "dbpSpecificClasses": "dbpedia-owl:Organisation|dbpedia-owl:Person", "confidence": -0.6593333333333333}]}}