{"text": "\u2018Your Employees Are Your R&amp;D Lab\u2019: How AI Changes What Matters At Work. The published version of Forbes' Future of Work newsletter delivers the latest news for chief human resources officers and other talent managers on disruptive technologies, managing the workforce and trends in the remote work debate to your inbox every Monday.", "entities": {"Mention": [{"indices": [6, 15], "inst": "http://dbpedia.org/resource/Employment", "dbpInterestingClasses": "dbpedia-owl:Person", "dbpSpecificClasses": "dbpedia-owl:Person", "confidence": -0.77}, {"indices": [25, 32], "inst": "http://dbpedia.org/resource/Research_and_development", "dbpInterestingClasses": "dbpedia-owl:Person", "dbpSpecificClasses": "dbpedia-owl:Person|dbpedia-owl:Book", "confidence": -0.56}, {"indices": [101, 108], "inst": "http://dbpedia.org/resource/Forbes", "dbpInterestingClasses": "", "dbpSpecificClasses": "dbpedia-owl:Magazine|dbpedia-owl:Newspaper", "confidence": -0.8}, {"indices": [170, 185], "inst": "http://dbpedia.org/resource/Human_resources", "dbpInterestingClasses": "", "dbpSpecificClasses": "dbpedia-owl:Book", "confidence": -0.78}, {"indices": [205, 220], "inst": "http://dbpedia.org/resource/Talent_manager", "dbpInterestingClasses": "owl:Thing", "dbpSpecificClasses": "owl:Thing", "confidence": -0.5538095238095238}, {"indices": [224, 247], "inst": "http://dbpedia.org/resource/Disruptive_innovation", "dbpInterestingClasses": "owl:Thing", "dbpSpecificClasses": "owl:Thing", "confidence": -0.6140000000000001}]}}