{"text": "Harris steps up her role as ambassador to voters shaky on Biden. Polls suggest some young voters and people of color are souring on President Biden. They do not always embrace the outreach of his vice president, Kamala Harris.", "entities": {"Mention": [{"indices": [58, 63], "inst": "http://dbpedia.org/resource/Joe_Biden", "dbpInterestingClasses": "dbpedia-owl:Person", "dbpSpecificClasses": "dbpedia-owl:President|dbpedia-owl:VicePresident", "confidence": 0.58}, {"indices": [142, 147], "inst": "http://dbpedia.org/resource/Joe_Biden", "dbpInterestingClasses": "dbpedia-owl:Person", "dbpSpecificClasses": "dbpedia-owl:President|dbpedia-owl:VicePresident", "confidence": 0.58}, {"indices": [212, 225], "inst": "http://dbpedia.org/resource/Kamala_Harris", "dbpInterestingClasses": "dbpedia-owl:Person", "dbpSpecificClasses": "dbpedia-owl:Person", "confidence": 0.8725}]}}