{"text": "Woman sues NYC Mayor Eric Adams alleging 1993 sex assault. A Florida woman alleges in a lawsuit filed in New York state court Monday that in 1993 New York Mayor Eric Adams, then her colleague at the city Transit Police and a top official at a Black police officers\u2019 organization, demanded oral sex in return for helpin\u2026", "entities": {"Mention": [{"indices": [11, 20], "inst": "http://dbpedia.org/resource/Mayor_of_New_York_City", "dbpInterestingClasses": "", "dbpSpecificClasses": "dbpedia-owl:Book", "confidence": -0.6428095238095238}, {"indices": [21, 31], "inst": "http://dbpedia.org/resource/Eric_Adams_(politician)", "dbpInterestingClasses": "dbpedia-owl:Person", "dbpSpecificClasses": "dbpedia-owl:Person", "confidence": -0.5349275362318842}, {"indices": [61, 68], "inst": "http://dbpedia.org/resource/Florida", "dbpInterestingClasses": "dbpedia-owl:PopulatedPlace", "dbpSpecificClasses": "dbpedia-owl:AdministrativeRegion", "confidence": -0.5}, {"indices": [105, 125], "inst": "http://dbpedia.org/resource/Judiciary_of_New_York", "dbpInterestingClasses": "owl:Thing", "dbpSpecificClasses": "owl:Thing", "confidence": -0.7571428571428572}, {"indices": [146, 160], "inst": "http://dbpedia.org/resource/Mayor_of_New_York_City", "dbpInterestingClasses": "", "dbpSpecificClasses": "dbpedia-owl:Book", "confidence": -0.7078095238095238}, {"indices": [161, 171], "inst": "http://dbpedia.org/resource/Eric_Adams_(politician)", "dbpInterestingClasses": "dbpedia-owl:Person", "dbpSpecificClasses": "dbpedia-owl:Person", "confidence": -0.5349275362318842}, {"indices": [243, 255], "inst": "http://dbpedia.org/resource/Australian_native_police", "dbpInterestingClasses": "owl:Thing", "dbpSpecificClasses": "owl:Thing", "confidence": -0.89}, {"indices": [289, 297], "inst": "http://dbpedia.org/resource/Oral_sex", "dbpInterestingClasses": "", "dbpSpecificClasses": "dbpedia-owl:Book", "confidence": -0.6549999999999998}]}}