{"text": "Nicholas Galitzine And Tony Curran Discuss The \u2018Mary &amp; George\u2019 Series. The actors reflect on the global momentum surrounding their new Starz original series, while Galitzine also reveals how he is able to focus on his work amidst stardom.", "entities": {"Mention": [{"indices": [0, 18], "inst": "http://dbpedia.org/resource/Nikolai_Golitsyn", "dbpInterestingClasses": "dbpedia-owl:Person", "dbpSpecificClasses": "dbpedia-owl:Politician", "confidence": 0.7833924731182796}, {"indices": [23, 34], "inst": "http://dbpedia.org/resource/Tony_Curran", "dbpInterestingClasses": "dbpedia-owl:Person", "dbpSpecificClasses": "dbpedia-owl:Actor", "confidence": 0.8125}, {"indices": [139, 144], "inst": "http://dbpedia.org/resource/Starz", "dbpInterestingClasses": "dbpedia-owl:Organisation", "dbpSpecificClasses": "dbpedia-owl:TelevisionStation", "confidence": 0.52}, {"indices": [168, 177], "inst": "http://dbpedia.org/resource/House_of_Golitsyn", "dbpInterestingClasses": "dbpedia-owl:Organisation", "dbpSpecificClasses": "dbpedia-owl:Organisation|dbpedia-owl:Book", "confidence": 0.5375}]}}