{"text": "RBG Award gala to honor likes of Musk, Murdock canceled after late justice\u2019s family objects. A Washington, D.C., spring gala to honor Elon Musk, Rupert Murdoch, Michael Milken, Martha Stewart and Sylvester Stallone has been canceled, organizers said Monday.", "entities": {"Mention": [{"indices": [33, 37], "inst": "http://dbpedia.org/resource/Musk", "dbpInterestingClasses": "", "dbpSpecificClasses": "dbpedia-owl:Book", "confidence": -0.73}, {"indices": [95, 111], "inst": "http://dbpedia.org/resource/Washington,_D.C.", "dbpInterestingClasses": "dbpedia-owl:PopulatedPlace", "dbpSpecificClasses": "dbpedia-owl:AdministrativeRegion|dbpedia-owl:City", "confidence": 0.6627272727272728}, {"indices": [134, 143], "inst": "http://dbpedia.org/resource/Elon_Musk", "dbpInterestingClasses": "dbpedia-owl:Person", "dbpSpecificClasses": "dbpedia-owl:Work|dbpedia-owl:Person", "confidence": 0.6025}, {"indices": [145, 159], "inst": "http://dbpedia.org/resource/Rupert_Murdoch", "dbpInterestingClasses": "dbpedia-owl:Person", "dbpSpecificClasses": "dbpedia-owl:Person", "confidence": 0.78}, {"indices": [161, 175], "inst": "http://dbpedia.org/resource/Michael_Milken", "dbpInterestingClasses": "dbpedia-owl:Person", "dbpSpecificClasses": "dbpedia-owl:Criminal|dbpedia-owl:Book", "confidence": 0.8675}, {"indices": [177, 191], "inst": "http://dbpedia.org/resource/Martha_Stewart", "dbpInterestingClasses": "dbpedia-owl:Person", "dbpSpecificClasses": "dbpedia-owl:Presenter", "confidence": 0.73}, {"indices": [196, 214], "inst": "http://dbpedia.org/resource/Sylvester_Stallone", "dbpInterestingClasses": "dbpedia-owl:Person", "dbpSpecificClasses": "dbpedia-owl:Actor", "confidence": 0.82}]}}