{"text": "From Finance To Tech Titan: The Inspiring Journey Of Anda Pho, Evite\u2019s New President. In an exclusive interview, Anda shared insights on her career, the transformative vision for Evite, and the power of diverse leadership in the tech industry.", "entities": {"Mention": [{"indices": [28, 49], "inst": "http://dbpedia.org/resource/The_Inspiring_Journey", "dbpInterestingClasses": "", "dbpSpecificClasses": "dbpedia-owl:Album", "confidence": -0.723}, {"indices": [63, 68], "inst": "http://dbpedia.org/resource/Evite", "dbpInterestingClasses": "owl:Thing", "dbpSpecificClasses": "owl:Thing", "confidence": -0.76}, {"indices": [179, 184], "inst": "http://dbpedia.org/resource/Evite", "dbpInterestingClasses": "owl:Thing", "dbpSpecificClasses": "owl:Thing", "confidence": -0.76}]}}