{"text": "A Slam Dunk For Wine Enthusiasts: Kendall-Jackson Partners With The NBA. Though basketball and wine may seem like a surprising combination to some people, there are actually thousands of basketball fans who enjoy an occasional glass of wine...", "entities": {"Mention": [{"indices": [34, 49], "inst": "http://dbpedia.org/resource/Kendall-Jackson", "dbpInterestingClasses": "dbpedia-owl:Organisation", "dbpSpecificClasses": "dbpedia-owl:Winery", "confidence": 0.632}, {"indices": [68, 71], "inst": "http://dbpedia.org/resource/National_Basketball_Association", "dbpInterestingClasses": "dbpedia-owl:Organisation", "dbpSpecificClasses": "dbpedia-owl:SportsLeague|dbpedia-owl:SportsEvent", "confidence": -0.62}]}}