{"text": "Brands Takes A Stand In The Sean \u2018Diddy\u2019 Combs Fallout. The recent sexual assault allegations against Diddy hit hard - losing 18 brand partnerships is no small deal. This marks a significant shift in the landscape.", "entities": {"Mention": [{"indices": [67, 81], "inst": "http://dbpedia.org/resource/Sexual_assault", "dbpInterestingClasses": "", "dbpSpecificClasses": "dbpedia-owl:Disease", "confidence": -0.85}, {"indices": [102, 107], "inst": "http://dbpedia.org/resource/Sean_Combs", "dbpInterestingClasses": "dbpedia-owl:Person", "dbpSpecificClasses": "dbpedia-owl:Singer", "confidence": -0.57}]}}