{"text": "It\u2019s Easter, and Trump spent Holy Week comparing himself to Christ, and shamelessly hawking a Bible. Just when you think former President Donald Trump can't do anything more ridiculous, news hit earlier this month that Trump was selling a \"God Bless the USA\"-themed Christian Bible.", "entities": {"Mention": [{"indices": [60, 66], "inst": "http://dbpedia.org/resource/Christ", "dbpInterestingClasses": "owl:Thing", "dbpSpecificClasses": "owl:Thing", "confidence": -0.74}, {"indices": [94, 99], "inst": "http://dbpedia.org/resource/Bible", "dbpInterestingClasses": "dbpedia-owl:Person", "dbpSpecificClasses": "dbpedia-owl:Book|dbpedia-owl:Person", "confidence": -0.63}, {"indices": [138, 150], "inst": "http://dbpedia.org/resource/Donald_Trump", "dbpInterestingClasses": "dbpedia-owl:Person", "dbpSpecificClasses": "dbpedia-owl:Person|dbpedia-owl:Book", "confidence": 0.77}, {"indices": [240, 257], "inst": "http://dbpedia.org/resource/God_Bless_the_USA", "dbpInterestingClasses": "", "dbpSpecificClasses": "dbpedia-owl:Single", "confidence": 0.64}, {"indices": [266, 281], "inst": "http://dbpedia.org/resource/Bible", "dbpInterestingClasses": "dbpedia-owl:Person", "dbpSpecificClasses": "dbpedia-owl:Book|dbpedia-owl:Person", "confidence": 0.52}]}}