{"text": "Polish Catholics elect new leader as church grapples with aftermath of sexual abuse. The Polish Catholic Church, facing declining church attendance due to scandals of clergy abuse, has elected Archbishop Tadeusz Wojda as its new leader.", "entities": {"Mention": [{"indices": [71, 83], "inst": "http://dbpedia.org/resource/Sexual_abuse", "dbpInterestingClasses": "dbpedia-owl:Person", "dbpSpecificClasses": "dbpedia-owl:Disease|dbpedia-owl:Person", "confidence": -0.88}, {"indices": [89, 111], "inst": "http://dbpedia.org/resource/Polish_Catholic_Church", "dbpInterestingClasses": "owl:Thing", "dbpSpecificClasses": "owl:Thing", "confidence": -0.8566666666666674}, {"indices": [130, 147], "inst": "http://dbpedia.org/resource/Church_attendance", "dbpInterestingClasses": "owl:Thing", "dbpSpecificClasses": "owl:Thing", "confidence": -0.6766666666666666}, {"indices": [204, 217], "inst": "http://dbpedia.org/resource/Tadeusz_Wojda", "dbpInterestingClasses": "owl:Thing", "dbpSpecificClasses": "owl:Thing", "confidence": -0.6946376376449175}]}}