{"text": "WATCH \u2013 'She Always Picks Up Your Day': Teen with Down Syndrome Crowned Prom Queen on Date with Football Star. A teenager in Mandan, North Dakota, got tons of positive attention during a recent event she attended with a friend who knows how special she is.\nThe post WATCH \u2013 \u2018She Always Picks Up Your Day\u2019: Teen with Down Syndrome Crowned Prom Queen on Date with Football\u2026", "entities": {"Mention": [{"indices": [50, 63], "inst": "http://dbpedia.org/resource/Down_syndrome", "dbpInterestingClasses": "", "dbpSpecificClasses": "dbpedia-owl:Disease", "confidence": -0.61}, {"indices": [96, 109], "inst": "http://dbpedia.org/resource/American_football", "dbpInterestingClasses": "", "dbpSpecificClasses": "dbpedia-owl:Sport|dbpedia-owl:Book", "confidence": -0.6566666666666595}, {"indices": [125, 131], "inst": "http://dbpedia.org/resource/Mandan,_North_Dakota", "dbpInterestingClasses": "dbpedia-owl:PopulatedPlace", "dbpSpecificClasses": "dbpedia-owl:City|dbpedia-owl:AdministrativeRegion", "confidence": 0.5617391304347826}, {"indices": [133, 145], "inst": "http://dbpedia.org/resource/North_Dakota", "dbpInterestingClasses": "dbpedia-owl:PopulatedPlace", "dbpSpecificClasses": "dbpedia-owl:AdministrativeRegion", "confidence": 0.6292307692307693}, {"indices": [316, 329], "inst": "http://dbpedia.org/resource/Down_syndrome", "dbpInterestingClasses": "", "dbpSpecificClasses": "dbpedia-owl:Disease", "confidence": -0.61}]}}