{"text": "Joe Biden launches \u2018Out for Biden-Harris\u2019 campaign initiative to engage &amp; woo LGBTQ+ voters (exclusive). The Biden-Harris campaign launched a strategic initiative Wednesday to rally the LGBTQ+ community in support of President Joe Biden and Vice President Kamala Harris\u2019s re-election in 2024.", "entities": {"Mention": [{"indices": [0, 9], "inst": "http://dbpedia.org/resource/Joe_Biden", "dbpInterestingClasses": "dbpedia-owl:Person", "dbpSpecificClasses": "dbpedia-owl:President|dbpedia-owl:VicePresident", "confidence": 0.73}, {"indices": [28, 33], "inst": "http://dbpedia.org/resource/Joe_Biden", "dbpInterestingClasses": "dbpedia-owl:Person", "dbpSpecificClasses": "dbpedia-owl:President|dbpedia-owl:VicePresident", "confidence": 0.57}, {"indices": [82, 88], "inst": "http://dbpedia.org/resource/LGBT", "dbpInterestingClasses": "dbpedia-owl:Person", "dbpSpecificClasses": "dbpedia-owl:Person", "confidence": -0.5228095238095238}, {"indices": [113, 118], "inst": "http://dbpedia.org/resource/Joe_Biden", "dbpInterestingClasses": "dbpedia-owl:Person", "dbpSpecificClasses": "dbpedia-owl:President|dbpedia-owl:VicePresident", "confidence": 0.57}, {"indices": [190, 206], "inst": "http://dbpedia.org/resource/LGBT", "dbpInterestingClasses": "dbpedia-owl:Person", "dbpSpecificClasses": "dbpedia-owl:Person", "confidence": -0.5399999999999998}, {"indices": [231, 240], "inst": "http://dbpedia.org/resource/Joe_Biden", "dbpInterestingClasses": "dbpedia-owl:Person", "dbpSpecificClasses": "dbpedia-owl:President|dbpedia-owl:VicePresident", "confidence": 0.73}, {"indices": [260, 273], "inst": "http://dbpedia.org/resource/Kamala_Harris", "dbpInterestingClasses": "dbpedia-owl:Person", "dbpSpecificClasses": "dbpedia-owl:Person", "confidence": 0.8725}]}}