{"text": "Bruno Fernandes\u2019 Portugal Form Shows How Good He Could Be For Man Utd. Bruno Fernandes' recent form for Portugal has been excellent and highlights just how underwhelming his Manchester United performances have been.", "entities": {"Mention": [{"indices": [17, 25], "inst": "http://dbpedia.org/resource/Portugal", "dbpInterestingClasses": "dbpedia-owl:PopulatedPlace", "dbpSpecificClasses": "dbpedia-owl:Country", "confidence": 0.65}, {"indices": [62, 69], "inst": "http://dbpedia.org/resource/Manchester_United_F.C.", "dbpInterestingClasses": "dbpedia-owl:SportsTeam", "dbpSpecificClasses": "dbpedia-owl:SoccerClub", "confidence": 0.6076904761904762}, {"indices": [104, 112], "inst": "http://dbpedia.org/resource/Portugal", "dbpInterestingClasses": "dbpedia-owl:PopulatedPlace", "dbpSpecificClasses": "dbpedia-owl:Country", "confidence": 0.65}, {"indices": [174, 191], "inst": "http://dbpedia.org/resource/Manchester_United_F.C.", "dbpInterestingClasses": "dbpedia-owl:SportsTeam", "dbpSpecificClasses": "dbpedia-owl:SoccerClub", "confidence": 0.69}]}}