{"text": "Starmer faces Labour unease over use of Union flag in election campaign. Some MPs and councillors have raised concerns about the impact of the Union flag in some communities.", "entities": {"Mention": [{"indices": [0, 7], "inst": "http://dbpedia.org/resource/William_Austin_Starmer", "dbpInterestingClasses": "owl:Thing", "dbpSpecificClasses": "owl:Thing", "confidence": -0.88}, {"indices": [14, 20], "inst": "http://dbpedia.org/resource/Labour_Party_(UK)", "dbpInterestingClasses": "dbpedia-owl:Organisation|dbpedia-owl:Person", "dbpSpecificClasses": "dbpedia-owl:PoliticalParty|dbpedia-owl:Person", "confidence": -0.7}, {"indices": [40, 50], "inst": "http://dbpedia.org/resource/Union_Jack", "dbpInterestingClasses": "owl:Thing", "dbpSpecificClasses": "owl:Thing", "confidence": -0.6208333333333332}, {"indices": [143, 153], "inst": "http://dbpedia.org/resource/Union_Jack", "dbpInterestingClasses": "owl:Thing", "dbpSpecificClasses": "owl:Thing", "confidence": -0.6208333333333332}]}}