{"text": "Best Of: Jenny Slate / Julio Torres. Jenny Slate talks about childbirth and motherhood, the subjects of her new comedy special, Seasoned Professional. She'll do the voices of some of her animated characters, including Marcel from her Oscar-nominated film Marcel the Shell with Shoes On.Also, we h\u2026", "entities": {"Mention": [{"indices": [0, 7], "inst": "http://dbpedia.org/resource/Greatest_hits_album", "dbpInterestingClasses": "owl:Thing", "dbpSpecificClasses": "owl:Thing", "confidence": -0.7849999999999998}, {"indices": [9, 20], "inst": "http://dbpedia.org/resource/Jenny_Slate", "dbpInterestingClasses": "dbpedia-owl:Person", "dbpSpecificClasses": "dbpedia-owl:Actor", "confidence": 0.8525}, {"indices": [23, 35], "inst": "http://dbpedia.org/resource/Julio_Torres", "dbpInterestingClasses": "owl:Thing", "dbpSpecificClasses": "owl:Thing", "confidence": -0.87}, {"indices": [37, 48], "inst": "http://dbpedia.org/resource/Jenny_Slate", "dbpInterestingClasses": "dbpedia-owl:Person", "dbpSpecificClasses": "dbpedia-owl:Actor", "confidence": 0.8525}, {"indices": [255, 285], "inst": "http://dbpedia.org/resource/Marcel_the_Shell_with_Shoes_On", "dbpInterestingClasses": "", "dbpSpecificClasses": "dbpedia-owl:Film", "confidence": -0.5766666666666667}]}}