{"text": "Best tips to see today\u2019s eclipse, according to this famed gay astrophotographer. As the moon prepares to cast a long shadow over the Earth as it obstructs the sun, Jon Carmichael, a gay astrophotographer known for his stunning capture of the 2017 North American solar eclipse, is sharing crucial advice for the approximately 31 million peop\u2026", "entities": {"Mention": [{"indices": [247, 261], "inst": "http://dbpedia.org/resource/North_America", "dbpInterestingClasses": "dbpedia-owl:PopulatedPlace|dbpedia-owl:Person", "dbpSpecificClasses": "dbpedia-owl:Continent|dbpedia-owl:Person", "confidence": -0.61}, {"indices": [262, 275], "inst": "http://dbpedia.org/resource/Solar_eclipse", "dbpInterestingClasses": "dbpedia-owl:Person", "dbpSpecificClasses": "dbpedia-owl:Person", "confidence": -0.51}]}}