{"text": "UNGA adopts AI resolution. The resolution establishes principles for the \u201csafe, secure and trustworthy\u201d development of AI internationally Read Full Article at RT.com", "entities": {"Mention": [{"indices": [0, 4], "inst": "http://dbpedia.org/resource/United_Nations_General_Assembly", "dbpInterestingClasses": "dbpedia-owl:Organisation|dbpedia-owl:Person", "dbpSpecificClasses": "dbpedia-owl:Organisation|dbpedia-owl:Person", "confidence": -0.7157142857142857}, {"indices": [143, 155], "inst": "http://dbpedia.org/resource/Unified_English_Braille", "dbpInterestingClasses": "owl:Thing", "dbpSpecificClasses": "owl:Thing", "confidence": -0.865}, {"indices": [159, 165], "inst": "http://dbpedia.org/resource/RT_(TV_network)", "dbpInterestingClasses": "dbpedia-owl:Organisation|dbpedia-owl:Person", "dbpSpecificClasses": "dbpedia-owl:TelevisionStation|dbpedia-owl:Person|dbpedia-owl:BroadcastNetwork", "confidence": 0.5546904761904762}]}}