{"text": "Embassies Banned From Flying LGBTQ Pride Flags, House DEI Office Closed By Spending Bill. One of the provisions included in the recently passed government funding bill banned the pride flag from being displayed at U.S embassies.", "entities": {"Mention": [{"indices": [35, 46], "inst": "http://dbpedia.org/resource/Rainbow_flag_(LGBT_movement)", "dbpInterestingClasses": "owl:Thing", "dbpSpecificClasses": "owl:Thing", "confidence": -0.6938095238095239}, {"indices": [144, 167], "inst": "http://dbpedia.org/resource/Government_funding_bill", "dbpInterestingClasses": "owl:Thing", "dbpSpecificClasses": "owl:Thing", "confidence": -0.8483333333333333}]}}