{"text": "Nolte: Bob Iger Lies About Far-Left Disney Not Advancing Political Agendas. Disney Grooming Syndicate CEO Bob Iger survived a proxy fight and is feeling invincible enough to tell audacious lies.\nThe post Nolte: Bob Iger Lies About Far-Left Disney Not Advancing Political Agendas appeared first on Breitbart.", "entities": {"Mention": [{"indices": [7, 15], "inst": "http://dbpedia.org/resource/Bob_Iger", "dbpInterestingClasses": "dbpedia-owl:Person", "dbpSpecificClasses": "dbpedia-owl:Person", "confidence": 0.6965}, {"indices": [27, 35], "inst": "http://dbpedia.org/resource/Far-left_politics", "dbpInterestingClasses": "owl:Thing", "dbpSpecificClasses": "owl:Thing", "confidence": -0.83}, {"indices": [36, 42], "inst": "http://dbpedia.org/resource/The_Walt_Disney_Company", "dbpInterestingClasses": "dbpedia-owl:Organisation", "dbpSpecificClasses": "dbpedia-owl:Organisation", "confidence": 0.57}, {"indices": [76, 82], "inst": "http://dbpedia.org/resource/The_Walt_Disney_Company", "dbpInterestingClasses": "dbpedia-owl:Organisation", "dbpSpecificClasses": "dbpedia-owl:Organisation", "confidence": 0.57}, {"indices": [102, 105], "inst": "http://dbpedia.org/resource/Chief_executive_officer", "dbpInterestingClasses": "owl:Thing", "dbpSpecificClasses": "owl:Thing", "confidence": -0.7}, {"indices": [106, 114], "inst": "http://dbpedia.org/resource/Bob_Iger", "dbpInterestingClasses": "dbpedia-owl:Person", "dbpSpecificClasses": "dbpedia-owl:Person", "confidence": 0.8675}, {"indices": [126, 137], "inst": "http://dbpedia.org/resource/Proxy_fight", "dbpInterestingClasses": "owl:Thing", "dbpSpecificClasses": "owl:Thing", "confidence": -0.6790909090909091}, {"indices": [211, 219], "inst": "http://dbpedia.org/resource/Bob_Iger", "dbpInterestingClasses": "dbpedia-owl:Person", "dbpSpecificClasses": "dbpedia-owl:Person", "confidence": 0.6965}, {"indices": [231, 239], "inst": "http://dbpedia.org/resource/Far-left_politics", "dbpInterestingClasses": "owl:Thing", "dbpSpecificClasses": "owl:Thing", "confidence": -0.83}, {"indices": [240, 246], "inst": "http://dbpedia.org/resource/The_Walt_Disney_Company", "dbpInterestingClasses": "dbpedia-owl:Organisation", "dbpSpecificClasses": "dbpedia-owl:Organisation", "confidence": 0.57}, {"indices": [297, 306], "inst": "http://dbpedia.org/resource/Andrew_Breitbart", "dbpInterestingClasses": "dbpedia-owl:Person", "dbpSpecificClasses": "dbpedia-owl:Person", "confidence": 0.5250571027850132}]}}