{"text": "Navy vet opposes Moms for Liberty-backed homeschool advocate for Florida school board seat. Travis Akers, a veteran and well-known activist, is running for a seat on the Duval County Public Schools board in northern Florida. His opponent for the District 7 seat, Melody Bolduc, is linked to the far-right group Moms for Liberty, setting the stage for \u2026", "entities": {"Mention": [{"indices": [0, 4], "inst": "http://dbpedia.org/resource/United_States_Navy", "dbpInterestingClasses": "dbpedia-owl:Organisation", "dbpSpecificClasses": "dbpedia-owl:MilitaryUnit", "confidence": -0.7}, {"indices": [65, 72], "inst": "http://dbpedia.org/resource/Florida", "dbpInterestingClasses": "dbpedia-owl:PopulatedPlace", "dbpSpecificClasses": "dbpedia-owl:AdministrativeRegion", "confidence": -0.5}, {"indices": [170, 197], "inst": "http://dbpedia.org/resource/Duval_County_Public_Schools", "dbpInterestingClasses": "owl:Thing", "dbpSpecificClasses": "owl:Thing", "confidence": -0.509788887906401}, {"indices": [207, 223], "inst": "http://dbpedia.org/resource/Florida", "dbpInterestingClasses": "dbpedia-owl:PopulatedPlace", "dbpSpecificClasses": "dbpedia-owl:AdministrativeRegion", "confidence": 0.5775487415809997}, {"indices": [295, 304], "inst": "http://dbpedia.org/resource/Far-right_politics", "dbpInterestingClasses": "dbpedia-owl:Person", "dbpSpecificClasses": "dbpedia-owl:Work|dbpedia-owl:Person", "confidence": -0.73}]}}