{"text": "Congress introduces ADL-backed \u2018Countering Antisemitism Act\u2019 to police online speech (and silence criticism of Israel). A bipartisan pair of AIPAC-funded senators have introduced a new bill backed by the Anti-Defamation League aimed at silencing criticism of Jews and Israel and policing Americans\u2019 online speech. (Article by Chris Menahan republished from InformationLiberation.\u2026", "entities": {"Mention": [{"indices": [20, 23], "inst": "http://dbpedia.org/resource/Anti-Defamation_League", "dbpInterestingClasses": "dbpedia-owl:Organisation|dbpedia-owl:Person", "dbpSpecificClasses": "dbpedia-owl:Location|dbpedia-owl:Organisation|dbpedia-owl:Person", "confidence": -0.742}, {"indices": [98, 117], "inst": "http://dbpedia.org/resource/Criticism_of_the_Israeli_government", "dbpInterestingClasses": "owl:Thing", "dbpSpecificClasses": "owl:Thing", "confidence": -0.7466666666666667}, {"indices": [141, 146], "inst": "http://dbpedia.org/resource/American_Israel_Public_Affairs_Committee", "dbpInterestingClasses": "dbpedia-owl:Organisation", "dbpSpecificClasses": "dbpedia-owl:Organisation", "confidence": 0.6829999999999999}, {"indices": [204, 226], "inst": "http://dbpedia.org/resource/Anti-Defamation_League", "dbpInterestingClasses": "dbpedia-owl:Organisation|dbpedia-owl:Person", "dbpSpecificClasses": "dbpedia-owl:Location|dbpedia-owl:Organisation|dbpedia-owl:Person", "confidence": 0.5718421052631579}, {"indices": [259, 263], "inst": "http://dbpedia.org/resource/Jews", "dbpInterestingClasses": "", "dbpSpecificClasses": "dbpedia-owl:EthnicGroup|dbpedia-owl:Book", "confidence": -0.55}, {"indices": [268, 274], "inst": "http://dbpedia.org/resource/Israel", "dbpInterestingClasses": "dbpedia-owl:PopulatedPlace", "dbpSpecificClasses": "dbpedia-owl:Country", "confidence": 0.63}, {"indices": [288, 298], "inst": "http://dbpedia.org/resource/United_States", "dbpInterestingClasses": "dbpedia-owl:PopulatedPlace", "dbpSpecificClasses": "dbpedia-owl:Country", "confidence": 0.681333333333334}]}}