{"text": "30 Under 30 Europe Entertainment 2024: From TikTok Clips To Netflix Hits, PinkPantheress And Emma Mackey Are Among Those Redefining Fame In The Digital Age. Forget the Hollywood hustle, the entertainment industry's newest power players are building careers on social media and launching them on streaming services.", "entities": {"Mention": [{"indices": [12, 18], "inst": "http://dbpedia.org/resource/Europe", "dbpInterestingClasses": "dbpedia-owl:PopulatedPlace|dbpedia-owl:Person", "dbpSpecificClasses": "dbpedia-owl:Continent|dbpedia-owl:Person", "confidence": 0.52}, {"indices": [60, 67], "inst": "http://dbpedia.org/resource/Netflix", "dbpInterestingClasses": "dbpedia-owl:Organisation", "dbpSpecificClasses": "dbpedia-owl:Organisation", "confidence": 0.69}, {"indices": [68, 72], "inst": "http://dbpedia.org/resource/Hit_(baseball)", "dbpInterestingClasses": "owl:Thing", "dbpSpecificClasses": "owl:Thing", "confidence": -0.85}, {"indices": [144, 155], "inst": "http://dbpedia.org/resource/Information_Age", "dbpInterestingClasses": "owl:Thing", "dbpSpecificClasses": "owl:Thing", "confidence": -0.87}, {"indices": [168, 177], "inst": "http://dbpedia.org/resource/Hollywood", "dbpInterestingClasses": "dbpedia-owl:PopulatedPlace|dbpedia-owl:Person", "dbpSpecificClasses": "dbpedia-owl:AdministrativeRegion|dbpedia-owl:Person", "confidence": -0.73}, {"indices": [260, 272], "inst": "http://dbpedia.org/resource/Social_media", "dbpInterestingClasses": "", "dbpSpecificClasses": "dbpedia-owl:Book", "confidence": -0.78}]}}