{"text": "Olivia Colman says if she were a man, she\u2019d be earning \u2018a f**k of a lot more\u2019 | CNN. Oscar-winner Olivia Colman has hit out at the gender pay gap, declaring that she would be paid\u00a0\u201ca f**k of a lot more\u201d if she were a man.", "entities": {"Mention": [{"indices": [0, 13], "inst": "http://dbpedia.org/resource/Olivia_Colman", "dbpInterestingClasses": "dbpedia-owl:Person", "dbpSpecificClasses": "dbpedia-owl:Actor", "confidence": 0.8516666666666667}, {"indices": [80, 83], "inst": "http://dbpedia.org/resource/CNN", "dbpInterestingClasses": "dbpedia-owl:Organisation|dbpedia-owl:Person", "dbpSpecificClasses": "dbpedia-owl:TelevisionStation|dbpedia-owl:Person", "confidence": -0.69}, {"indices": [98, 111], "inst": "http://dbpedia.org/resource/Olivia_Colman", "dbpInterestingClasses": "dbpedia-owl:Person", "dbpSpecificClasses": "dbpedia-owl:Actor", "confidence": 0.8516666666666667}, {"indices": [131, 145], "inst": "http://dbpedia.org/resource/Gender_pay_gap", "dbpInterestingClasses": "", "dbpSpecificClasses": "dbpedia-owl:Work", "confidence": -0.7057575757575757}]}}