{"text": "'Girls Actually Get Hurt': Rep. Victoria Spartz Shows Video of Danger Trans Athletes Pose to Girls in House Meeting. Congresswoman Victoria Spartz showed video evidence of the dangers of allowing men to compete in women's sports.", "entities": {"Mention": [{"indices": [32, 40], "inst": "http://dbpedia.org/resource/Victoria_(Australia)", "dbpInterestingClasses": "dbpedia-owl:PopulatedPlace", "dbpSpecificClasses": "dbpedia-owl:AdministrativeRegion", "confidence": -0.67}, {"indices": [76, 84], "inst": "http://dbpedia.org/resource/Athlete", "dbpInterestingClasses": "owl:Thing", "dbpSpecificClasses": "owl:Thing", "confidence": -0.88}]}}