{"text": "Benedict backed me up on rights for LGBTQ couples, Pope Francis says. Pope Francis found an ally in his predecessor Benedict XVI when he spoke in favor of civil partnerships for same-sex couples, the pontiff said in an upcoming new book.", "entities": {"Mention": [{"indices": [51, 63], "inst": "http://dbpedia.org/resource/Pope_Francis", "dbpInterestingClasses": "dbpedia-owl:Person", "dbpSpecificClasses": "dbpedia-owl:Pope|dbpedia-owl:Religious", "confidence": 0.8}, {"indices": [70, 82], "inst": "http://dbpedia.org/resource/Pope_Francis", "dbpInterestingClasses": "dbpedia-owl:Person", "dbpSpecificClasses": "dbpedia-owl:Pope|dbpedia-owl:Religious", "confidence": 0.8}, {"indices": [116, 128], "inst": "http://dbpedia.org/resource/Pope_Benedict_XVI", "dbpInterestingClasses": "dbpedia-owl:Person", "dbpSpecificClasses": "dbpedia-owl:Pope|dbpedia-owl:Religious", "confidence": 0.645}, {"indices": [155, 173], "inst": "http://dbpedia.org/resource/Civil_union", "dbpInterestingClasses": "owl:Thing", "dbpSpecificClasses": "owl:Thing", "confidence": -0.7349999999999999}]}}