{"text": "Neo-Nazis suspected of killing 72-year-old gay man after escaping from prison. A white supremacist prison gang member and his accomplice are believed to be responsible for the murders of two elderly men after escaping from prison last week.", "entities": {"Mention": [{"indices": [0, 9], "inst": "http://dbpedia.org/resource/Neo-Nazism", "dbpInterestingClasses": "owl:Thing", "dbpSpecificClasses": "owl:Thing", "confidence": -0.614}, {"indices": [81, 98], "inst": "http://dbpedia.org/resource/White_supremacy", "dbpInterestingClasses": "owl:Thing", "dbpSpecificClasses": "owl:Thing", "confidence": -0.76}, {"indices": [99, 110], "inst": "http://dbpedia.org/resource/Prison_gang", "dbpInterestingClasses": "owl:Thing", "dbpSpecificClasses": "owl:Thing", "confidence": -0.8}]}}