{"text": "Too Much Trust in AI Poses Unexpected Threats to the Scientific Process. It\u2019s vital to \u201ckeep humans in the loop\u201d to avoid humanizing machine-learning models in research", "entities": {"Mention": [{"indices": [53, 71], "inst": "http://dbpedia.org/resource/Scientific_method", "dbpInterestingClasses": "", "dbpSpecificClasses": "dbpedia-owl:Book", "confidence": 0.5711904761904762}, {"indices": [133, 149], "inst": "http://dbpedia.org/resource/Machine_learning", "dbpInterestingClasses": "", "dbpSpecificClasses": "dbpedia-owl:Book", "confidence": -0.5911428571428572}]}}