{"text": "Study: Most gender-confused children OUTGROW gender dysphoria during adulthood. A 15-year-period study published in the\u00a0journal Archives of Sexual Behavior\u00a0reveals that\u00a0\u201cmost\u201d gender-confused children outgrow such feelings by the time they reach adulthood. The study, conducted by Dutch researchers from the\u00a0University of Groningen,\u00a0tracke\u2026", "entities": {"Mention": [{"indices": [45, 61], "inst": "http://dbpedia.org/resource/Gender_dysphoria", "dbpInterestingClasses": "", "dbpSpecificClasses": "dbpedia-owl:Disease", "confidence": -0.63}, {"indices": [128, 155], "inst": "http://dbpedia.org/resource/Archives_of_Sexual_Behavior", "dbpInterestingClasses": "", "dbpSpecificClasses": "dbpedia-owl:AcademicJournal", "confidence": 0.6566666666666666}, {"indices": [308, 331], "inst": "http://dbpedia.org/resource/University_of_Groningen", "dbpInterestingClasses": "dbpedia-owl:Organisation", "dbpSpecificClasses": "dbpedia-owl:College", "confidence": 0.8316666666666667}]}}