{"text": "Morgxn is proudly queering Southern music. Nashville-based musician Morgan Isaac Karr, better known as Morgxn, is best known for his viral duet \u201cWonder\u201d with Sara Bareilles and his distinctive vocals on two Ti\u00ebsto tracks.", "entities": {"Mention": [{"indices": [27, 41], "inst": "http://dbpedia.org/resource/Peermusic", "dbpInterestingClasses": "dbpedia-owl:Organisation", "dbpSpecificClasses": "dbpedia-owl:Organisation", "confidence": -0.5561666666666667}, {"indices": [43, 58], "inst": "http://dbpedia.org/resource/Nashville,_Tennessee", "dbpInterestingClasses": "dbpedia-owl:PopulatedPlace", "dbpSpecificClasses": "dbpedia-owl:City|dbpedia-owl:AdministrativeRegion", "confidence": 0.5770238095238096}, {"indices": [158, 172], "inst": "http://dbpedia.org/resource/Sara_Bareilles", "dbpInterestingClasses": "dbpedia-owl:Person", "dbpSpecificClasses": "dbpedia-owl:Singer", "confidence": 0.65}, {"indices": [207, 213], "inst": "http://dbpedia.org/resource/Ti\u00ebsto", "dbpInterestingClasses": "dbpedia-owl:Person", "dbpSpecificClasses": "dbpedia-owl:MusicalArtist", "confidence": -0.51}]}}