{"text": "\u2018Top Chef Wisconsin\u2019 Premiere Cooks Up Excitement In Milwaukee. The much-anticipated premiere of \"Top Chef\" in Milwaukee has turned the spotlight onto the contestants and surprisingly amplified the vibrancy and diversity of Wiscons...", "entities": {"Mention": [{"indices": [1, 9], "inst": "http://dbpedia.org/resource/Top_Chef", "dbpInterestingClasses": "", "dbpSpecificClasses": "dbpedia-owl:TelevisionShow", "confidence": -0.705}, {"indices": [10, 19], "inst": "http://dbpedia.org/resource/Wisconsin", "dbpInterestingClasses": "dbpedia-owl:PopulatedPlace", "dbpSpecificClasses": "dbpedia-owl:AdministrativeRegion", "confidence": -0.67}, {"indices": [53, 62], "inst": "http://dbpedia.org/resource/Milwaukee", "dbpInterestingClasses": "dbpedia-owl:PopulatedPlace", "dbpSpecificClasses": "dbpedia-owl:City|dbpedia-owl:AdministrativeRegion", "confidence": -0.5692307692307692}, {"indices": [98, 106], "inst": "http://dbpedia.org/resource/Top_Chef", "dbpInterestingClasses": "", "dbpSpecificClasses": "dbpedia-owl:TelevisionShow", "confidence": -0.705}, {"indices": [111, 120], "inst": "http://dbpedia.org/resource/Milwaukee", "dbpInterestingClasses": "dbpedia-owl:PopulatedPlace", "dbpSpecificClasses": "dbpedia-owl:City|dbpedia-owl:AdministrativeRegion", "confidence": -0.5692307692307692}]}}