{"text": "On The Dystopian Burden Of Misogynoir For Black Women. There is a legacy of impunity that collective society has repeatedly directed toward Black women.", "entities": {"Mention": [{"indices": [7, 16], "inst": "http://dbpedia.org/resource/Dystopia", "dbpInterestingClasses": "dbpedia-owl:Person", "dbpSpecificClasses": "dbpedia-owl:Person", "confidence": -0.52}, {"indices": [27, 37], "inst": "http://dbpedia.org/resource/Misogynoir", "dbpInterestingClasses": "owl:Thing", "dbpSpecificClasses": "owl:Thing", "confidence": -0.77}, {"indices": [42, 53], "inst": "http://dbpedia.org/resource/Black_people", "dbpInterestingClasses": "owl:Thing", "dbpSpecificClasses": "owl:Thing", "confidence": -0.7621428571428503}]}}