{"text": "Inaugural SWAIA Native Fashion Show Set For May 2-5, 2024, In Santa Fe, New Mexico. The Southwestern Association for Indian Arts will be hosting a Native Fashion week May 2 through 5, 2024, in Santa Fe, showcasing the diversity of Indigenous designers across the US and Canada.", "entities": {"Mention": [{"indices": [10, 15], "inst": "http://dbpedia.org/resource/Santa_Fe_Indian_Market", "dbpInterestingClasses": "owl:Thing", "dbpSpecificClasses": "owl:Thing", "confidence": -0.619090909090909}, {"indices": [62, 82], "inst": "http://dbpedia.org/resource/Santa_Fe,_New_Mexico", "dbpInterestingClasses": "dbpedia-owl:PopulatedPlace", "dbpSpecificClasses": "dbpedia-owl:AdministrativeRegion|dbpedia-owl:City", "confidence": 0.5589999999999999}, {"indices": [88, 128], "inst": "http://dbpedia.org/resource/Santa_Fe_Indian_Market", "dbpInterestingClasses": "owl:Thing", "dbpSpecificClasses": "owl:Thing", "confidence": 0.7016666666666665}, {"indices": [154, 166], "inst": "http://dbpedia.org/resource/Fashion_week", "dbpInterestingClasses": "owl:Thing", "dbpSpecificClasses": "owl:Thing", "confidence": -0.8649999999999999}, {"indices": [252, 265], "inst": "http://dbpedia.org/resource/King_assassination_riots", "dbpInterestingClasses": "owl:Thing", "dbpSpecificClasses": "owl:Thing", "confidence": -0.805}]}}