{"text": "White-sounding names get called back for jobs more than Black ones, a new study finds. Economists sent 83,000 fake job applications to a slew of major U.S. companies, and found that the typical firm favored white applicants over Black ones by around 9%.", "entities": {"Mention": [{"indices": [151, 155], "inst": "http://dbpedia.org/resource/United_States", "dbpInterestingClasses": "dbpedia-owl:PopulatedPlace", "dbpSpecificClasses": "dbpedia-owl:Country", "confidence": 0.6800000000000006}]}}