{"text": "Prompt Engineering Embraces New Essay-Compression Technique That Expands On Getting Very Constructive Generative AI Results. A new prompting technique in generative AI to compress essays and other text is handy and a good addition to prompt engineering skillsets. Here's what you need to know.", "entities": {"Mention": [{"indices": [7, 18], "inst": "http://dbpedia.org/resource/Engineering", "dbpInterestingClasses": "dbpedia-owl:Person", "dbpSpecificClasses": "dbpedia-owl:Person|dbpedia-owl:Book", "confidence": -0.78}, {"indices": [32, 37], "inst": "http://dbpedia.org/resource/Essay", "dbpInterestingClasses": "dbpedia-owl:Person", "dbpSpecificClasses": "dbpedia-owl:Person", "confidence": -0.58}, {"indices": [165, 167], "inst": "http://dbpedia.org/resource/Artificial_intelligence", "dbpInterestingClasses": "dbpedia-owl:Person", "dbpSpecificClasses": "dbpedia-owl:Person|dbpedia-owl:Book", "confidence": -0.73}]}}