{"text": "Federal judge says Florida\u2019s teacher pronoun restriction violates the First Amendment. A federal judge on Tuesday temporarily blocked a law in Florida that barred a transgender teacher from using pronouns that don\u2019t align with her birth sex.", "entities": {"Mention": [{"indices": [19, 28], "inst": "http://dbpedia.org/resource/Florida", "dbpInterestingClasses": "dbpedia-owl:PopulatedPlace", "dbpSpecificClasses": "dbpedia-owl:AdministrativeRegion", "confidence": 0.6633333333333333}, {"indices": [70, 85], "inst": "http://dbpedia.org/resource/First_Amendment_to_the_United_States_Constitution", "dbpInterestingClasses": "dbpedia-owl:Person", "dbpSpecificClasses": "dbpedia-owl:Person", "confidence": 0.5100000000000001}, {"indices": [143, 150], "inst": "http://dbpedia.org/resource/Florida", "dbpInterestingClasses": "dbpedia-owl:PopulatedPlace", "dbpSpecificClasses": "dbpedia-owl:AdministrativeRegion", "confidence": -0.5}]}}