{"text": "Judicial body says courts have discretion on new 'judge-shopping' policy after GOP backlash. WASHINGTON \u2014 The U.S. Judicial Conference on Friday issued guidance on the federal judiciary's new policy making it more difficult to \"judge-shop\" following public criticism from top Republicans in Congress.", "entities": {"Mention": [{"indices": [79, 82], "inst": "http://dbpedia.org/resource/Republican_Party_(United_States)", "dbpInterestingClasses": "dbpedia-owl:Organisation", "dbpSpecificClasses": "dbpedia-owl:PoliticalParty", "confidence": 0.6100000000000005}, {"indices": [93, 103], "inst": "http://dbpedia.org/resource/Washington_(state)", "dbpInterestingClasses": "dbpedia-owl:PopulatedPlace", "dbpSpecificClasses": "dbpedia-owl:AdministrativeRegion", "confidence": -0.75}, {"indices": [110, 114], "inst": "http://dbpedia.org/resource/United_States", "dbpInterestingClasses": "dbpedia-owl:PopulatedPlace", "dbpSpecificClasses": "dbpedia-owl:Country", "confidence": 0.6800000000000006}, {"indices": [115, 134], "inst": "http://dbpedia.org/resource/Judicial_Conference_of_the_United_States", "dbpInterestingClasses": "owl:Thing", "dbpSpecificClasses": "owl:Thing", "confidence": -0.5516666666666666}, {"indices": [276, 287], "inst": "http://dbpedia.org/resource/Republican_Party_(United_States)", "dbpInterestingClasses": "dbpedia-owl:Organisation", "dbpSpecificClasses": "dbpedia-owl:PoliticalParty", "confidence": -0.53}]}}