{"text": "This Luxurious Atlanta Hotel Is A Top Destination For Cocktail Lovers. The Four Seasons Hotel Atlanta's Bar Margot has earned acclaim for its high-end dining program and wide selection of complex cocktails.", "entities": {"Mention": [{"indices": [15, 28], "inst": "http://dbpedia.org/resource/Atlanta_Hotel", "dbpInterestingClasses": "owl:Thing", "dbpSpecificClasses": "owl:Thing", "confidence": -0.7}, {"indices": [75, 101], "inst": "http://dbpedia.org/resource/Four_Seasons_Hotel_Atlanta", "dbpInterestingClasses": "owl:Thing", "dbpSpecificClasses": "owl:Thing", "confidence": -0.59}]}}