{"text": "How Ambitious Women Can Protect Their Leadership Status Before And After Maternity Leave. Barbara Palmer, founder of Broad Perspective Consulting and the creator of Your 4th Trimester (Y4T) program gives advice on how ambitious women can protect their leadership status once they go on parental leave.", "entities": {"Mention": [{"indices": [73, 88], "inst": "http://dbpedia.org/resource/Parental_leave", "dbpInterestingClasses": "owl:Thing", "dbpSpecificClasses": "owl:Thing", "confidence": -0.6549999999999998}, {"indices": [90, 104], "inst": "http://dbpedia.org/resource/Barbara_Palmer,_1st_Duchess_of_Cleveland", "dbpInterestingClasses": "dbpedia-owl:Person", "dbpSpecificClasses": "dbpedia-owl:Person", "confidence": 0.7986666666666666}, {"indices": [135, 145], "inst": "http://dbpedia.org/resource/Consultant", "dbpInterestingClasses": "owl:Thing", "dbpSpecificClasses": "owl:Thing", "confidence": -0.84}, {"indices": [286, 300], "inst": "http://dbpedia.org/resource/Parental_leave", "dbpInterestingClasses": "owl:Thing", "dbpSpecificClasses": "owl:Thing", "confidence": -0.6406666666666666}]}}