{"text": "Cities Are Designed For Men\u2019s Convenience - Not For Women\u2019s Health. Cities have historically been designed by men for men - not women. But in Australia, Ecuador, India, Sweden and more, cities around the world are starting to change.", "entities": {"Mention": [{"indices": [142, 151], "inst": "http://dbpedia.org/resource/Australia", "dbpInterestingClasses": "dbpedia-owl:PopulatedPlace", "dbpSpecificClasses": "dbpedia-owl:Country", "confidence": 0.6}, {"indices": [153, 160], "inst": "http://dbpedia.org/resource/Ecuador", "dbpInterestingClasses": "dbpedia-owl:PopulatedPlace", "dbpSpecificClasses": "dbpedia-owl:Country", "confidence": 0.655}, {"indices": [162, 167], "inst": "http://dbpedia.org/resource/India", "dbpInterestingClasses": "dbpedia-owl:PopulatedPlace", "dbpSpecificClasses": "dbpedia-owl:Country", "confidence": 0.66}, {"indices": [169, 175], "inst": "http://dbpedia.org/resource/Sweden", "dbpInterestingClasses": "dbpedia-owl:PopulatedPlace", "dbpSpecificClasses": "dbpedia-owl:Country", "confidence": 0.72}]}}