{"text": "Pinkerton: Trump Tries to Yank the Abortion Issue Out of the Democrats\u2019 Playbook. In this close election, Trump is fighting for life.\nThe post Pinkerton: Trump Tries to Yank the Abortion Issue Out of the Democrats\u2019 Playbook\u00a0 appeared first on Breitbart.", "entities": {"Mention": [{"indices": [61, 70], "inst": "http://dbpedia.org/resource/Democratic_Party_(United_States)", "dbpInterestingClasses": "dbpedia-owl:Organisation|dbpedia-owl:Person", "dbpSpecificClasses": "dbpedia-owl:PoliticalParty|dbpedia-owl:Person", "confidence": 0.5100000000000006}, {"indices": [204, 213], "inst": "http://dbpedia.org/resource/Democratic_Party_(United_States)", "dbpInterestingClasses": "dbpedia-owl:Organisation|dbpedia-owl:Person", "dbpSpecificClasses": "dbpedia-owl:PoliticalParty|dbpedia-owl:Person", "confidence": 0.5100000000000006}, {"indices": [243, 252], "inst": "http://dbpedia.org/resource/Andrew_Breitbart", "dbpInterestingClasses": "dbpedia-owl:Person", "dbpSpecificClasses": "dbpedia-owl:Person", "confidence": 0.5250571027850132}]}}