{"text": "Exclusive Pelorus Private Island Opens On The Great Barrier Reef. The only private island in Australia's North Queensland on the Great Barrier Reef opened last month to guests.", "entities": {"Mention": [{"indices": [18, 32], "inst": "http://dbpedia.org/resource/Private_island", "dbpInterestingClasses": "", "dbpSpecificClasses": "dbpedia-owl:Book", "confidence": -0.6790909090909092}, {"indices": [75, 89], "inst": "http://dbpedia.org/resource/Private_island", "dbpInterestingClasses": "", "dbpSpecificClasses": "dbpedia-owl:Book", "confidence": -0.7990909090909092}, {"indices": [93, 110], "inst": "http://dbpedia.org/resource/Northern_Australia", "dbpInterestingClasses": "owl:Thing", "dbpSpecificClasses": "owl:Thing", "confidence": -0.6751428571428572}]}}