{"text": "4/4/24. Hi all, We hope you have been enjoying these early April days and that you've ordered your eclipse gear. Here's what we've been working on the last couple of days.  A sex scandal sunk the political career of a Florida Republican couple who seemed on their\u2026", "entities": {"Mention": [{"indices": [218, 225], "inst": "http://dbpedia.org/resource/Florida", "dbpInterestingClasses": "dbpedia-owl:PopulatedPlace", "dbpSpecificClasses": "dbpedia-owl:AdministrativeRegion", "confidence": 0.52}, {"indices": [226, 236], "inst": "http://dbpedia.org/resource/Republican_Party_(United_States)", "dbpInterestingClasses": "dbpedia-owl:Organisation", "dbpSpecificClasses": "dbpedia-owl:PoliticalParty", "confidence": -0.65}]}}