{"text": "Carville: Biden Didn't Know Easter Was Trans Visibility Day, No One in the White House Knew There Was Easter Overlap. On Monday\u2019s broadcast of NewsNation\u2019s \u201cCuomo,\u201d Democratic strategist James Carville reacted to criticism of the Biden White House for its proclamation of Transgender Day of Visibility falling on Easter by stating, \u201cas if Biden even knew it was\u201d Transgender Da\u2026", "entities": {"Mention": [{"indices": [10, 15], "inst": "http://dbpedia.org/resource/Joe_Biden", "dbpInterestingClasses": "dbpedia-owl:Person", "dbpSpecificClasses": "dbpedia-owl:President|dbpedia-owl:VicePresident", "confidence": -0.5171428571428571}, {"indices": [75, 86], "inst": "http://dbpedia.org/resource/White_House", "dbpInterestingClasses": "", "dbpSpecificClasses": "dbpedia-owl:Building|dbpedia-owl:Monument", "confidence": -0.67}, {"indices": [109, 116], "inst": "http://dbpedia.org/resource/Concurrency_(road)", "dbpInterestingClasses": "owl:Thing", "dbpSpecificClasses": "owl:Thing", "confidence": -0.7}, {"indices": [187, 201], "inst": "http://dbpedia.org/resource/James_Carville", "dbpInterestingClasses": "dbpedia-owl:Person", "dbpSpecificClasses": "dbpedia-owl:Person", "confidence": 0.8375}, {"indices": [230, 235], "inst": "http://dbpedia.org/resource/Joe_Biden", "dbpInterestingClasses": "dbpedia-owl:Person", "dbpSpecificClasses": "dbpedia-owl:President|dbpedia-owl:VicePresident", "confidence": -0.5971428571428572}, {"indices": [236, 247], "inst": "http://dbpedia.org/resource/White_House", "dbpInterestingClasses": "", "dbpSpecificClasses": "dbpedia-owl:Building|dbpedia-owl:Monument", "confidence": -0.67}, {"indices": [339, 344], "inst": "http://dbpedia.org/resource/Joe_Biden", "dbpInterestingClasses": "dbpedia-owl:Person", "dbpSpecificClasses": "dbpedia-owl:President|dbpedia-owl:VicePresident", "confidence": 0.58}]}}