{"text": "2024 Forbes 30/50 Summit. The 2024 Forbes 30/50 Summit in Abu Dhabi gathered women across policy, NGOs, the arts and business to mentor each other, and exchange ideas for a better future.", "entities": {"Mention": [{"indices": [5, 11], "inst": "http://dbpedia.org/resource/Forbes", "dbpInterestingClasses": "", "dbpSpecificClasses": "dbpedia-owl:Magazine|dbpedia-owl:Newspaper", "confidence": -0.74}, {"indices": [35, 41], "inst": "http://dbpedia.org/resource/Forbes", "dbpInterestingClasses": "", "dbpSpecificClasses": "dbpedia-owl:Magazine|dbpedia-owl:Newspaper", "confidence": -0.74}, {"indices": [58, 67], "inst": "http://dbpedia.org/resource/Abu_Dhabi", "dbpInterestingClasses": "dbpedia-owl:PopulatedPlace", "dbpSpecificClasses": "dbpedia-owl:City|dbpedia-owl:GovernmentalAdministrativeRegion", "confidence": 0.62}, {"indices": [98, 102], "inst": "http://dbpedia.org/resource/Non-governmental_organization", "dbpInterestingClasses": "dbpedia-owl:Person", "dbpSpecificClasses": "dbpedia-owl:Person|dbpedia-owl:Book", "confidence": 0.695}]}}