{"text": "Why NASA Will Send Hundreds Of Balloons Into The Total Solar Eclipse. NASA's Nationwide Eclipse Ballooning Project will see 53 student teams fly helium weather balloons during April's total solar eclipse. Here's why.", "entities": {"Mention": [{"indices": [4, 8], "inst": "http://dbpedia.org/resource/NASA", "dbpInterestingClasses": "dbpedia-owl:Organisation|dbpedia-owl:Person", "dbpSpecificClasses": "dbpedia-owl:GovernmentAgency|dbpedia-owl:Person", "confidence": 0.53}, {"indices": [19, 27], "inst": "http://dbpedia.org/resource/Hundred_(county_division)", "dbpInterestingClasses": "owl:Thing", "dbpSpecificClasses": "owl:Thing", "confidence": -0.78}, {"indices": [49, 68], "inst": "http://dbpedia.org/resource/Solar_eclipse", "dbpInterestingClasses": "dbpedia-owl:Person", "dbpSpecificClasses": "dbpedia-owl:Person", "confidence": -0.7157142857142857}, {"indices": [70, 76], "inst": "http://dbpedia.org/resource/NASA", "dbpInterestingClasses": "dbpedia-owl:Organisation|dbpedia-owl:Person", "dbpSpecificClasses": "dbpedia-owl:GovernmentAgency|dbpedia-owl:Person", "confidence": -0.546}, {"indices": [152, 168], "inst": "http://dbpedia.org/resource/Weather_balloon", "dbpInterestingClasses": "owl:Thing", "dbpSpecificClasses": "owl:Thing", "confidence": -0.629788887906401}, {"indices": [190, 203], "inst": "http://dbpedia.org/resource/Solar_eclipse", "dbpInterestingClasses": "dbpedia-owl:Person", "dbpSpecificClasses": "dbpedia-owl:Person", "confidence": -0.51}]}}