{"text": "Baseball\u2019s Most Valuable Teams 2024. The Los Angeles Dodgers and Philadelphia Phillies rose the most in value thanks to their rich TV deals and high attendance\u2014but last year wasn\u2019t a grand slam for most MLB teams.", "entities": {"Mention": [{"indices": [65, 86], "inst": "http://dbpedia.org/resource/Philadelphia_Phillies", "dbpInterestingClasses": "dbpedia-owl:SportsTeam", "dbpSpecificClasses": "dbpedia-owl:SportsTeam", "confidence": 0.7}, {"indices": [183, 193], "inst": "http://dbpedia.org/resource/Grand_Slam_(tennis)", "dbpInterestingClasses": "owl:Thing", "dbpSpecificClasses": "owl:Thing", "confidence": -0.7949999999999998}]}}