{"text": "Battleground Pennsylvania: Embattled Democrat Sen. Bob Casey Joins Biden in Declaring Easter Sunday \u2018Trans Day of Visibility\u2019. Pennsylvania Sen. Bob Casey (D), who is fighting for his U.S. Senate seat in 2024 against Republican candidate David McCormick, joined President Joe Biden in declaring Easter Sunday \"Transgender Day of Visibility.\"\nThe post Battleground Pennsylvania: Embattle\u2026", "entities": {"Mention": [{"indices": [13, 25], "inst": "http://dbpedia.org/resource/Pennsylvania", "dbpInterestingClasses": "dbpedia-owl:PopulatedPlace", "dbpSpecificClasses": "dbpedia-owl:AdministrativeRegion", "confidence": -0.52}, {"indices": [37, 45], "inst": "http://dbpedia.org/resource/Democratic_Party_(United_States)", "dbpInterestingClasses": "dbpedia-owl:Organisation|dbpedia-owl:Person", "dbpSpecificClasses": "dbpedia-owl:PoliticalParty|dbpedia-owl:Person", "confidence": -0.59}, {"indices": [51, 60], "inst": "http://dbpedia.org/resource/Bob_Casey,_Jr.", "dbpInterestingClasses": "dbpedia-owl:Person", "dbpSpecificClasses": "dbpedia-owl:President", "confidence": -0.746}, {"indices": [127, 139], "inst": "http://dbpedia.org/resource/Pennsylvania", "dbpInterestingClasses": "dbpedia-owl:PopulatedPlace", "dbpSpecificClasses": "dbpedia-owl:AdministrativeRegion", "confidence": -0.52}, {"indices": [145, 154], "inst": "http://dbpedia.org/resource/Bob_Casey,_Jr.", "dbpInterestingClasses": "dbpedia-owl:Person", "dbpSpecificClasses": "dbpedia-owl:President", "confidence": -0.704182565554679}, {"indices": [217, 237], "inst": "http://dbpedia.org/resource/Republican_Party_(United_States)", "dbpInterestingClasses": "dbpedia-owl:Organisation", "dbpSpecificClasses": "dbpedia-owl:PoliticalParty", "confidence": -0.5085185185185179}, {"indices": [238, 253], "inst": "http://dbpedia.org/resource/David_H._McCormick", "dbpInterestingClasses": "dbpedia-owl:Person", "dbpSpecificClasses": "dbpedia-owl:Person", "confidence": 0.8583333333333333}, {"indices": [272, 281], "inst": "http://dbpedia.org/resource/Joe_Biden", "dbpInterestingClasses": "dbpedia-owl:Person", "dbpSpecificClasses": "dbpedia-owl:President|dbpedia-owl:VicePresident", "confidence": 0.71}, {"indices": [364, 376], "inst": "http://dbpedia.org/resource/Pennsylvania", "dbpInterestingClasses": "dbpedia-owl:PopulatedPlace", "dbpSpecificClasses": "dbpedia-owl:AdministrativeRegion", "confidence": -0.52}]}}