{"text": "What Is Sustainable Tourism? In Panama, It Depends Who You Ask. Sustainability in tourism is a broad topic that covers environmental protection, supporting local communities and cultural preservation. But what does sustainability really mean?", "entities": {"Mention": [{"indices": [8, 27], "inst": "http://dbpedia.org/resource/Sustainable_tourism", "dbpInterestingClasses": "dbpedia-owl:Person", "dbpSpecificClasses": "dbpedia-owl:Person", "confidence": -0.522}, {"indices": [32, 38], "inst": "http://dbpedia.org/resource/Panama", "dbpInterestingClasses": "dbpedia-owl:PopulatedPlace", "dbpSpecificClasses": "dbpedia-owl:Country", "confidence": 0.62}]}}