{"text": "Riley Gaines: 'It's Time We Fight Back' Against NCAA's Trans Agenda. Women's sports advocate Riley Gaines has joined 15 other female athletes in a lawsuit against the NCAA over its transgender agenda.", "entities": {"Mention": [{"indices": [167, 171], "inst": "http://dbpedia.org/resource/National_Collegiate_Athletic_Association", "dbpInterestingClasses": "dbpedia-owl:Organisation|dbpedia-owl:Person", "dbpSpecificClasses": "dbpedia-owl:Organisation|dbpedia-owl:Person", "confidence": -0.52}]}}