{"text": "Joe Biden Tells \u2018Trans Americans' They Are \u2018Made in the Image of God'. President Joe Biden's secular deputies kidnapped Christian theology to champion transgenderism on the holiest weekend for Christianity.\nThe post Joe Biden Tells \u2018Trans Americans\u2019 They Are \u2018Made in the Image of God\u2019 appeared first on Breitbart.", "entities": {"Mention": [{"indices": [0, 9], "inst": "http://dbpedia.org/resource/Joe_Biden", "dbpInterestingClasses": "dbpedia-owl:Person", "dbpSpecificClasses": "dbpedia-owl:President|dbpedia-owl:VicePresident", "confidence": 0.71}, {"indices": [23, 33], "inst": "http://dbpedia.org/resource/United_States", "dbpInterestingClasses": "dbpedia-owl:PopulatedPlace", "dbpSpecificClasses": "dbpedia-owl:Country", "confidence": -0.5149999999999995}, {"indices": [81, 90], "inst": "http://dbpedia.org/resource/Joe_Biden", "dbpInterestingClasses": "dbpedia-owl:Person", "dbpSpecificClasses": "dbpedia-owl:President|dbpedia-owl:VicePresident", "confidence": 0.73}, {"indices": [120, 138], "inst": "http://dbpedia.org/resource/Christian_theology", "dbpInterestingClasses": "owl:Thing", "dbpSpecificClasses": "owl:Thing", "confidence": -0.8}, {"indices": [193, 205], "inst": "http://dbpedia.org/resource/Christianity", "dbpInterestingClasses": "dbpedia-owl:Person", "dbpSpecificClasses": "dbpedia-owl:Person|dbpedia-owl:Book", "confidence": -0.56}, {"indices": [216, 225], "inst": "http://dbpedia.org/resource/Joe_Biden", "dbpInterestingClasses": "dbpedia-owl:Person", "dbpSpecificClasses": "dbpedia-owl:President|dbpedia-owl:VicePresident", "confidence": 0.71}, {"indices": [239, 249], "inst": "http://dbpedia.org/resource/United_States", "dbpInterestingClasses": "dbpedia-owl:PopulatedPlace", "dbpSpecificClasses": "dbpedia-owl:Country", "confidence": 0.681333333333334}, {"indices": [304, 313], "inst": "http://dbpedia.org/resource/Andrew_Breitbart", "dbpInterestingClasses": "dbpedia-owl:Person", "dbpSpecificClasses": "dbpedia-owl:Person", "confidence": 0.5250571027850132}]}}