{"text": "33% of US Millionaires Are Women: 5 Hurdles Keeping Women From Becoming Millionaires. There are over 7 million women millionaires in the U.S., a number that represents one-third of all millionaires in the country. While that number is growing,...", "entities": {"Mention": [{"indices": [7, 9], "inst": "http://dbpedia.org/resource/United_States", "dbpInterestingClasses": "dbpedia-owl:PopulatedPlace", "dbpSpecificClasses": "dbpedia-owl:Country", "confidence": 0.5700000000000006}, {"indices": [36, 43], "inst": "http://dbpedia.org/resource/Hurdling", "dbpInterestingClasses": "", "dbpSpecificClasses": "dbpedia-owl:Sport", "confidence": -0.8198461538461538}]}}