{"text": "The first woman to run for president in years inspires hope in Senegal. Senegal\u2019s only female presidential candidate may stand little to no chance of winning in Sunday\u2019s election, but activists say her presence alone is helping to advance a decadeslong campaign to achieve gender equality in the West African nation. Anta Babacar N\u2026", "entities": {"Mention": [{"indices": [63, 70], "inst": "http://dbpedia.org/resource/Senegal", "dbpInterestingClasses": "dbpedia-owl:PopulatedPlace", "dbpSpecificClasses": "dbpedia-owl:Country", "confidence": 0.67}, {"indices": [72, 79], "inst": "http://dbpedia.org/resource/Senegal", "dbpInterestingClasses": "dbpedia-owl:PopulatedPlace", "dbpSpecificClasses": "dbpedia-owl:Country", "confidence": 0.67}, {"indices": [273, 288], "inst": "http://dbpedia.org/resource/Gender_equality", "dbpInterestingClasses": "owl:Thing", "dbpSpecificClasses": "owl:Thing", "confidence": -0.84}]}}