{"text": "Fresh Air Weekend: WNBA star Sue Bird; Sleater-Kinney. Bird has theories about why NCAA fans don't follow the WNBA. Ken Tucker reviews Beyonc\u00e9's new album. Carrie Brownstein and Corin Tucker talk Sleater-Kinney, and 30 years of making music.", "entities": {"Mention": [{"indices": [19, 23], "inst": "http://dbpedia.org/resource/Women's_National_Basketball_Association", "dbpInterestingClasses": "dbpedia-owl:Organisation", "dbpSpecificClasses": "dbpedia-owl:SportsLeague|dbpedia-owl:SportsEvent", "confidence": 0.71}, {"indices": [29, 37], "inst": "http://dbpedia.org/resource/Sue_Bird", "dbpInterestingClasses": "dbpedia-owl:Person", "dbpSpecificClasses": "dbpedia-owl:BasketballPlayer", "confidence": 0.855}, {"indices": [39, 53], "inst": "http://dbpedia.org/resource/Sleater-Kinney", "dbpInterestingClasses": "dbpedia-owl:Organisation|dbpedia-owl:Person", "dbpSpecificClasses": "dbpedia-owl:Band|dbpedia-owl:Artist", "confidence": 0.64}, {"indices": [83, 87], "inst": "http://dbpedia.org/resource/National_Collegiate_Athletic_Association", "dbpInterestingClasses": "dbpedia-owl:Organisation|dbpedia-owl:Person", "dbpSpecificClasses": "dbpedia-owl:Organisation|dbpedia-owl:Person", "confidence": -0.52}, {"indices": [110, 114], "inst": "http://dbpedia.org/resource/Women's_National_Basketball_Association", "dbpInterestingClasses": "dbpedia-owl:Organisation", "dbpSpecificClasses": "dbpedia-owl:SportsLeague|dbpedia-owl:SportsEvent", "confidence": 0.71}, {"indices": [116, 126], "inst": "http://dbpedia.org/resource/Ken_Tucker", "dbpInterestingClasses": "dbpedia-owl:Person", "dbpSpecificClasses": "dbpedia-owl:Person", "confidence": -0.5273684210526316}, {"indices": [135, 144], "inst": "http://dbpedia.org/resource/Beyonc\u00e9", "dbpInterestingClasses": "dbpedia-owl:Person", "dbpSpecificClasses": "dbpedia-owl:Singer", "confidence": -0.5849999999999929}, {"indices": [156, 173], "inst": "http://dbpedia.org/resource/Carrie_Brownstein", "dbpInterestingClasses": "dbpedia-owl:Person", "dbpSpecificClasses": "dbpedia-owl:Singer", "confidence": 0.67}, {"indices": [178, 190], "inst": "http://dbpedia.org/resource/Corin_Tucker", "dbpInterestingClasses": "dbpedia-owl:Person", "dbpSpecificClasses": "dbpedia-owl:Singer", "confidence": 0.695}, {"indices": [196, 210], "inst": "http://dbpedia.org/resource/Sleater-Kinney", "dbpInterestingClasses": "dbpedia-owl:Organisation|dbpedia-owl:Person", "dbpSpecificClasses": "dbpedia-owl:Band|dbpedia-owl:Artist", "confidence": 0.64}]}}