{"text": "Liberty Media Acquires Majority Stake Of MotoGP; Adds To F1 And Atlanta Braves. Liberty Media has acquired global motorcycle racing series MotoGP. Here's the details.", "entities": {"Mention": [{"indices": [0, 13], "inst": "http://dbpedia.org/resource/Liberty_Media", "dbpInterestingClasses": "dbpedia-owl:Organisation", "dbpSpecificClasses": "dbpedia-owl:Organisation", "confidence": 0.8255}, {"indices": [64, 78], "inst": "http://dbpedia.org/resource/Atlanta_Braves", "dbpInterestingClasses": "dbpedia-owl:SportsTeam", "dbpSpecificClasses": "dbpedia-owl:SportsTeam", "confidence": 0.66}, {"indices": [80, 93], "inst": "http://dbpedia.org/resource/Liberty_Media", "dbpInterestingClasses": "dbpedia-owl:Organisation", "dbpSpecificClasses": "dbpedia-owl:Organisation", "confidence": 0.8454999999999999}]}}