{"text": "Trump\u2019s Ohio Senate Pick Bernie Moreno Faces Establishment Challenge In Tonight\u2019s Primary. Moreno would face Democratic Sen. Sherrod Brown in a toss-up race if he wins Tuesday\u2019s primary.", "entities": {"Mention": [{"indices": [109, 119], "inst": "http://dbpedia.org/resource/Democratic_Party_(United_States)", "dbpInterestingClasses": "dbpedia-owl:Organisation|dbpedia-owl:Person", "dbpSpecificClasses": "dbpedia-owl:PoliticalParty|dbpedia-owl:Person", "confidence": -0.65}, {"indices": [120, 138], "inst": "http://dbpedia.org/resource/Sherrod_Brown", "dbpInterestingClasses": "dbpedia-owl:Person", "dbpSpecificClasses": "dbpedia-owl:Politician", "confidence": 0.7395}]}}