{"text": "Responsible Marketing: Wear Your Ethics On Your Sleeve. AI is changing the world. It\u2019s not taking the world over. It is empowering humans to create a better world.", "entities": {"Mention": [{"indices": [12, 21], "inst": "http://dbpedia.org/resource/Marketing", "dbpInterestingClasses": "dbpedia-owl:Person", "dbpSpecificClasses": "dbpedia-owl:Person|dbpedia-owl:Book", "confidence": -0.77}, {"indices": [28, 32], "inst": "http://dbpedia.org/resource/Your_Party", "dbpInterestingClasses": "dbpedia-owl:Organisation", "dbpSpecificClasses": "dbpedia-owl:PoliticalParty", "confidence": -0.71}, {"indices": [33, 39], "inst": "http://dbpedia.org/resource/Ethics", "dbpInterestingClasses": "dbpedia-owl:Person", "dbpSpecificClasses": "dbpedia-owl:Person", "confidence": -0.6266666666666666}, {"indices": [40, 54], "inst": "http://dbpedia.org/resource/On_Your_Sleeve", "dbpInterestingClasses": "", "dbpSpecificClasses": "dbpedia-owl:Album", "confidence": -0.5840909090909091}]}}