{"text": "Leftist Spending Spree: MacKenzie Scott Gives $640 Million to Groups Including Supporters of Trans Athletes, Migrant Criminals. MacKenzie Scott, the ex-wife of Amazon founder Jeff Bezos, is giving most of her $640 million in new charitable donations to radical left-wing organizations that push extreme agendas, including providing assistance for migrant criminals, and male athletes com\u2026", "entities": {"Mention": [{"indices": [24, 39], "inst": "http://dbpedia.org/resource/Torres_(musician)", "dbpInterestingClasses": "dbpedia-owl:Person", "dbpSpecificClasses": "dbpedia-owl:Artist", "confidence": 0.7701666666666667}, {"indices": [99, 107], "inst": "http://dbpedia.org/resource/Athlete", "dbpInterestingClasses": "owl:Thing", "dbpSpecificClasses": "owl:Thing", "confidence": -0.88}, {"indices": [128, 143], "inst": "http://dbpedia.org/resource/Torres_(musician)", "dbpInterestingClasses": "dbpedia-owl:Person", "dbpSpecificClasses": "dbpedia-owl:Artist", "confidence": 0.7801666666666667}, {"indices": [160, 166], "inst": "http://dbpedia.org/resource/Amazon.com", "dbpInterestingClasses": "dbpedia-owl:Organisation", "dbpSpecificClasses": "dbpedia-owl:Organisation", "confidence": -0.74}, {"indices": [175, 185], "inst": "http://dbpedia.org/resource/Jeff_Bezos", "dbpInterestingClasses": "dbpedia-owl:Person", "dbpSpecificClasses": "dbpedia-owl:Person", "confidence": 0.8675}, {"indices": [261, 270], "inst": "http://dbpedia.org/resource/Left-wing_politics", "dbpInterestingClasses": "owl:Thing", "dbpSpecificClasses": "owl:Thing", "confidence": -0.8}]}}