{"text": "Female volleyball player slams Dem lawmakers who deny that trans athletes cause harm. A former female\u00a0volleyball player who is still grappling with the repercussions of a severe injury inflicted by a male-to-female (MTF) transgender player slams Democratic lawmakers for denying the fact that trans \u201cwomen\u201d in female sports cause harm. During a \u2026", "entities": {"Mention": [{"indices": [7, 24], "inst": "http://dbpedia.org/resource/Volleyball", "dbpInterestingClasses": "", "dbpSpecificClasses": "dbpedia-owl:Sport|dbpedia-owl:Book", "confidence": -0.5941666666666666}, {"indices": [102, 119], "inst": "http://dbpedia.org/resource/Volleyball", "dbpInterestingClasses": "", "dbpSpecificClasses": "dbpedia-owl:Sport|dbpedia-owl:Book", "confidence": -0.5941666666666666}, {"indices": [200, 214], "inst": "http://dbpedia.org/resource/Trans_woman", "dbpInterestingClasses": "dbpedia-owl:Person", "dbpSpecificClasses": "dbpedia-owl:Person", "confidence": -0.6758333333333333}]}}