{"text": "Supercharging Google Search: The Future Of AI In Search. Google\u2019s vision for the future of search is changing, and in an exclusive interview, a senior executive talks about its latest experiment.", "entities": {"Mention": [{"indices": [14, 27], "inst": "http://dbpedia.org/resource/Google_Search", "dbpInterestingClasses": "dbpedia-owl:Person", "dbpSpecificClasses": "dbpedia-owl:Website|dbpedia-owl:Person", "confidence": -0.5086666666666667}, {"indices": [57, 65], "inst": "http://dbpedia.org/resource/Google", "dbpInterestingClasses": "dbpedia-owl:Organisation", "dbpSpecificClasses": "dbpedia-owl:Organisation", "confidence": 0.6120238095238095}]}}