{"text": "Australia: Transgender Roxanne Tickle Sues Women-Only App Giggle for Denying Membership. Transgender Roxanne Tickle, a man living as a woman in Australia, is suing the women-only app Giggle for Girls for denying him membership.\nThe post Australia: Transgender Roxanne Tickle Sues Women-Only App Giggle for Denying Membership appeared first on Breit\u2026", "entities": {"Mention": [{"indices": [0, 9], "inst": "http://dbpedia.org/resource/Australia", "dbpInterestingClasses": "dbpedia-owl:PopulatedPlace", "dbpSpecificClasses": "dbpedia-owl:Country", "confidence": 0.6}, {"indices": [11, 22], "inst": "http://dbpedia.org/resource/Transgender", "dbpInterestingClasses": "dbpedia-owl:Person", "dbpSpecificClasses": "dbpedia-owl:Disease|dbpedia-owl:Person", "confidence": -0.5966666666666667}, {"indices": [144, 153], "inst": "http://dbpedia.org/resource/Australia", "dbpInterestingClasses": "dbpedia-owl:PopulatedPlace", "dbpSpecificClasses": "dbpedia-owl:Country", "confidence": 0.6}, {"indices": [237, 246], "inst": "http://dbpedia.org/resource/Australia", "dbpInterestingClasses": "dbpedia-owl:PopulatedPlace", "dbpSpecificClasses": "dbpedia-owl:Country", "confidence": 0.6}, {"indices": [248, 259], "inst": "http://dbpedia.org/resource/Transgender", "dbpInterestingClasses": "dbpedia-owl:Person", "dbpSpecificClasses": "dbpedia-owl:Disease|dbpedia-owl:Person", "confidence": -0.5966666666666667}]}}