{"text": "Germany: Hundreds at solidarity march after synagogue attack. Hundreds of Oldenburg residents turned out in support of the Jewish community Sunday after an arson attack at a local synagogue on Friday. Jewish representatives thanked neighbors for their support.", "entities": {"Mention": [{"indices": [0, 8], "inst": "http://dbpedia.org/resource/States_of_Germany", "dbpInterestingClasses": "dbpedia-owl:Person", "dbpSpecificClasses": "dbpedia-owl:Person", "confidence": -0.5813095238095238}, {"indices": [71, 83], "inst": "http://dbpedia.org/resource/Free_State_of_Oldenburg", "dbpInterestingClasses": "dbpedia-owl:PopulatedPlace|dbpedia-owl:Person", "dbpSpecificClasses": "dbpedia-owl:Work|dbpedia-owl:AdministrativeRegion|dbpedia-owl:Territory|dbpedia-owl:Person|dbpedia-owl:Country", "confidence": -0.5246428571428572}]}}