{"text": "Notorious B.I.G. producer and sexual health advocate Mister Cee dead at 57. After being arrested for soliciting male sex workers, the legendary producer launched a \u201cnew sexual revolution\u201d campaign where he encouraged people to use protection and not hide who they are.", "entities": {"Mention": [{"indices": [0, 16], "inst": "http://dbpedia.org/resource/The_Notorious_B.I.G.", "dbpInterestingClasses": "dbpedia-owl:Person", "dbpSpecificClasses": "dbpedia-owl:Singer", "confidence": -0.6239999999999999}, {"indices": [30, 43], "inst": "http://dbpedia.org/resource/Reproductive_health", "dbpInterestingClasses": "owl:Thing", "dbpSpecificClasses": "owl:Thing", "confidence": -0.6966666666666667}, {"indices": [53, 63], "inst": "http://dbpedia.org/resource/Mister_Cee", "dbpInterestingClasses": "dbpedia-owl:Person", "dbpSpecificClasses": "dbpedia-owl:Artist", "confidence": 0.9}, {"indices": [169, 186], "inst": "http://dbpedia.org/resource/Sexual_revolution", "dbpInterestingClasses": "owl:Thing", "dbpSpecificClasses": "owl:Thing", "confidence": -0.6249999999999999}]}}