{"text": "Achieving Gender Equality In The C-Suite May Not Be Realized Until 2072. In a recent report by S&amp;P Global, a concerning trend has emerged in Corporate America: women are losing ground in C-suite positions for the first time in two decades.", "entities": {"Mention": [{"indices": [10, 25], "inst": "http://dbpedia.org/resource/Gender_equality", "dbpInterestingClasses": "owl:Thing", "dbpSpecificClasses": "owl:Thing", "confidence": -0.84}, {"indices": [33, 40], "inst": "http://dbpedia.org/resource/Corporate_title", "dbpInterestingClasses": "owl:Thing", "dbpSpecificClasses": "owl:Thing", "confidence": -0.6006666666666667}, {"indices": [95, 102], "inst": "http://dbpedia.org/resource/Standard_&_Poor's", "dbpInterestingClasses": "dbpedia-owl:Organisation", "dbpSpecificClasses": "dbpedia-owl:Bank", "confidence": -0.6406666666666666}, {"indices": [103, 109], "inst": "http://dbpedia.org/resource/Global_Television_Network", "dbpInterestingClasses": "dbpedia-owl:Organisation|dbpedia-owl:Person", "dbpSpecificClasses": "dbpedia-owl:TelevisionStation|dbpedia-owl:BroadcastNetwork|dbpedia-owl:Person", "confidence": -0.82}, {"indices": [191, 198], "inst": "http://dbpedia.org/resource/Corporate_title", "dbpInterestingClasses": "owl:Thing", "dbpSpecificClasses": "owl:Thing", "confidence": -0.6006666666666667}]}}