{"text": "Transgender mania shares roots with a 90s castration cult imposing surgical alterations for \u201cnext level\u201d ascension. The fast rise of transgenderism ideology has been observed over the past decade. The \u201cfad\u201d is not just about wanting to express themselves via cross-dressing but certain individuals insist that they should be of the opposite gender, engage in chemical and sur\u2026", "entities": {"Mention": [{"indices": [42, 57], "inst": "http://dbpedia.org/resource/Castration", "dbpInterestingClasses": "owl:Thing", "dbpSpecificClasses": "owl:Thing", "confidence": 0.501190476190476}, {"indices": [259, 273], "inst": "http://dbpedia.org/resource/Cross-dressing", "dbpInterestingClasses": "owl:Thing", "dbpSpecificClasses": "owl:Thing", "confidence": -0.655}]}}