{"text": "15 Biggest Bilingual Cities in the US. In this article, we will take a look at the 15 biggest bilingual cities in the US. If you would like to skip our discussion on the global landscape of...", "entities": {"Mention": [{"indices": [11, 20], "inst": "http://dbpedia.org/resource/Multilingualism", "dbpInterestingClasses": "", "dbpSpecificClasses": "dbpedia-owl:Work", "confidence": -0.6966666666666667}, {"indices": [21, 27], "inst": "http://dbpedia.org/resource/City", "dbpInterestingClasses": "dbpedia-owl:Person", "dbpSpecificClasses": "dbpedia-owl:Person|dbpedia-owl:Book", "confidence": -0.81}]}}