{"text": "Closing Gender Gaps Makes Sense Ethically And Economically. World Bank study reveals persistent gender gap in workplaces globally due to legal gaps and enforcement issues. Economic benefits of gender equality are vast and urgent.", "entities": {"Mention": [{"indices": [60, 70], "inst": "http://dbpedia.org/resource/World_Bank", "dbpInterestingClasses": "dbpedia-owl:Organisation|dbpedia-owl:Person", "dbpSpecificClasses": "dbpedia-owl:Location|dbpedia-owl:Organisation|dbpedia-owl:Person", "confidence": 0.6200000000000001}, {"indices": [193, 208], "inst": "http://dbpedia.org/resource/Gender_equality", "dbpInterestingClasses": "owl:Thing", "dbpSpecificClasses": "owl:Thing", "confidence": -0.84}]}}