{"text": "George Lopez tackles sobriety, family dynamics in 'Lopez vs. Lopez' Season 2. NBC\u2019s TV comedy \u201cLopez vs. Lopez\u201d starts Season two on April 2 with George Lopez challenging his family to give up their own addictions as he tries to maintain his sobriety, co-star Selenis Leyva says in an interview.", "entities": {"Mention": [{"indices": [0, 12], "inst": "http://dbpedia.org/resource/George_Lopez", "dbpInterestingClasses": "dbpedia-owl:Person", "dbpSpecificClasses": "dbpedia-owl:Actor", "confidence": 0.5847692307692307}, {"indices": [78, 83], "inst": "http://dbpedia.org/resource/NBC", "dbpInterestingClasses": "dbpedia-owl:Organisation", "dbpSpecificClasses": "dbpedia-owl:BroadcastNetwork|dbpedia-owl:TelevisionStation", "confidence": 0.6266666666666667}, {"indices": [146, 158], "inst": "http://dbpedia.org/resource/George_Lopez", "dbpInterestingClasses": "dbpedia-owl:Person", "dbpSpecificClasses": "dbpedia-owl:Actor", "confidence": 0.5847692307692307}, {"indices": [260, 273], "inst": "http://dbpedia.org/resource/Selenis_Leyva", "dbpInterestingClasses": "dbpedia-owl:Person", "dbpSpecificClasses": "dbpedia-owl:Actor", "confidence": 0.91}]}}