{"text": "Ugandan court rejects bid to nullify anti-gay law that provides for the death penalty in some cases. Uganda\u2019s constitutional court on Wednesday upheld an anti-gay law that allows the death penalty for \u201caggravated homosexuality.\u201d", "entities": {"Mention": [{"indices": [0, 7], "inst": "http://dbpedia.org/resource/Uganda", "dbpInterestingClasses": "dbpedia-owl:PopulatedPlace", "dbpSpecificClasses": "dbpedia-owl:Country", "confidence": 0.55}, {"indices": [72, 85], "inst": "http://dbpedia.org/resource/Capital_punishment", "dbpInterestingClasses": "dbpedia-owl:Person", "dbpSpecificClasses": "dbpedia-owl:Person", "confidence": -0.555}, {"indices": [101, 109], "inst": "http://dbpedia.org/resource/Uganda", "dbpInterestingClasses": "dbpedia-owl:PopulatedPlace", "dbpSpecificClasses": "dbpedia-owl:Country", "confidence": 0.5715238095238095}, {"indices": [183, 196], "inst": "http://dbpedia.org/resource/Capital_punishment", "dbpInterestingClasses": "dbpedia-owl:Person", "dbpSpecificClasses": "dbpedia-owl:Person", "confidence": -0.555}]}}