{"text": "In 'Ripley,' Andrew Scott channels queer-coded killers and noir antiheroes. Actor Andrew Scott has turned his attention to portraying perhaps one of the most memorable literary figures of the 20th century: Patricia Highsmith\u2019s Tom Ripley.", "entities": {"Mention": [{"indices": [13, 25], "inst": "http://dbpedia.org/resource/Andrew_Scott_(actor)", "dbpInterestingClasses": "dbpedia-owl:Person", "dbpSpecificClasses": "dbpedia-owl:Actor", "confidence": -0.7810126443842136}, {"indices": [82, 94], "inst": "http://dbpedia.org/resource/Andrew_Scott_(actor)", "dbpInterestingClasses": "dbpedia-owl:Person", "dbpSpecificClasses": "dbpedia-owl:Actor", "confidence": -0.7810126443842136}, {"indices": [206, 224], "inst": "http://dbpedia.org/resource/Patricia_Highsmith", "dbpInterestingClasses": "dbpedia-owl:Person", "dbpSpecificClasses": "dbpedia-owl:Writer", "confidence": 0.8516666666666667}, {"indices": [227, 237], "inst": "http://dbpedia.org/resource/Tom_Ripley", "dbpInterestingClasses": "dbpedia-owl:Person", "dbpSpecificClasses": "dbpedia-owl:FictionalCharacter", "confidence": 0.9175}]}}