{"text": "Democrats allegedly used \u201cBlack Epstein\u201d to scare millennials with \u201cVote or Die!\u201d campaign. \u201cBlack Epstein\u201d Sean \u201cPuffy\u201d Combs, a rapper and pedophile also known as \u201cDiddy,\u201d \u201cPuff Daddy,\u201d and \u201cP. Diddy,\u201d conspired with Democrats, we now know, to take advantage of millennials in the 2020 election. What Diddy did is basically scare young people into v\u2026", "entities": {"Mention": [{"indices": [0, 9], "inst": "http://dbpedia.org/resource/Democratic_Party_(United_States)", "dbpInterestingClasses": "dbpedia-owl:Organisation|dbpedia-owl:Person", "dbpSpecificClasses": "dbpedia-owl:PoliticalParty|dbpedia-owl:Person", "confidence": 0.5100000000000006}, {"indices": [68, 79], "inst": "http://dbpedia.org/resource/Citizen_Change", "dbpInterestingClasses": "owl:Thing", "dbpSpecificClasses": "owl:Thing", "confidence": -0.65}, {"indices": [108, 126], "inst": "http://dbpedia.org/resource/Sean_Combs", "dbpInterestingClasses": "dbpedia-owl:Person", "dbpSpecificClasses": "dbpedia-owl:Singer", "confidence": -0.5844761904761904}, {"indices": [166, 171], "inst": "http://dbpedia.org/resource/Sean_Combs", "dbpInterestingClasses": "dbpedia-owl:Person", "dbpSpecificClasses": "dbpedia-owl:Singer", "confidence": -0.57}, {"indices": [175, 185], "inst": "http://dbpedia.org/resource/Sean_Combs", "dbpInterestingClasses": "dbpedia-owl:Person", "dbpSpecificClasses": "dbpedia-owl:Singer", "confidence": 0.54}, {"indices": [193, 201], "inst": "http://dbpedia.org/resource/Sean_Combs", "dbpInterestingClasses": "dbpedia-owl:Person", "dbpSpecificClasses": "dbpedia-owl:Singer", "confidence": 0.53}, {"indices": [219, 228], "inst": "http://dbpedia.org/resource/Democratic_Party_(United_States)", "dbpInterestingClasses": "dbpedia-owl:Organisation|dbpedia-owl:Person", "dbpSpecificClasses": "dbpedia-owl:PoliticalParty|dbpedia-owl:Person", "confidence": 0.5100000000000006}, {"indices": [303, 308], "inst": "http://dbpedia.org/resource/Sean_Combs", "dbpInterestingClasses": "dbpedia-owl:Person", "dbpSpecificClasses": "dbpedia-owl:Singer", "confidence": -0.57}]}}