{"text": "A Florida activist creates safe spaces as laws and rhetoric turn against trans rights. In founding Capital Tea, Janel Diaz sought to provide the kind of services that she had needed after her transition.", "entities": {"Mention": [{"indices": [2, 9], "inst": "http://dbpedia.org/resource/Florida", "dbpInterestingClasses": "dbpedia-owl:PopulatedPlace", "dbpSpecificClasses": "dbpedia-owl:AdministrativeRegion", "confidence": -0.5}, {"indices": [42, 46], "inst": "http://dbpedia.org/resource/Law", "dbpInterestingClasses": "dbpedia-owl:Person", "dbpSpecificClasses": "dbpedia-owl:Person|dbpedia-owl:Book", "confidence": -0.5157142857142857}]}}