{"text": "An Early Look Of New Timepieces On Offer At 2024 Watches And Wonders. Czapek &amp; Cie, Angelus, Arnold &amp; Son, Artya and Beauregard are among the watches on offer at the 2024 Watches and Wonders Geneva fair", "entities": {"Mention": [{"indices": [21, 31], "inst": "http://dbpedia.org/resource/Clock", "dbpInterestingClasses": "owl:Thing", "dbpSpecificClasses": "owl:Thing", "confidence": -0.7639999999999932}, {"indices": [88, 95], "inst": "http://dbpedia.org/resource/Angelus", "dbpInterestingClasses": "owl:Thing", "dbpSpecificClasses": "owl:Thing", "confidence": -0.78}, {"indices": [104, 113], "inst": "http://dbpedia.org/resource/Richard_M._Upjohn", "dbpInterestingClasses": "dbpedia-owl:Person", "dbpSpecificClasses": "dbpedia-owl:Person", "confidence": -0.7673809523809523}, {"indices": [199, 205], "inst": "http://dbpedia.org/resource/Geneva", "dbpInterestingClasses": "dbpedia-owl:PopulatedPlace", "dbpSpecificClasses": "dbpedia-owl:GovernmentalAdministrativeRegion|dbpedia-owl:City", "confidence": 0.62}]}}