{"text": "Microsoft wants to ban curvy females from video games. US tech giant Microsoft issued new guidelines encouraging game developers to stop designing excessively curvaceous female characters Read Full Article at RT.com", "entities": {"Mention": [{"indices": [0, 9], "inst": "http://dbpedia.org/resource/Microsoft", "dbpInterestingClasses": "dbpedia-owl:Organisation", "dbpSpecificClasses": "dbpedia-owl:Organisation", "confidence": 0.51}, {"indices": [42, 53], "inst": "http://dbpedia.org/resource/Video_game", "dbpInterestingClasses": "dbpedia-owl:Person", "dbpSpecificClasses": "dbpedia-owl:Person", "confidence": -0.63}, {"indices": [55, 57], "inst": "http://dbpedia.org/resource/United_States", "dbpInterestingClasses": "dbpedia-owl:PopulatedPlace", "dbpSpecificClasses": "dbpedia-owl:Country", "confidence": 0.5700000000000006}, {"indices": [69, 78], "inst": "http://dbpedia.org/resource/Microsoft", "dbpInterestingClasses": "dbpedia-owl:Organisation", "dbpSpecificClasses": "dbpedia-owl:Organisation", "confidence": 0.51}, {"indices": [193, 205], "inst": "http://dbpedia.org/resource/Unified_English_Braille", "dbpInterestingClasses": "owl:Thing", "dbpSpecificClasses": "owl:Thing", "confidence": -0.865}, {"indices": [209, 215], "inst": "http://dbpedia.org/resource/RT_(TV_network)", "dbpInterestingClasses": "dbpedia-owl:Organisation|dbpedia-owl:Person", "dbpSpecificClasses": "dbpedia-owl:TelevisionStation|dbpedia-owl:Person|dbpedia-owl:BroadcastNetwork", "confidence": 0.5546904761904762}]}}