{"text": "Breitbart Business Digest: Trump's Truth Social Rockets to the Moon. Shares of Donald Trump's media startup catapulted a head-spinning nearly 40 percent in just a single trading session on Monday.\nThe post Breitbart Business Digest: Trump\u2019s Truth Social Rockets to the Moon appeared first on Breitbart.", "entities": {"Mention": [{"indices": [10, 25], "inst": "http://dbpedia.org/resource/Business_Digest", "dbpInterestingClasses": "owl:Thing", "dbpSpecificClasses": "owl:Thing", "confidence": -0.82}, {"indices": [35, 40], "inst": "http://dbpedia.org/resource/Truth", "dbpInterestingClasses": "dbpedia-owl:Person", "dbpSpecificClasses": "dbpedia-owl:Person|dbpedia-owl:Book", "confidence": -0.82}, {"indices": [48, 55], "inst": "http://dbpedia.org/resource/Rocket", "dbpInterestingClasses": "dbpedia-owl:Person", "dbpSpecificClasses": "dbpedia-owl:Person", "confidence": -0.8322029817546442}, {"indices": [56, 67], "inst": "http://dbpedia.org/resource/To_the_Moon", "dbpInterestingClasses": "", "dbpSpecificClasses": "dbpedia-owl:VideoGame", "confidence": -0.82}, {"indices": [79, 93], "inst": "http://dbpedia.org/resource/Donald_Trump", "dbpInterestingClasses": "dbpedia-owl:Person", "dbpSpecificClasses": "dbpedia-owl:Person|dbpedia-owl:Book", "confidence": -0.5232344913151364}, {"indices": [206, 215], "inst": "http://dbpedia.org/resource/Andrew_Breitbart", "dbpInterestingClasses": "dbpedia-owl:Person", "dbpSpecificClasses": "dbpedia-owl:Person", "confidence": 0.5250571027850132}, {"indices": [216, 231], "inst": "http://dbpedia.org/resource/Business_Digest", "dbpInterestingClasses": "owl:Thing", "dbpSpecificClasses": "owl:Thing", "confidence": -0.82}, {"indices": [241, 246], "inst": "http://dbpedia.org/resource/Truth", "dbpInterestingClasses": "dbpedia-owl:Person", "dbpSpecificClasses": "dbpedia-owl:Person|dbpedia-owl:Book", "confidence": -0.82}, {"indices": [254, 261], "inst": "http://dbpedia.org/resource/Rocket", "dbpInterestingClasses": "dbpedia-owl:Person", "dbpSpecificClasses": "dbpedia-owl:Person", "confidence": -0.8322029817546442}, {"indices": [262, 273], "inst": "http://dbpedia.org/resource/To_the_Moon", "dbpInterestingClasses": "", "dbpSpecificClasses": "dbpedia-owl:VideoGame", "confidence": -0.82}, {"indices": [292, 301], "inst": "http://dbpedia.org/resource/Andrew_Breitbart", "dbpInterestingClasses": "dbpedia-owl:Person", "dbpSpecificClasses": "dbpedia-owl:Person", "confidence": 0.5250571027850132}]}}