{"text": "In the Kitchen with Joan Nathan, the Grande Dame of Jewish Cooking. Hannah Goldfield on the author of cookbooks including \u201cThe Jewish Holiday Kitchen,\u201d and her recipes for challah, matzo-ball soup, and other traditional foods.", "entities": {"Mention": [{"indices": [20, 31], "inst": "http://dbpedia.org/resource/Joan_Nathan", "dbpInterestingClasses": "dbpedia-owl:Person", "dbpSpecificClasses": "dbpedia-owl:Person", "confidence": -0.535}, {"indices": [52, 66], "inst": "http://dbpedia.org/resource/Jewish_cuisine", "dbpInterestingClasses": "", "dbpSpecificClasses": "dbpedia-owl:Book", "confidence": -0.6178095238095238}, {"indices": [127, 141], "inst": "http://dbpedia.org/resource/Jewish_holidays", "dbpInterestingClasses": "owl:Thing", "dbpSpecificClasses": "owl:Thing", "confidence": -0.624}, {"indices": [142, 149], "inst": "http://dbpedia.org/resource/Kitchen", "dbpInterestingClasses": "dbpedia-owl:Person", "dbpSpecificClasses": "dbpedia-owl:Person", "confidence": -0.77}]}}