{"text": "Nex Benedict and the rising threat to LGBTQ kids. Nex Benedict was a nonbinary teenager living near Tulsa. Their family said they were bullied at school before their apparent suicide in February. Advocates warn that a wave of anti-LGBTQ+ legislation is putting more young people at risk.", "entities": {"Mention": [{"indices": [38, 43], "inst": "http://dbpedia.org/resource/LGBT", "dbpInterestingClasses": "dbpedia-owl:Person", "dbpSpecificClasses": "dbpedia-owl:Person", "confidence": -0.5866666666666667}, {"indices": [100, 105], "inst": "http://dbpedia.org/resource/Tulsa,_Oklahoma", "dbpInterestingClasses": "dbpedia-owl:PopulatedPlace", "dbpSpecificClasses": "dbpedia-owl:City|dbpedia-owl:AdministrativeRegion", "confidence": 0.5707692307692308}, {"indices": [231, 237], "inst": "http://dbpedia.org/resource/LGBT", "dbpInterestingClasses": "dbpedia-owl:Person", "dbpSpecificClasses": "dbpedia-owl:Person", "confidence": -0.5228095238095238}]}}