{"text": "Six more bodies are found days after a boat of Rohingya refugees capsized off Indonesia. Six more bodies of Rohingya refugees have been found at sea off Indonesia after a boat with more than 150 people aboard capsized last week, local authorities...", "entities": {"Mention": [{"indices": [47, 64], "inst": "http://dbpedia.org/resource/Rohingya_people", "dbpInterestingClasses": "", "dbpSpecificClasses": "dbpedia-owl:EthnicGroup", "confidence": -0.8266666666666665}, {"indices": [78, 87], "inst": "http://dbpedia.org/resource/Indonesia", "dbpInterestingClasses": "dbpedia-owl:PopulatedPlace", "dbpSpecificClasses": "dbpedia-owl:Country", "confidence": -0.51}, {"indices": [108, 125], "inst": "http://dbpedia.org/resource/Rohingya_people", "dbpInterestingClasses": "", "dbpSpecificClasses": "dbpedia-owl:EthnicGroup", "confidence": -0.8266666666666665}, {"indices": [153, 162], "inst": "http://dbpedia.org/resource/Indonesia", "dbpInterestingClasses": "dbpedia-owl:PopulatedPlace", "dbpSpecificClasses": "dbpedia-owl:Country", "confidence": -0.51}]}}