{"text": "Jojo Siwa\u2019s New Single Hits The Billboard Charts\u2013And It\u2019s Not Even Out Yet. Jojo Siwa's upcoming single \"Karma\" makes a splash on the TikTok Billboard Top 50 chart, signaling her evolution towards a more adult audience.", "entities": {"Mention": [{"indices": [23, 27], "inst": "http://dbpedia.org/resource/Hit_(baseball)", "dbpInterestingClasses": "owl:Thing", "dbpSpecificClasses": "owl:Thing", "confidence": -0.85}, {"indices": [32, 48], "inst": "http://dbpedia.org/resource/Billboard_charts", "dbpInterestingClasses": "owl:Thing", "dbpSpecificClasses": "owl:Thing", "confidence": -0.86}, {"indices": [105, 110], "inst": "http://dbpedia.org/resource/Karma", "dbpInterestingClasses": "dbpedia-owl:Person", "dbpSpecificClasses": "dbpedia-owl:Person|dbpedia-owl:Book", "confidence": -0.75}, {"indices": [134, 140], "inst": "http://dbpedia.org/resource/Tiktok", "dbpInterestingClasses": "", "dbpSpecificClasses": "dbpedia-owl:Film", "confidence": -0.8029048258288174}, {"indices": [141, 154], "inst": "http://dbpedia.org/resource/Billboard_200", "dbpInterestingClasses": "owl:Thing", "dbpSpecificClasses": "owl:Thing", "confidence": -0.6821428571428504}]}}