{"text": "Study links accelerated aging to cancer risk in younger adults | CNN. Researchers looking for clues to why some types of cancer are on the rise in younger adults say they\u2019ve found an interesting lead \u2014 a connection to accelerated biological aging.", "entities": {"Mention": [{"indices": [65, 68], "inst": "http://dbpedia.org/resource/CNN", "dbpInterestingClasses": "dbpedia-owl:Organisation|dbpedia-owl:Person", "dbpSpecificClasses": "dbpedia-owl:TelevisionStation|dbpedia-owl:Person", "confidence": -0.69}, {"indices": [230, 246], "inst": "http://dbpedia.org/resource/Senescence", "dbpInterestingClasses": "", "dbpSpecificClasses": "dbpedia-owl:Disease", "confidence": -0.5911428571428572}]}}