{"text": "China Market Update: President Xi Meets With US CEOs. Asian equities were mixed overnight, as Japan, Taiwan, and India posted small gains while Hong Kong, Mainland China, and South Korea were off. There were several positives from a big-picture perspective, while single stock developments disappointed.", "entities": {"Mention": [{"indices": [45, 47], "inst": "http://dbpedia.org/resource/United_States", "dbpInterestingClasses": "dbpedia-owl:PopulatedPlace", "dbpSpecificClasses": "dbpedia-owl:Country", "confidence": 0.5900000000000005}, {"indices": [48, 52], "inst": "http://dbpedia.org/resource/Chief_executive_officer", "dbpInterestingClasses": "owl:Thing", "dbpSpecificClasses": "owl:Thing", "confidence": -0.6816666666666665}, {"indices": [94, 99], "inst": "http://dbpedia.org/resource/Japan", "dbpInterestingClasses": "dbpedia-owl:PopulatedPlace", "dbpSpecificClasses": "dbpedia-owl:Country", "confidence": 0.52}, {"indices": [101, 107], "inst": "http://dbpedia.org/resource/Taiwan", "dbpInterestingClasses": "dbpedia-owl:PopulatedPlace", "dbpSpecificClasses": "dbpedia-owl:Country", "confidence": -0.52}, {"indices": [113, 118], "inst": "http://dbpedia.org/resource/India", "dbpInterestingClasses": "dbpedia-owl:PopulatedPlace", "dbpSpecificClasses": "dbpedia-owl:Country", "confidence": 0.66}, {"indices": [144, 153], "inst": "http://dbpedia.org/resource/Hong_Kong", "dbpInterestingClasses": "dbpedia-owl:PopulatedPlace|dbpedia-owl:Person", "dbpSpecificClasses": "dbpedia-owl:Country|dbpedia-owl:AdministrativeRegion|dbpedia-owl:Person", "confidence": -0.53}]}}