{"text": "How anti-LGBTQ+ legislation is impacting businesses and individuals. The United States is in the middle of a culture war. Headlines are full of lawmakers and social commentators vilifying everything from pronouns to healthcare, to the books in grade school libraries, to youth sports, bathrooms, and beyond. It seems danger is l\u2026", "entities": {"Mention": [{"indices": [9, 15], "inst": "http://dbpedia.org/resource/LGBT", "dbpInterestingClasses": "dbpedia-owl:Person", "dbpSpecificClasses": "dbpedia-owl:Person", "confidence": -0.5228095238095238}, {"indices": [73, 86], "inst": "http://dbpedia.org/resource/United_States", "dbpInterestingClasses": "dbpedia-owl:PopulatedPlace", "dbpSpecificClasses": "dbpedia-owl:Country", "confidence": 0.7}]}}