{"text": "Rogue Indian officials linked to Sikh murder plot in US \u2013 Bloomberg. An Indian investigation points to the involvement of unauthorized spies in the attempt to kill Gurpatwant Singh Pannun, a report claims Read Full Article at RT.com", "entities": {"Mention": [{"indices": [6, 22], "inst": "http://dbpedia.org/resource/Government_of_India", "dbpInterestingClasses": "owl:Thing", "dbpSpecificClasses": "owl:Thing", "confidence": -0.6721428571428573}, {"indices": [33, 37], "inst": "http://dbpedia.org/resource/Sikh", "dbpInterestingClasses": "", "dbpSpecificClasses": "dbpedia-owl:EthnicGroup", "confidence": -0.5666666666666667}, {"indices": [53, 55], "inst": "http://dbpedia.org/resource/United_States", "dbpInterestingClasses": "dbpedia-owl:PopulatedPlace", "dbpSpecificClasses": "dbpedia-owl:Country", "confidence": 0.5700000000000006}, {"indices": [58, 67], "inst": "http://dbpedia.org/resource/Bloomberg_L.P.", "dbpInterestingClasses": "dbpedia-owl:Organisation", "dbpSpecificClasses": "dbpedia-owl:Bank", "confidence": -0.8}, {"indices": [210, 222], "inst": "http://dbpedia.org/resource/Unified_English_Braille", "dbpInterestingClasses": "owl:Thing", "dbpSpecificClasses": "owl:Thing", "confidence": -0.865}, {"indices": [226, 232], "inst": "http://dbpedia.org/resource/RT_(TV_network)", "dbpInterestingClasses": "dbpedia-owl:Organisation|dbpedia-owl:Person", "dbpSpecificClasses": "dbpedia-owl:TelevisionStation|dbpedia-owl:Person|dbpedia-owl:BroadcastNetwork", "confidence": 0.5546904761904762}]}}