{"text": "Drag queen feted by Kamala Harris accused of multiple sexual assaults. A drag star feted by Kamala Harris at the Biden White House and Vice President\u2019s residence has been accused of multiple sexual assaults between 2012 to 2020. (Article by Debra Heine republished from AMGreatness.com) Darius Jeremy \u201cDJ\u201d Pierce, better known as\u00a0\u2026", "entities": {"Mention": [{"indices": [0, 10], "inst": "http://dbpedia.org/resource/Drag_queen", "dbpInterestingClasses": "owl:Thing", "dbpSpecificClasses": "owl:Thing", "confidence": -0.62}, {"indices": [20, 33], "inst": "http://dbpedia.org/resource/Kamala_Harris", "dbpInterestingClasses": "dbpedia-owl:Person", "dbpSpecificClasses": "dbpedia-owl:Person", "confidence": 0.8725}, {"indices": [54, 69], "inst": "http://dbpedia.org/resource/Sexual_assault", "dbpInterestingClasses": "", "dbpSpecificClasses": "dbpedia-owl:Disease", "confidence": -0.71}, {"indices": [92, 105], "inst": "http://dbpedia.org/resource/Kamala_Harris", "dbpInterestingClasses": "dbpedia-owl:Person", "dbpSpecificClasses": "dbpedia-owl:Person", "confidence": 0.8725}, {"indices": [113, 118], "inst": "http://dbpedia.org/resource/Joe_Biden", "dbpInterestingClasses": "dbpedia-owl:Person", "dbpSpecificClasses": "dbpedia-owl:President|dbpedia-owl:VicePresident", "confidence": -0.5971428571428572}, {"indices": [119, 130], "inst": "http://dbpedia.org/resource/White_House", "dbpInterestingClasses": "", "dbpSpecificClasses": "dbpedia-owl:Building|dbpedia-owl:Monument", "confidence": -0.67}, {"indices": [135, 161], "inst": "http://dbpedia.org/resource/Number_One_Observatory_Circle", "dbpInterestingClasses": "", "dbpSpecificClasses": "dbpedia-owl:Building", "confidence": -0.5336666666666666}, {"indices": [191, 206], "inst": "http://dbpedia.org/resource/Sexual_assault", "dbpInterestingClasses": "", "dbpSpecificClasses": "dbpedia-owl:Disease", "confidence": -0.71}]}}