{"text": "Transgender Day of Visibility is the day to elevate the voices of the marginalized (exclusive). The Transgender Day of Visibility, celebrated annually on March 31, is a day dedicated to honoring the vibrance, diversity, and resilience of the transgender community. This year, the Human Rights Campaign, the nation\u2019s largest LGBTQ+ civil rights organizatio\u2026", "entities": {"Mention": [{"indices": [280, 301], "inst": "http://dbpedia.org/resource/Human_Rights_Campaign", "dbpInterestingClasses": "dbpedia-owl:Organisation|dbpedia-owl:Person", "dbpSpecificClasses": "dbpedia-owl:Organisation|dbpedia-owl:Person", "confidence": 0.61}, {"indices": [324, 330], "inst": "http://dbpedia.org/resource/LGBT", "dbpInterestingClasses": "dbpedia-owl:Person", "dbpSpecificClasses": "dbpedia-owl:Person", "confidence": -0.5028095238095238}, {"indices": [331, 343], "inst": "http://dbpedia.org/resource/Civil_and_political_rights", "dbpInterestingClasses": "dbpedia-owl:Person", "dbpSpecificClasses": "dbpedia-owl:Person", "confidence": -0.83}]}}