{"text": "Argentine trans community group reacts to Vatican declarations on gender-affirming surgery. An organization working for trans rights in Argentina reacted on Tuesday to the Vatican declaring gender-affirming surgery and surrogacy as grave violations of human dignity. The Vatican on Monday put the procedures on par with abortion and euthanasia as prac\u2026", "entities": {"Mention": [{"indices": [42, 49], "inst": "http://dbpedia.org/resource/Holy_See", "dbpInterestingClasses": "dbpedia-owl:PopulatedPlace|dbpedia-owl:Person", "dbpSpecificClasses": "dbpedia-owl:Country|dbpedia-owl:Person", "confidence": -0.81}, {"indices": [136, 145], "inst": "http://dbpedia.org/resource/Argentina", "dbpInterestingClasses": "dbpedia-owl:PopulatedPlace", "dbpSpecificClasses": "dbpedia-owl:Country", "confidence": 0.64}, {"indices": [172, 179], "inst": "http://dbpedia.org/resource/Holy_See", "dbpInterestingClasses": "dbpedia-owl:PopulatedPlace|dbpedia-owl:Person", "dbpSpecificClasses": "dbpedia-owl:Country|dbpedia-owl:Person", "confidence": -0.81}, {"indices": [271, 278], "inst": "http://dbpedia.org/resource/Holy_See", "dbpInterestingClasses": "dbpedia-owl:PopulatedPlace|dbpedia-owl:Person", "dbpSpecificClasses": "dbpedia-owl:Country|dbpedia-owl:Person", "confidence": -0.81}]}}