{"text": "Five Undervalued Sports Stocks To Buy And Hold. The value of these franchises on the private market is well below their stock prices\u2014but each requires playing the long game.", "entities": {"Mention": [{"indices": [34, 46], "inst": "http://dbpedia.org/resource/Buy_and_hold", "dbpInterestingClasses": "owl:Thing", "dbpSpecificClasses": "owl:Thing", "confidence": -0.64}, {"indices": [159, 172], "inst": "http://dbpedia.org/resource/The_Long_Game", "dbpInterestingClasses": "", "dbpSpecificClasses": "dbpedia-owl:TelevisionEpisode", "confidence": -0.609090909090909}]}}