{"text": "Anti-Muslim bias reports skyrocket after Oct. 7 Hamas attack on Israel. The Council on American-Islamic Relations releases its annual Civil Right Report. It details record-high instances of anti-Muslim hate in the wake of the Oct. 7 Hamas attack on Israel.", "entities": {"Mention": [{"indices": [0, 16], "inst": "http://dbpedia.org/resource/Islamophobia", "dbpInterestingClasses": "owl:Thing", "dbpSpecificClasses": "owl:Thing", "confidence": -0.5461428571428572}, {"indices": [48, 53], "inst": "http://dbpedia.org/resource/Hamas", "dbpInterestingClasses": "dbpedia-owl:Organisation|dbpedia-owl:Person", "dbpSpecificClasses": "dbpedia-owl:PoliticalParty|dbpedia-owl:Person|dbpedia-owl:Book", "confidence": -0.55}, {"indices": [64, 70], "inst": "http://dbpedia.org/resource/Israel", "dbpInterestingClasses": "dbpedia-owl:PopulatedPlace", "dbpSpecificClasses": "dbpedia-owl:Country", "confidence": 0.63}, {"indices": [76, 113], "inst": "http://dbpedia.org/resource/Council_on_American\u2013Islamic_Relations", "dbpInterestingClasses": "dbpedia-owl:Organisation", "dbpSpecificClasses": "dbpedia-owl:Organisation", "confidence": 0.5198421052631579}, {"indices": [134, 145], "inst": "http://dbpedia.org/resource/Civil_and_political_rights", "dbpInterestingClasses": "dbpedia-owl:Person", "dbpSpecificClasses": "dbpedia-owl:Person", "confidence": -0.55}, {"indices": [190, 201], "inst": "http://dbpedia.org/resource/Islamophobia", "dbpInterestingClasses": "owl:Thing", "dbpSpecificClasses": "owl:Thing", "confidence": -0.8049999999999998}, {"indices": [233, 238], "inst": "http://dbpedia.org/resource/Hamas", "dbpInterestingClasses": "dbpedia-owl:Organisation|dbpedia-owl:Person", "dbpSpecificClasses": "dbpedia-owl:PoliticalParty|dbpedia-owl:Person|dbpedia-owl:Book", "confidence": -0.55}, {"indices": [249, 255], "inst": "http://dbpedia.org/resource/Israel", "dbpInterestingClasses": "dbpedia-owl:PopulatedPlace", "dbpSpecificClasses": "dbpedia-owl:Country", "confidence": 0.63}]}}