{"text": "Families Find Ways to Protect Their LGBTQ Kids from Serious Harm\u2014Physical and Mental\u2014after a Flood of Discriminatory Laws. Hostility toward LGBTQ kids, enshrined in hundreds of new bills, has put families with such children under unprecedented threat, raising risks of suicide and physical attacks", "entities": {"Mention": [{"indices": [117, 121], "inst": "http://dbpedia.org/resource/Law", "dbpInterestingClasses": "dbpedia-owl:Person", "dbpSpecificClasses": "dbpedia-owl:Person|dbpedia-owl:Book", "confidence": -0.5157142857142857}]}}