{"text": "Storms Delays Start of White House Easter Egg Roll. The start of the traditional Easter egg roll at the White House was delayed for 90 minutes on Monday as angry storm clouds delivered thunder, lightning, and a dusting of light rain on the assembled guests.\nThe post Storms Delays Start of White House Easter Eg\u2026", "entities": {"Mention": [{"indices": [7, 13], "inst": "http://dbpedia.org/resource/Delays", "dbpInterestingClasses": "dbpedia-owl:Organisation|dbpedia-owl:Person", "dbpSpecificClasses": "dbpedia-owl:Band|dbpedia-owl:Artist", "confidence": -0.86}, {"indices": [23, 34], "inst": "http://dbpedia.org/resource/White_House", "dbpInterestingClasses": "", "dbpSpecificClasses": "dbpedia-owl:Building|dbpedia-owl:Monument", "confidence": -0.69}, {"indices": [274, 280], "inst": "http://dbpedia.org/resource/Delays", "dbpInterestingClasses": "dbpedia-owl:Organisation|dbpedia-owl:Person", "dbpSpecificClasses": "dbpedia-owl:Band|dbpedia-owl:Artist", "confidence": -0.86}, {"indices": [290, 301], "inst": "http://dbpedia.org/resource/White_House", "dbpInterestingClasses": "", "dbpSpecificClasses": "dbpedia-owl:Building|dbpedia-owl:Monument", "confidence": -0.69}]}}