{"text": "Column: It's not just RFK Jr.: Biden faces serious danger from third-party candidates. Biden isn't running only against Trump. An anti-vax Kennedy and other third-party candidates could draw enough Democratic defectors to swing the election.", "entities": {"Mention": [{"indices": [31, 36], "inst": "http://dbpedia.org/resource/Joe_Biden", "dbpInterestingClasses": "dbpedia-owl:Person", "dbpSpecificClasses": "dbpedia-owl:President|dbpedia-owl:VicePresident", "confidence": 0.58}, {"indices": [87, 92], "inst": "http://dbpedia.org/resource/Joe_Biden", "dbpInterestingClasses": "dbpedia-owl:Person", "dbpSpecificClasses": "dbpedia-owl:President|dbpedia-owl:VicePresident", "confidence": 0.58}]}}