{"text": "Colorado plans to create special housing units for transgender women in prisons. Trans women in Colorado prisons will now be allowed to stay in separate housing units, according to a legal settlement aimed at making conditions safer for this often-targeted group.", "entities": {"Mention": [{"indices": [0, 8], "inst": "http://dbpedia.org/resource/Colorado", "dbpInterestingClasses": "dbpedia-owl:PopulatedPlace", "dbpSpecificClasses": "dbpedia-owl:AdministrativeRegion", "confidence": -0.5}, {"indices": [51, 68], "inst": "http://dbpedia.org/resource/Trans_woman", "dbpInterestingClasses": "dbpedia-owl:Person", "dbpSpecificClasses": "dbpedia-owl:Person", "confidence": -0.8116986849697572}, {"indices": [81, 92], "inst": "http://dbpedia.org/resource/Trans_woman", "dbpInterestingClasses": "dbpedia-owl:Person", "dbpSpecificClasses": "dbpedia-owl:Person", "confidence": -0.8025320183030905}, {"indices": [96, 104], "inst": "http://dbpedia.org/resource/Colorado", "dbpInterestingClasses": "dbpedia-owl:PopulatedPlace", "dbpSpecificClasses": "dbpedia-owl:AdministrativeRegion", "confidence": -0.5}]}}