{"text": "Most Americans say criminalizing abortion is wrong \u2014 and are divided on deportation. A new NPR/PBS NewsHour/Marist poll shows that Americans overwhelmingly reject criminalizing abortion while remain divided on other election-year issues like Biden's 2020 win. Plus: some signs of hope.", "entities": {"Mention": [{"indices": [5, 14], "inst": "http://dbpedia.org/resource/United_States", "dbpInterestingClasses": "dbpedia-owl:PopulatedPlace", "dbpSpecificClasses": "dbpedia-owl:Country", "confidence": 0.5300000000000006}, {"indices": [95, 107], "inst": "http://dbpedia.org/resource/PBS_NewsHour", "dbpInterestingClasses": "", "dbpSpecificClasses": "dbpedia-owl:TelevisionShow", "confidence": 0.62}, {"indices": [108, 119], "inst": "http://dbpedia.org/resource/Marist_Poll", "dbpInterestingClasses": "dbpedia-owl:Organisation", "dbpSpecificClasses": "dbpedia-owl:Organisation", "confidence": 0.6564999999999999}, {"indices": [131, 140], "inst": "http://dbpedia.org/resource/United_States", "dbpInterestingClasses": "dbpedia-owl:PopulatedPlace", "dbpSpecificClasses": "dbpedia-owl:Country", "confidence": 0.5300000000000006}, {"indices": [242, 249], "inst": "http://dbpedia.org/resource/Joe_Biden", "dbpInterestingClasses": "dbpedia-owl:Person", "dbpSpecificClasses": "dbpedia-owl:President|dbpedia-owl:VicePresident", "confidence": 0.5293241167434716}]}}