{"text": "Judith Butler on the Global Backlash to L.G.B.T.Q. Rights. On the Political Scene podcast: The philosopher popularized new ideas about gender\u2014and has been burned in effigy for it. They talk with David Remnick about \u201cWho\u2019s Afraid of Gender?,\u201d their new book on the backlash.", "entities": {"Mention": [{"indices": [0, 13], "inst": "http://dbpedia.org/resource/Judith_Butler", "dbpInterestingClasses": "dbpedia-owl:Person", "dbpSpecificClasses": "dbpedia-owl:Philosopher|dbpedia-owl:Writer", "confidence": 0.855}, {"indices": [155, 171], "inst": "http://dbpedia.org/resource/Effigy", "dbpInterestingClasses": "owl:Thing", "dbpSpecificClasses": "owl:Thing", "confidence": -0.6078095238095238}, {"indices": [195, 208], "inst": "http://dbpedia.org/resource/David_Remnick", "dbpInterestingClasses": "dbpedia-owl:Person", "dbpSpecificClasses": "dbpedia-owl:Person", "confidence": 0.8975}]}}