{"text": "Caitlyn Jenner \u2018Absolutely Disgusted\u2019 with Biden over Transgender Day of Visibility. Former Olympic medal-winner Caitlyn Jenner has slammed President Joe Biden for his declaration of Easter Sunday 2024 as \u201cTransgender Day of Visibility.\u201d\nThe post Caitlyn Jenner \u2018Absolutely Disgusted\u2019 with Biden over Transgender Day of Visibility appeared firs\u2026", "entities": {"Mention": [{"indices": [0, 14], "inst": "http://dbpedia.org/resource/Caitlyn_Jenner", "dbpInterestingClasses": "dbpedia-owl:Person", "dbpSpecificClasses": "dbpedia-owl:TelevisionHost|dbpedia-owl:Athlete", "confidence": 0.8416666666666667}, {"indices": [43, 48], "inst": "http://dbpedia.org/resource/Joe_Biden", "dbpInterestingClasses": "dbpedia-owl:Person", "dbpSpecificClasses": "dbpedia-owl:President|dbpedia-owl:VicePresident", "confidence": 0.57}, {"indices": [113, 127], "inst": "http://dbpedia.org/resource/Caitlyn_Jenner", "dbpInterestingClasses": "dbpedia-owl:Person", "dbpSpecificClasses": "dbpedia-owl:TelevisionHost|dbpedia-owl:Athlete", "confidence": 0.8516666666666667}, {"indices": [150, 159], "inst": "http://dbpedia.org/resource/Joe_Biden", "dbpInterestingClasses": "dbpedia-owl:Person", "dbpSpecificClasses": "dbpedia-owl:President|dbpedia-owl:VicePresident", "confidence": 0.73}, {"indices": [247, 261], "inst": "http://dbpedia.org/resource/Caitlyn_Jenner", "dbpInterestingClasses": "dbpedia-owl:Person", "dbpSpecificClasses": "dbpedia-owl:TelevisionHost|dbpedia-owl:Athlete", "confidence": 0.8416666666666667}, {"indices": [290, 295], "inst": "http://dbpedia.org/resource/Joe_Biden", "dbpInterestingClasses": "dbpedia-owl:Person", "dbpSpecificClasses": "dbpedia-owl:President|dbpedia-owl:VicePresident", "confidence": 0.57}]}}