{"text": "Foul-mouthed homophobic Republican legislator wants seat in Missouri state Senate. A former state representative in Missouri with an extensive history of anti-LGBTQ+ slurs and insults against fellow politicians and average citizens is now running for higher office in the state.", "entities": {"Mention": [{"indices": [24, 45], "inst": "http://dbpedia.org/resource/Republican_Party_(United_States)", "dbpInterestingClasses": "dbpedia-owl:Organisation", "dbpSpecificClasses": "dbpedia-owl:PoliticalParty", "confidence": 0.6563333333333339}, {"indices": [116, 124], "inst": "http://dbpedia.org/resource/Missouri", "dbpInterestingClasses": "dbpedia-owl:PopulatedPlace", "dbpSpecificClasses": "dbpedia-owl:AdministrativeRegion", "confidence": -0.65}, {"indices": [159, 165], "inst": "http://dbpedia.org/resource/LGBT", "dbpInterestingClasses": "dbpedia-owl:Person", "dbpSpecificClasses": "dbpedia-owl:Person", "confidence": -0.5228095238095238}]}}