{"text": "Watch: 'Dr. Phil' Audience Laughs After Trans Activist Says 3 Year Olds 'Know Who They Are'. The studio audience at \"Dr. Phil Primetime's\" laughed after a trans activist claimed that children as young as ages 3, 4, and 5 \"know who they are\" with regards to sex identity.\nThe post Watch: \u2018Dr. Phil\u2019 Audience Laughs After Trans Activist Says 3 Year Olds \u2026", "entities": {"Mention": [{"indices": [18, 26], "inst": "http://dbpedia.org/resource/Audience", "dbpInterestingClasses": "dbpedia-owl:Person", "dbpSpecificClasses": "dbpedia-owl:Person", "confidence": -0.85}, {"indices": [27, 33], "inst": "http://dbpedia.org/resource/Laughter", "dbpInterestingClasses": "", "dbpSpecificClasses": "dbpedia-owl:Work", "confidence": -0.7311428571428504}, {"indices": [46, 54], "inst": "http://dbpedia.org/resource/Activism", "dbpInterestingClasses": "owl:Thing", "dbpSpecificClasses": "owl:Thing", "confidence": -0.72}, {"indices": [307, 313], "inst": "http://dbpedia.org/resource/Laughter", "dbpInterestingClasses": "", "dbpSpecificClasses": "dbpedia-owl:Work", "confidence": -0.7311428571428504}, {"indices": [326, 334], "inst": "http://dbpedia.org/resource/Activism", "dbpInterestingClasses": "owl:Thing", "dbpSpecificClasses": "owl:Thing", "confidence": -0.72}]}}