{"text": "WATCH: Joe Biden Smuggles Illegal Migrants into Maryland Politics. President Biden is using the Baltimore Bridge disaster to smuggle illegal migrants into Maryland's politics, saying, \"Six [men] lost their lives: Most were immigrants, but all were Marylanders.\"\nThe post WATCH: Joe Biden Smuggles Illegal Migrants into Marylan\u2026", "entities": {"Mention": [{"indices": [7, 16], "inst": "http://dbpedia.org/resource/Joe_Biden", "dbpInterestingClasses": "dbpedia-owl:Person", "dbpSpecificClasses": "dbpedia-owl:President|dbpedia-owl:VicePresident", "confidence": 0.5427272727272727}, {"indices": [26, 42], "inst": "http://dbpedia.org/resource/Illegal_immigration", "dbpInterestingClasses": "", "dbpSpecificClasses": "dbpedia-owl:Work", "confidence": -0.785}, {"indices": [48, 56], "inst": "http://dbpedia.org/resource/Maryland", "dbpInterestingClasses": "dbpedia-owl:PopulatedPlace", "dbpSpecificClasses": "dbpedia-owl:AdministrativeRegion", "confidence": -0.51}, {"indices": [57, 65], "inst": "http://dbpedia.org/resource/Politics", "dbpInterestingClasses": "dbpedia-owl:Person", "dbpSpecificClasses": "dbpedia-owl:Person|dbpedia-owl:Book", "confidence": -0.74}, {"indices": [77, 82], "inst": "http://dbpedia.org/resource/Joe_Biden", "dbpInterestingClasses": "dbpedia-owl:Person", "dbpSpecificClasses": "dbpedia-owl:President|dbpedia-owl:VicePresident", "confidence": 0.57}, {"indices": [96, 105], "inst": "http://dbpedia.org/resource/Baltimore", "dbpInterestingClasses": "dbpedia-owl:PopulatedPlace", "dbpSpecificClasses": "dbpedia-owl:City|dbpedia-owl:AdministrativeRegion", "confidence": -0.58}, {"indices": [106, 121], "inst": "http://dbpedia.org/resource/I-40_bridge_disaster", "dbpInterestingClasses": "owl:Thing", "dbpSpecificClasses": "owl:Thing", "confidence": -0.8933333333333333}, {"indices": [155, 165], "inst": "http://dbpedia.org/resource/Maryland", "dbpInterestingClasses": "dbpedia-owl:PopulatedPlace", "dbpSpecificClasses": "dbpedia-owl:AdministrativeRegion", "confidence": -0.5425806451612903}, {"indices": [278, 287], "inst": "http://dbpedia.org/resource/Joe_Biden", "dbpInterestingClasses": "dbpedia-owl:Person", "dbpSpecificClasses": "dbpedia-owl:President|dbpedia-owl:VicePresident", "confidence": 0.5427272727272727}, {"indices": [297, 313], "inst": "http://dbpedia.org/resource/Illegal_immigration", "dbpInterestingClasses": "", "dbpSpecificClasses": "dbpedia-owl:Work", "confidence": -0.785}]}}