{"text": "Donald Trump endorses pastor who calls for LGBTQ+ executions. On Monday, former President Donald Trump announced his endorsement of Pastor Mark Burns for South Carolina's 3rd Congressional District. The pastor has previously exhibited extremist rhetoric towards LGBTQ+ and transgender individuals, calling for the arrest \u2026", "entities": {"Mention": [{"indices": [0, 12], "inst": "http://dbpedia.org/resource/Donald_Trump", "dbpInterestingClasses": "dbpedia-owl:Person", "dbpSpecificClasses": "dbpedia-owl:Person|dbpedia-owl:Book", "confidence": 0.77}, {"indices": [43, 49], "inst": "http://dbpedia.org/resource/LGBT", "dbpInterestingClasses": "dbpedia-owl:Person", "dbpSpecificClasses": "dbpedia-owl:Person", "confidence": -0.5028095238095238}, {"indices": [90, 102], "inst": "http://dbpedia.org/resource/Donald_Trump", "dbpInterestingClasses": "dbpedia-owl:Person", "dbpSpecificClasses": "dbpedia-owl:Person|dbpedia-owl:Book", "confidence": 0.77}, {"indices": [139, 149], "inst": "http://dbpedia.org/resource/Mark_Burns_(actor)", "dbpInterestingClasses": "dbpedia-owl:Person", "dbpSpecificClasses": "dbpedia-owl:Actor", "confidence": 0.61}, {"indices": [154, 197], "inst": "http://dbpedia.org/resource/South_Carolina's_3rd_congressional_district", "dbpInterestingClasses": "dbpedia-owl:PopulatedPlace", "dbpSpecificClasses": "dbpedia-owl:AdministrativeRegion", "confidence": 0.6741754385964913}, {"indices": [262, 268], "inst": "http://dbpedia.org/resource/LGBT", "dbpInterestingClasses": "dbpedia-owl:Person", "dbpSpecificClasses": "dbpedia-owl:Person", "confidence": -0.5028095238095238}]}}