{"text": "Trump Campaign Blasts Biden For Recognizing \u2018Transgender Day Of Visibility\u2019 On Easter Sunday\u2014But Visibility Day Always Falls On March 31. The Trump campaign and other prominent conservatives attacked Biden for recognizing Transgender Day of Visibility on Easter Sunday.", "entities": {"Mention": [{"indices": [22, 27], "inst": "http://dbpedia.org/resource/Joe_Biden", "dbpInterestingClasses": "dbpedia-owl:Person", "dbpSpecificClasses": "dbpedia-owl:President|dbpedia-owl:VicePresident", "confidence": -0.5971428571428572}, {"indices": [200, 205], "inst": "http://dbpedia.org/resource/Joe_Biden", "dbpInterestingClasses": "dbpedia-owl:Person", "dbpSpecificClasses": "dbpedia-owl:President|dbpedia-owl:VicePresident", "confidence": 0.58}]}}