{"text": "Disney And DeSantis Board Reach Settlement Agreement\u2014Declares Controversial Contract \u2018Null And Void\u2019. Disney can still appeal its federal lawsuit against DeSantis under the settlement\u2019s terms, pending a new agreement.", "entities": {"Mention": [{"indices": [0, 6], "inst": "http://dbpedia.org/resource/The_Walt_Disney_Company", "dbpInterestingClasses": "dbpedia-owl:Organisation", "dbpSpecificClasses": "dbpedia-owl:Organisation", "confidence": -0.57}, {"indices": [102, 108], "inst": "http://dbpedia.org/resource/The_Walt_Disney_Company", "dbpInterestingClasses": "dbpedia-owl:Organisation", "dbpSpecificClasses": "dbpedia-owl:Organisation", "confidence": 0.57}]}}