{"text": "Can Your Employer Force You To Enroll In Medicare?. Years ago, people turning 65 would retire and enroll in Medicare. But that has changed. Today, more people are working longer.", "entities": {"Mention": [{"indices": [9, 17], "inst": "http://dbpedia.org/resource/Employment", "dbpInterestingClasses": "dbpedia-owl:Person", "dbpSpecificClasses": "dbpedia-owl:Person", "confidence": -0.5185185185185185}, {"indices": [41, 49], "inst": "http://dbpedia.org/resource/Medicare_(United_States)", "dbpInterestingClasses": "owl:Thing", "dbpSpecificClasses": "owl:Thing", "confidence": -0.6266666666666666}, {"indices": [108, 116], "inst": "http://dbpedia.org/resource/Medicare_(United_States)", "dbpInterestingClasses": "owl:Thing", "dbpSpecificClasses": "owl:Thing", "confidence": -0.5466666666666666}]}}