{"text": "\u2018Euphoria\u2019 Star Hunter Schafer Rejects \u2018Transexual Actress\u2019 Label: \u2018I Just Want to Be a Girl and Move On\u2019. \"Euphoria\" star Hunter Schafer, who transitioned into living as a woman in ninth grade, wants to quit the \"transexual actress\" label.\nThe post \u2018Euphoria\u2019 Star Hunter Schafer Rejects \u2018Transexual Actress\u2019 Label: \u2018I Just Want to Be a Girl and Move On\u2019 appeared f\u2026", "entities": {"Mention": [{"indices": [11, 22], "inst": "http://dbpedia.org/resource/Star_Hunter", "dbpInterestingClasses": "", "dbpSpecificClasses": "dbpedia-owl:Film", "confidence": -0.753}, {"indices": [40, 50], "inst": "http://dbpedia.org/resource/Transsexual", "dbpInterestingClasses": "dbpedia-owl:Person", "dbpSpecificClasses": "dbpedia-owl:Disease|dbpedia-owl:Person", "confidence": 0.5483571428571428}, {"indices": [51, 58], "inst": "http://dbpedia.org/resource/Actor", "dbpInterestingClasses": "dbpedia-owl:Person", "dbpSpecificClasses": "dbpedia-owl:Person|dbpedia-owl:Book", "confidence": -0.6599999999999993}, {"indices": [118, 129], "inst": "http://dbpedia.org/resource/Star_Hunter", "dbpInterestingClasses": "", "dbpSpecificClasses": "dbpedia-owl:Film", "confidence": -0.753}, {"indices": [261, 272], "inst": "http://dbpedia.org/resource/Star_Hunter", "dbpInterestingClasses": "", "dbpSpecificClasses": "dbpedia-owl:Film", "confidence": -0.753}, {"indices": [290, 300], "inst": "http://dbpedia.org/resource/Transsexual", "dbpInterestingClasses": "dbpedia-owl:Person", "dbpSpecificClasses": "dbpedia-owl:Disease|dbpedia-owl:Person", "confidence": 0.5483571428571428}, {"indices": [301, 308], "inst": "http://dbpedia.org/resource/Actor", "dbpInterestingClasses": "dbpedia-owl:Person", "dbpSpecificClasses": "dbpedia-owl:Person|dbpedia-owl:Book", "confidence": -0.6599999999999993}]}}