{"text": "Biden issues proclamation for Transgender Day of Visibility amid Republican attacks on trans rights. On Friday, President Joe Biden reaffirmed his administration\u2019s commitment to transgender rights by declaring March 31 as Transgender Day of Visibility in a White House proclamation. This day, dedicated to honoring the courage and contributions of transgender \u2026", "entities": {"Mention": [{"indices": [0, 5], "inst": "http://dbpedia.org/resource/Joe_Biden", "dbpInterestingClasses": "dbpedia-owl:Person", "dbpSpecificClasses": "dbpedia-owl:President|dbpedia-owl:VicePresident", "confidence": 0.57}, {"indices": [122, 131], "inst": "http://dbpedia.org/resource/Joe_Biden", "dbpInterestingClasses": "dbpedia-owl:Person", "dbpSpecificClasses": "dbpedia-owl:President|dbpedia-owl:VicePresident", "confidence": 0.73}, {"indices": [178, 196], "inst": "http://dbpedia.org/resource/LGBT_rights_by_country_or_territory", "dbpInterestingClasses": "owl:Thing", "dbpSpecificClasses": "owl:Thing", "confidence": -0.69}, {"indices": [257, 268], "inst": "http://dbpedia.org/resource/White_House", "dbpInterestingClasses": "", "dbpSpecificClasses": "dbpedia-owl:Building|dbpedia-owl:Monument", "confidence": -0.67}]}}