{"text": "3 lies women have been told about their bodies, according to a female doctor. Dr. Elizabeth Comen wrote \"All in Her Head: The Truth and Lies Early Medicine Taught us about Women\u2019s Bodies and Why It Matters Today.\" Debunks myths about...", "entities": {"Mention": [{"indices": [126, 140], "inst": "http://dbpedia.org/resource/Truth_and_Lies", "dbpInterestingClasses": "", "dbpSpecificClasses": "dbpedia-owl:Album", "confidence": -0.813}, {"indices": [147, 155], "inst": "http://dbpedia.org/resource/Medicine", "dbpInterestingClasses": "dbpedia-owl:Person", "dbpSpecificClasses": "dbpedia-owl:Person|dbpedia-owl:Book", "confidence": -0.61}]}}