{"text": "Negotiators race to finish government funding bills after late clash on Homeland Security. Negotiators from Congress and the White House scrambled Monday to complete work on the remaining government funding bills for the fiscal year and avoid a...", "entities": {"Mention": [{"indices": [72, 89], "inst": "http://dbpedia.org/resource/Homeland_security", "dbpInterestingClasses": "owl:Thing", "dbpSpecificClasses": "owl:Thing", "confidence": -0.85}, {"indices": [91, 102], "inst": "http://dbpedia.org/resource/Negotiation", "dbpInterestingClasses": "", "dbpSpecificClasses": "dbpedia-owl:Book", "confidence": -0.5621428571428504}, {"indices": [125, 136], "inst": "http://dbpedia.org/resource/White_House", "dbpInterestingClasses": "", "dbpSpecificClasses": "dbpedia-owl:Building|dbpedia-owl:Monument", "confidence": -0.67}]}}