{"text": "California parents oust school board members who enacted anti-LGBTQ+ policy. Parents in Southern California have voted to remove two conservative school board members after they spearheaded a policy that forcibly outs transgender students to their guardians.", "entities": {"Mention": [{"indices": [0, 10], "inst": "http://dbpedia.org/resource/California", "dbpInterestingClasses": "dbpedia-owl:PopulatedPlace", "dbpSpecificClasses": "dbpedia-owl:AdministrativeRegion", "confidence": -0.5}, {"indices": [62, 68], "inst": "http://dbpedia.org/resource/LGBT", "dbpInterestingClasses": "dbpedia-owl:Person", "dbpSpecificClasses": "dbpedia-owl:Person", "confidence": -0.5228095238095238}, {"indices": [88, 107], "inst": "http://dbpedia.org/resource/Southern_California", "dbpInterestingClasses": "dbpedia-owl:PopulatedPlace", "dbpSpecificClasses": "dbpedia-owl:PopulatedPlace", "confidence": -0.81}]}}