{"text": "White House Agrees To Ban Pride Flags At US Embassies In Spending Bill Deal. The State Department authorized pride flags to be flown at U.S. embassies in 2021, reversing a Trump-era ban.", "entities": {"Mention": [{"indices": [0, 11], "inst": "http://dbpedia.org/resource/White_House", "dbpInterestingClasses": "", "dbpSpecificClasses": "dbpedia-owl:Building|dbpedia-owl:Monument", "confidence": -0.67}, {"indices": [26, 37], "inst": "http://dbpedia.org/resource/Rainbow_flag_(LGBT_movement)", "dbpInterestingClasses": "owl:Thing", "dbpSpecificClasses": "owl:Thing", "confidence": -0.6938095238095239}, {"indices": [41, 43], "inst": "http://dbpedia.org/resource/United_States", "dbpInterestingClasses": "dbpedia-owl:PopulatedPlace", "dbpSpecificClasses": "dbpedia-owl:Country", "confidence": 0.5900000000000005}, {"indices": [44, 53], "inst": "http://dbpedia.org/resource/Diplomatic_mission", "dbpInterestingClasses": "owl:Thing", "dbpSpecificClasses": "owl:Thing", "confidence": -0.6716666666666666}, {"indices": [81, 97], "inst": "http://dbpedia.org/resource/United_States_Department_of_State", "dbpInterestingClasses": "dbpedia-owl:Organisation|dbpedia-owl:Person", "dbpSpecificClasses": "dbpedia-owl:Location|dbpedia-owl:GovernmentAgency|dbpedia-owl:Person", "confidence": -0.77}, {"indices": [109, 120], "inst": "http://dbpedia.org/resource/Rainbow_flag_(LGBT_movement)", "dbpInterestingClasses": "owl:Thing", "dbpSpecificClasses": "owl:Thing", "confidence": -0.6938095238095239}]}}