{"text": "Ministering to death row: An unlikely friendship based on a shared calling. Rev. Lauren Bennett, 33, leads a St. Louis church serving the LGBTQ+ community, and Father Gerry Kleba, 82, a retired Catholic priest, talk about ministering to inmates on death row in Missouri.", "entities": {"Mention": [{"indices": [15, 24], "inst": "http://dbpedia.org/resource/Death_row", "dbpInterestingClasses": "owl:Thing", "dbpSpecificClasses": "owl:Thing", "confidence": -0.82}, {"indices": [81, 95], "inst": "http://dbpedia.org/resource/Lauren_Bennett", "dbpInterestingClasses": "dbpedia-owl:Person", "dbpSpecificClasses": "dbpedia-owl:Singer", "confidence": 0.625}, {"indices": [138, 154], "inst": "http://dbpedia.org/resource/LGBT", "dbpInterestingClasses": "dbpedia-owl:Person", "dbpSpecificClasses": "dbpedia-owl:Person", "confidence": -0.5399999999999998}, {"indices": [194, 209], "inst": "http://dbpedia.org/resource/Priesthood_(Catholic_Church)", "dbpInterestingClasses": "owl:Thing", "dbpSpecificClasses": "owl:Thing", "confidence": -0.84}, {"indices": [248, 257], "inst": "http://dbpedia.org/resource/Death_row", "dbpInterestingClasses": "owl:Thing", "dbpSpecificClasses": "owl:Thing", "confidence": -0.82}, {"indices": [261, 269], "inst": "http://dbpedia.org/resource/Missouri", "dbpInterestingClasses": "dbpedia-owl:PopulatedPlace", "dbpSpecificClasses": "dbpedia-owl:AdministrativeRegion", "confidence": -0.65}]}}