{"text": "'Damned if You Do, Damned, if You Don't': 100 British Women Athletes Express Fears of Speaking Out Against Trans Athletes. Over 100 elite British women athletes have expressed fear about publicly opposing transgenders in women's sports.\u00a0\nThe post \u2018Damned if You Do, Damned, if You Don\u2019t\u2019: 100 British Women Athletes Express Fears of Speaking Out Against Trans Athletes appeared firs\u2026", "entities": {"Mention": [{"indices": [60, 68], "inst": "http://dbpedia.org/resource/Athlete", "dbpInterestingClasses": "owl:Thing", "dbpSpecificClasses": "owl:Thing", "confidence": -0.88}, {"indices": [77, 82], "inst": "http://dbpedia.org/resource/Fear", "dbpInterestingClasses": "dbpedia-owl:Person", "dbpSpecificClasses": "dbpedia-owl:Person", "confidence": -0.830625}, {"indices": [113, 121], "inst": "http://dbpedia.org/resource/Athlete", "dbpInterestingClasses": "owl:Thing", "dbpSpecificClasses": "owl:Thing", "confidence": -0.88}, {"indices": [307, 315], "inst": "http://dbpedia.org/resource/Athlete", "dbpInterestingClasses": "owl:Thing", "dbpSpecificClasses": "owl:Thing", "confidence": -0.88}, {"indices": [324, 329], "inst": "http://dbpedia.org/resource/Fear", "dbpInterestingClasses": "dbpedia-owl:Person", "dbpSpecificClasses": "dbpedia-owl:Person", "confidence": -0.830625}, {"indices": [360, 368], "inst": "http://dbpedia.org/resource/Athlete", "dbpInterestingClasses": "owl:Thing", "dbpSpecificClasses": "owl:Thing", "confidence": -0.88}]}}