{"text": "\u2018Empty executive suite\u2019: Boeing insider lays out company\u2019s descent into diversity obsession. In an interview published Wednesday in the City Journal, journalist Christopher Rufo talked to a Boeing insider who blamed the company\u2019s diversity, equity and inclusion (DEI) policies as well as a disconnect with upper leadership for Boeing\u2019s current woes. (A\u2026", "entities": {"Mention": [{"indices": [7, 22], "inst": "http://dbpedia.org/resource/Executive_Suite", "dbpInterestingClasses": "", "dbpSpecificClasses": "dbpedia-owl:Film", "confidence": -0.799788887906401}, {"indices": [25, 31], "inst": "http://dbpedia.org/resource/Boeing", "dbpInterestingClasses": "dbpedia-owl:Organisation", "dbpSpecificClasses": "dbpedia-owl:Organisation", "confidence": 0.66}, {"indices": [49, 58], "inst": "http://dbpedia.org/resource/Company", "dbpInterestingClasses": "dbpedia-owl:Person", "dbpSpecificClasses": "dbpedia-owl:Person", "confidence": -0.5588095238095238}, {"indices": [190, 196], "inst": "http://dbpedia.org/resource/Boeing", "dbpInterestingClasses": "dbpedia-owl:Organisation", "dbpSpecificClasses": "dbpedia-owl:Organisation", "confidence": 0.66}, {"indices": [327, 335], "inst": "http://dbpedia.org/resource/Boeing", "dbpInterestingClasses": "dbpedia-owl:Organisation", "dbpSpecificClasses": "dbpedia-owl:Organisation", "confidence": 0.5521904761904762}]}}