{"text": "WATCH: Dawn Staley Was Asked About Trans Athletes in Women's Sports, Her Answer Set Social Media on Fire. On Saturday, South Carolina women's college basketball coach Dawn Staley was asked her opinion about trans inclusion in women's sports. Her answer, as Staley predicted, was not received well.\nThe post WATCH: Dawn Staley Was Asked About Trans Athletes in Women\u2026", "entities": {"Mention": [{"indices": [7, 18], "inst": "http://dbpedia.org/resource/Dawn_Staley", "dbpInterestingClasses": "dbpedia-owl:Person", "dbpSpecificClasses": "dbpedia-owl:BasketballPlayer", "confidence": 0.7165}, {"indices": [41, 49], "inst": "http://dbpedia.org/resource/Athlete", "dbpInterestingClasses": "owl:Thing", "dbpSpecificClasses": "owl:Thing", "confidence": -0.88}, {"indices": [73, 83], "inst": "http://dbpedia.org/resource/Answer_set_programming", "dbpInterestingClasses": "owl:Thing", "dbpSpecificClasses": "owl:Thing", "confidence": -0.885}, {"indices": [84, 96], "inst": "http://dbpedia.org/resource/Social_media", "dbpInterestingClasses": "", "dbpSpecificClasses": "dbpedia-owl:Book", "confidence": -0.78}, {"indices": [117, 133], "inst": "http://dbpedia.org/resource/Seabrook,_South_Carolina", "dbpInterestingClasses": "dbpedia-owl:PopulatedPlace", "dbpSpecificClasses": "dbpedia-owl:PopulatedPlace", "confidence": -0.5016666666666667}, {"indices": [142, 160], "inst": "http://dbpedia.org/resource/College_basketball", "dbpInterestingClasses": "owl:Thing", "dbpSpecificClasses": "owl:Thing", "confidence": -0.77}, {"indices": [167, 178], "inst": "http://dbpedia.org/resource/Dawn_Staley", "dbpInterestingClasses": "dbpedia-owl:Person", "dbpSpecificClasses": "dbpedia-owl:BasketballPlayer", "confidence": 0.8575}, {"indices": [314, 325], "inst": "http://dbpedia.org/resource/Dawn_Staley", "dbpInterestingClasses": "dbpedia-owl:Person", "dbpSpecificClasses": "dbpedia-owl:BasketballPlayer", "confidence": 0.7165}, {"indices": [348, 356], "inst": "http://dbpedia.org/resource/Athlete", "dbpInterestingClasses": "owl:Thing", "dbpSpecificClasses": "owl:Thing", "confidence": -0.88}]}}