{"text": "How To Navigate Career Breaks: Pros And Cons Of Taking Sabbaticals. It allows professionals to dedicate more time to parenting and pursue personal or professional development. How to get the best out of it while owning your decision?", "entities": {"Mention": [{"indices": [31, 44], "inst": "http://dbpedia.org/resource/Pros_and_Cons_(TV_series)", "dbpInterestingClasses": "", "dbpSpecificClasses": "dbpedia-owl:TelevisionShow", "confidence": -0.8549999999999999}, {"indices": [55, 66], "inst": "http://dbpedia.org/resource/Sabbatical", "dbpInterestingClasses": "owl:Thing", "dbpSpecificClasses": "owl:Thing", "confidence": -0.79}]}}