{"text": "MacKenzie Scott donates $640 million to 361 nonprofits. MacKenzie Scott, the co-founder of Amazon and ex-wife of Jeff Bezos, has donated $640 million to 361 nonprofits.", "entities": {"Mention": [{"indices": [0, 15], "inst": "http://dbpedia.org/resource/Torres_(musician)", "dbpInterestingClasses": "dbpedia-owl:Person", "dbpSpecificClasses": "dbpedia-owl:Artist", "confidence": 0.7801666666666667}, {"indices": [56, 71], "inst": "http://dbpedia.org/resource/Torres_(musician)", "dbpInterestingClasses": "dbpedia-owl:Person", "dbpSpecificClasses": "dbpedia-owl:Artist", "confidence": 0.7801666666666667}, {"indices": [91, 97], "inst": "http://dbpedia.org/resource/Amazon.com", "dbpInterestingClasses": "dbpedia-owl:Organisation", "dbpSpecificClasses": "dbpedia-owl:Organisation", "confidence": -0.74}, {"indices": [113, 123], "inst": "http://dbpedia.org/resource/Jeff_Bezos", "dbpInterestingClasses": "dbpedia-owl:Person", "dbpSpecificClasses": "dbpedia-owl:Person", "confidence": 0.8675}]}}