{"text": "Radical new hate crime law in Scotland means people could go to jail if their words offend someone. In Scotland, a new hate crime law means that people will have to be a lot more careful about artistic expression and the things they say moving forward as police target podcasts, blog posts, social media posts and other expressions of opinion. In a scary new \u2026", "entities": {"Mention": [{"indices": [8, 16], "inst": "http://dbpedia.org/resource/New_Hate", "dbpInterestingClasses": "", "dbpSpecificClasses": "dbpedia-owl:Album", "confidence": -0.609090909090909}, {"indices": [103, 111], "inst": "http://dbpedia.org/resource/Scotland", "dbpInterestingClasses": "dbpedia-owl:PopulatedPlace", "dbpSpecificClasses": "dbpedia-owl:Country|dbpedia-owl:AdministrativeRegion", "confidence": -0.53}, {"indices": [115, 123], "inst": "http://dbpedia.org/resource/New_Hate", "dbpInterestingClasses": "", "dbpSpecificClasses": "dbpedia-owl:Album", "confidence": -0.609090909090909}, {"indices": [291, 303], "inst": "http://dbpedia.org/resource/Social_media", "dbpInterestingClasses": "", "dbpSpecificClasses": "dbpedia-owl:Book", "confidence": -0.78}]}}