{"text": "Pennsylvania Drag Queen Story Hour canceled amid bomb concerns. A Pennsylvania Drag Queen Story Hour event was canceled after the target of threats was the venue where it was supposed to take place. Organizers of the Lancaster event abruptly canceled on Saturday after security concerns at the public library, including the\u2026", "entities": {"Mention": [{"indices": [0, 12], "inst": "http://dbpedia.org/resource/Pennsylvania", "dbpInterestingClasses": "dbpedia-owl:PopulatedPlace", "dbpSpecificClasses": "dbpedia-owl:AdministrativeRegion", "confidence": -0.52}, {"indices": [13, 23], "inst": "http://dbpedia.org/resource/Drag_queen", "dbpInterestingClasses": "owl:Thing", "dbpSpecificClasses": "owl:Thing", "confidence": -0.62}, {"indices": [66, 78], "inst": "http://dbpedia.org/resource/Pennsylvania", "dbpInterestingClasses": "dbpedia-owl:PopulatedPlace", "dbpSpecificClasses": "dbpedia-owl:AdministrativeRegion", "confidence": -0.52}, {"indices": [79, 89], "inst": "http://dbpedia.org/resource/Drag_queen", "dbpInterestingClasses": "owl:Thing", "dbpSpecificClasses": "owl:Thing", "confidence": -0.62}]}}