{"text": "Zoom Wants To Be Your One-Stop Work Platform, Plus, More DEI Closures. Here is the published version of this week\u2019s Forbes Careers newsletter, which brings the latest workplace news and career advice straight to your inbox every Tuesday.", "entities": {"Mention": [{"indices": [116, 122], "inst": "http://dbpedia.org/resource/Forbes", "dbpInterestingClasses": "", "dbpSpecificClasses": "dbpedia-owl:Magazine|dbpedia-owl:Newspaper", "confidence": -0.75}, {"indices": [123, 130], "inst": "http://dbpedia.org/resource/Career", "dbpInterestingClasses": "owl:Thing", "dbpSpecificClasses": "owl:Thing", "confidence": -0.8438461538461539}]}}