{"text": "A Completely New Approach to Crops Could Boost Nutrition across Africa. Cary Fowler, the U.S. State Department\u2019s leading figure on global hunger, explains a new way to improve nutritious food supply", "entities": {"Mention": [{"indices": [47, 56], "inst": "http://dbpedia.org/resource/Nutrition", "dbpInterestingClasses": "owl:Thing", "dbpSpecificClasses": "owl:Thing", "confidence": -0.75}, {"indices": [72, 83], "inst": "http://dbpedia.org/resource/Cary_Fowler", "dbpInterestingClasses": "dbpedia-owl:Person", "dbpSpecificClasses": "dbpedia-owl:Scientist", "confidence": 0.895}, {"indices": [89, 112], "inst": "http://dbpedia.org/resource/United_States_Department_of_State", "dbpInterestingClasses": "dbpedia-owl:Organisation|dbpedia-owl:Person", "dbpSpecificClasses": "dbpedia-owl:Location|dbpedia-owl:GovernmentAgency|dbpedia-owl:Person", "confidence": -0.532142857142857}]}}