{"text": "AI's Impact On Patient Care, Clinical Coding And Quality Metrics. If deployed equitably, AI-enabled clinical intelligence could significantly enhance quality measurement, risk adjustment and care outcomes for all patient populations.", "entities": {"Mention": [{"indices": [15, 27], "inst": "http://dbpedia.org/resource/Health_care", "dbpInterestingClasses": "owl:Thing", "dbpSpecificClasses": "owl:Thing", "confidence": 0.5150000000000001}, {"indices": [29, 44], "inst": "http://dbpedia.org/resource/Clinical_coder", "dbpInterestingClasses": "owl:Thing", "dbpSpecificClasses": "owl:Thing", "confidence": -0.6713333333333333}]}}