{"text": "20 Most Sustainable Countries in Asia. In this article, we will look into the 20 most sustainable countries in Asia. If you want to skip our detailed analysis, you can go directly to the 5 Most...", "entities": {"Mention": [{"indices": [20, 29], "inst": "http://dbpedia.org/resource/Country", "dbpInterestingClasses": "dbpedia-owl:Person", "dbpSpecificClasses": "dbpedia-owl:Person", "confidence": -0.79}, {"indices": [33, 37], "inst": "http://dbpedia.org/resource/Asia", "dbpInterestingClasses": "dbpedia-owl:PopulatedPlace|dbpedia-owl:Person", "dbpSpecificClasses": "dbpedia-owl:Continent|dbpedia-owl:Person|dbpedia-owl:Book", "confidence": -0.62}, {"indices": [111, 115], "inst": "http://dbpedia.org/resource/Asia", "dbpInterestingClasses": "dbpedia-owl:PopulatedPlace|dbpedia-owl:Person", "dbpSpecificClasses": "dbpedia-owl:Continent|dbpedia-owl:Person|dbpedia-owl:Book", "confidence": -0.62}]}}