{"text": "MD Gov. Moore: Blaming Baltimore Bridge Collapse on DEI 'Foolishness'. Governor Wes Moore (D-MD) said Sunday on CNN's \"State of the Union\" that claiming the collapse of the Francis Scott Key Bridge was due to DEI policies was \"foolishness.\"\nThe post MD Gov. Moore: Blaming Baltimore Bridge Collapse on DEI \u2018Foolishness\u2019 appeared f\u2026", "entities": {"Mention": [{"indices": [23, 32], "inst": "http://dbpedia.org/resource/Baltimore", "dbpInterestingClasses": "dbpedia-owl:PopulatedPlace", "dbpSpecificClasses": "dbpedia-owl:City|dbpedia-owl:AdministrativeRegion", "confidence": -0.58}, {"indices": [80, 89], "inst": "http://dbpedia.org/resource/Wes_Moore", "dbpInterestingClasses": "dbpedia-owl:Person", "dbpSpecificClasses": "dbpedia-owl:Person", "confidence": -0.726927536231884}, {"indices": [112, 117], "inst": "http://dbpedia.org/resource/CNN", "dbpInterestingClasses": "dbpedia-owl:Organisation|dbpedia-owl:Person", "dbpSpecificClasses": "dbpedia-owl:TelevisionStation|dbpedia-owl:Person", "confidence": -0.6668000000000006}, {"indices": [173, 197], "inst": "http://dbpedia.org/resource/Key_Bridge_(Washington,_D.C.)", "dbpInterestingClasses": "", "dbpSpecificClasses": "dbpedia-owl:Building|dbpedia-owl:Bridge", "confidence": -0.5073792658863265}, {"indices": [273, 282], "inst": "http://dbpedia.org/resource/Baltimore", "dbpInterestingClasses": "dbpedia-owl:PopulatedPlace", "dbpSpecificClasses": "dbpedia-owl:City|dbpedia-owl:AdministrativeRegion", "confidence": -0.58}]}}