{"text": "Helldivers 2\u2019s Politics Appear To Be Flying Over The Heads Of Some. There is a currently a very funny, kind of sad dust-up over Helldivers 2, in which self-proclaimed \u201canti-woke\u201d gamers have previously heralded it", "entities": {"Mention": [{"indices": [0, 10], "inst": "http://dbpedia.org/resource/Helldivers", "dbpInterestingClasses": "", "dbpSpecificClasses": "dbpedia-owl:VideoGame", "confidence": -0.5457575757575759}, {"indices": [128, 138], "inst": "http://dbpedia.org/resource/Helldivers", "dbpInterestingClasses": "", "dbpSpecificClasses": "dbpedia-owl:VideoGame", "confidence": -0.5457575757575759}]}}