{"text": "Jeffries: House GOP Doesn't Want to Address Border, 'Deeply Troubling' SCOTUS Said TX Can Address Border. On Tuesday\u2019s broadcast of \u201cCNN NewsNight,\u201d House Minority Leader Rep. Hakeem Jeffries (D-NY) denounced the \u201cdeeply troubling decision from the extreme conservatives on the Supreme Court\u201d allowing Texas to enforce immigration law and also stated that\u00a0\u201cmany of \u2026", "entities": {"Mention": [{"indices": [16, 19], "inst": "http://dbpedia.org/resource/Republican_Party_(United_States)", "dbpInterestingClasses": "dbpedia-owl:Organisation", "dbpSpecificClasses": "dbpedia-owl:PoliticalParty", "confidence": 0.6100000000000005}, {"indices": [71, 77], "inst": "http://dbpedia.org/resource/Supreme_Court_of_the_United_States", "dbpInterestingClasses": "dbpedia-owl:Person", "dbpSpecificClasses": "dbpedia-owl:Book|dbpedia-owl:Person", "confidence": -0.6299999999999994}, {"indices": [83, 85], "inst": "http://dbpedia.org/resource/Texas", "dbpInterestingClasses": "dbpedia-owl:PopulatedPlace|dbpedia-owl:Person", "dbpSpecificClasses": "dbpedia-owl:AdministrativeRegion|dbpedia-owl:Person", "confidence": -0.5299999999999995}, {"indices": [133, 136], "inst": "http://dbpedia.org/resource/CNN", "dbpInterestingClasses": "dbpedia-owl:Organisation|dbpedia-owl:Person", "dbpSpecificClasses": "dbpedia-owl:TelevisionStation|dbpedia-owl:Person", "confidence": -0.69}, {"indices": [149, 170], "inst": "http://dbpedia.org/resource/Party_leaders_of_the_United_States_House_of_Representatives", "dbpInterestingClasses": "owl:Thing", "dbpSpecificClasses": "owl:Thing", "confidence": -0.6566666666666666}, {"indices": [176, 191], "inst": "http://dbpedia.org/resource/Hakeem_Jeffries", "dbpInterestingClasses": "dbpedia-owl:Person", "dbpSpecificClasses": "dbpedia-owl:Politician", "confidence": 0.9075}, {"indices": [193, 197], "inst": "http://dbpedia.org/resource/New_York_State_Democratic_Committee", "dbpInterestingClasses": "dbpedia-owl:Organisation", "dbpSpecificClasses": "dbpedia-owl:PoliticalParty", "confidence": -0.5447619047619048}, {"indices": [278, 291], "inst": "http://dbpedia.org/resource/Supreme_Court_of_the_United_States", "dbpInterestingClasses": "dbpedia-owl:Person", "dbpSpecificClasses": "dbpedia-owl:Book|dbpedia-owl:Person", "confidence": -0.72}, {"indices": [302, 307], "inst": "http://dbpedia.org/resource/Texas", "dbpInterestingClasses": "dbpedia-owl:PopulatedPlace|dbpedia-owl:Person", "dbpSpecificClasses": "dbpedia-owl:AdministrativeRegion|dbpedia-owl:Person", "confidence": -0.58}]}}