{"text": "Job Creators Network to Lead Major Hispanic Outreach Coalition Ahead of 2024 Election. Job Creators Network, America\u2019s leading pro-small business organization, is partnering with Bienvenido and the National Christian Hispanic Leadership Coalition, and a team of political veterans to spearhead a national campaign to engage Hispanic voters on eco\u2026", "entities": {"Mention": [{"indices": [109, 118], "inst": "http://dbpedia.org/resource/United_States", "dbpInterestingClasses": "dbpedia-owl:PopulatedPlace", "dbpSpecificClasses": "dbpedia-owl:Country", "confidence": 0.6633333333333339}, {"indices": [179, 189], "inst": "http://dbpedia.org/resource/Benvenuto_(song)", "dbpInterestingClasses": "", "dbpSpecificClasses": "dbpedia-owl:Single|dbpedia-owl:Album", "confidence": -0.7390909090909094}, {"indices": [198, 216], "inst": "http://dbpedia.org/resource/National_Christian_Party", "dbpInterestingClasses": "dbpedia-owl:Organisation", "dbpSpecificClasses": "dbpedia-owl:PoliticalParty", "confidence": 0.535}, {"indices": [217, 225], "inst": "http://dbpedia.org/resource/Race_and_ethnicity_in_the_United_States_Census", "dbpInterestingClasses": "owl:Thing", "dbpSpecificClasses": "owl:Thing", "confidence": -0.6099999999999981}, {"indices": [226, 236], "inst": "http://dbpedia.org/resource/Leadership", "dbpInterestingClasses": "", "dbpSpecificClasses": "dbpedia-owl:Book", "confidence": -0.76}]}}