{"text": "Oklahoma prosecutors will not press charges in Nex Benedict case. Nex, a nonbinary teen, died by suicide after a high school fight. The Tulsa County District Attorney says the fight was mutual and there's not enough evidence to press charges.", "entities": {"Mention": [{"indices": [0, 8], "inst": "http://dbpedia.org/resource/Oklahoma", "dbpInterestingClasses": "dbpedia-owl:PopulatedPlace", "dbpSpecificClasses": "dbpedia-owl:AdministrativeRegion", "confidence": 0.5507692307692308}, {"indices": [136, 148], "inst": "http://dbpedia.org/resource/Tulsa_County,_Oklahoma", "dbpInterestingClasses": "dbpedia-owl:PopulatedPlace", "dbpSpecificClasses": "dbpedia-owl:AdministrativeRegion", "confidence": 0.7846666666666666}, {"indices": [149, 166], "inst": "http://dbpedia.org/resource/District_attorney", "dbpInterestingClasses": "owl:Thing", "dbpSpecificClasses": "owl:Thing", "confidence": -0.84}]}}