{"text": "Murphy\u2019s Law: How \u201cCultures Of Genius\u201d Hinder Competitiveness. A fascinating new book by social psychologist Mary Murphy explains how businesses set themselves up for success or failure through their workplace culture.", "entities": {"Mention": [{"indices": [0, 12], "inst": "http://dbpedia.org/resource/Murphy's_Law_(band)", "dbpInterestingClasses": "dbpedia-owl:Organisation|dbpedia-owl:Person", "dbpSpecificClasses": "dbpedia-owl:Band|dbpedia-owl:Artist", "confidence": -0.6843333333333333}, {"indices": [89, 108], "inst": "http://dbpedia.org/resource/Social_psychology", "dbpInterestingClasses": "dbpedia-owl:Person", "dbpSpecificClasses": "dbpedia-owl:Person|dbpedia-owl:Book", "confidence": -0.5025}, {"indices": [109, 120], "inst": "http://dbpedia.org/resource/Mary_Murphy_(choreographer)", "dbpInterestingClasses": "dbpedia-owl:Person", "dbpSpecificClasses": "dbpedia-owl:Person", "confidence": -0.8010126443842135}]}}