{"text": "X Games To Debut Women\u2019s BMX Park Medal Event At Ventura 2024. At X Games Ventura this June, X Games will hold its first-ever women's BMX park medal event, with Olympians like Hannah Roberts among the first athletes invited.", "entities": {"Mention": [{"indices": [0, 7], "inst": "http://dbpedia.org/resource/X_Games", "dbpInterestingClasses": "dbpedia-owl:Organisation", "dbpSpecificClasses": "dbpedia-owl:SportsLeague|dbpedia-owl:SportsEvent", "confidence": -0.5766666666666667}, {"indices": [25, 28], "inst": "http://dbpedia.org/resource/BMX", "dbpInterestingClasses": "", "dbpSpecificClasses": "dbpedia-owl:Sport", "confidence": -0.6566666666666666}, {"indices": [49, 56], "inst": "http://dbpedia.org/resource/Ventura_County,_California", "dbpInterestingClasses": "dbpedia-owl:PopulatedPlace", "dbpSpecificClasses": "dbpedia-owl:AdministrativeRegion", "confidence": -0.6292307692307691}, {"indices": [66, 73], "inst": "http://dbpedia.org/resource/X_Games", "dbpInterestingClasses": "dbpedia-owl:Organisation", "dbpSpecificClasses": "dbpedia-owl:SportsLeague|dbpedia-owl:SportsEvent", "confidence": -0.5766666666666667}, {"indices": [74, 81], "inst": "http://dbpedia.org/resource/Ventura_County,_California", "dbpInterestingClasses": "dbpedia-owl:PopulatedPlace", "dbpSpecificClasses": "dbpedia-owl:AdministrativeRegion", "confidence": -0.72}, {"indices": [93, 100], "inst": "http://dbpedia.org/resource/X_Games", "dbpInterestingClasses": "dbpedia-owl:Organisation", "dbpSpecificClasses": "dbpedia-owl:SportsLeague|dbpedia-owl:SportsEvent", "confidence": -0.5766666666666667}, {"indices": [176, 190], "inst": "http://dbpedia.org/resource/Hannah_Roberts", "dbpInterestingClasses": "dbpedia-owl:Person", "dbpSpecificClasses": "dbpedia-owl:Person", "confidence": 0.6943333333333334}]}}