{"text": "Conservative Dark Money Targets TikTok With $1 Million+ In Attack Ads. This is the first report of a Leo-linked\u2019s organization engaging in tech-related advocacy.", "entities": {"Mention": [{"indices": [0, 12], "inst": "http://dbpedia.org/resource/Conservative_Party_(UK)", "dbpInterestingClasses": "dbpedia-owl:Organisation|dbpedia-owl:Person", "dbpSpecificClasses": "dbpedia-owl:PoliticalParty|dbpedia-owl:Person", "confidence": -0.74}, {"indices": [13, 23], "inst": "http://dbpedia.org/resource/Dark_money", "dbpInterestingClasses": "owl:Thing", "dbpSpecificClasses": "owl:Thing", "confidence": -0.69}]}}