{"text": "Why are South Koreans less welcoming of LGBTQ+ neighbors?. A study suggests most South Koreans do not want to live with or work alongside members of the nation's LGBTQ+ minority.", "entities": {"Mention": [{"indices": [8, 21], "inst": "http://dbpedia.org/resource/South_Korea", "dbpInterestingClasses": "dbpedia-owl:PopulatedPlace", "dbpSpecificClasses": "dbpedia-owl:Country", "confidence": 0.6200000000000006}, {"indices": [40, 46], "inst": "http://dbpedia.org/resource/LGBT", "dbpInterestingClasses": "dbpedia-owl:Person", "dbpSpecificClasses": "dbpedia-owl:Person", "confidence": -0.5228095238095238}, {"indices": [81, 94], "inst": "http://dbpedia.org/resource/South_Korea", "dbpInterestingClasses": "dbpedia-owl:PopulatedPlace", "dbpSpecificClasses": "dbpedia-owl:Country", "confidence": 0.6200000000000006}, {"indices": [162, 168], "inst": "http://dbpedia.org/resource/LGBT", "dbpInterestingClasses": "dbpedia-owl:Person", "dbpSpecificClasses": "dbpedia-owl:Person", "confidence": -0.5028095238095238}]}}