{"text": "Steven Spielberg: \u2018The echoes of history are unmistakable in our current climate\u2019 | CNN. Steven Spielberg had words of caution and hope on Monday while accepting an honor from the University of Southern California.", "entities": {"Mention": [{"indices": [0, 16], "inst": "http://dbpedia.org/resource/Steven_Spielberg", "dbpInterestingClasses": "dbpedia-owl:Person", "dbpSpecificClasses": "dbpedia-owl:Actor", "confidence": 0.73}, {"indices": [84, 87], "inst": "http://dbpedia.org/resource/CNN", "dbpInterestingClasses": "dbpedia-owl:Organisation|dbpedia-owl:Person", "dbpSpecificClasses": "dbpedia-owl:TelevisionStation|dbpedia-owl:Person", "confidence": -0.69}, {"indices": [89, 105], "inst": "http://dbpedia.org/resource/Steven_Spielberg", "dbpInterestingClasses": "dbpedia-owl:Person", "dbpSpecificClasses": "dbpedia-owl:Actor", "confidence": 0.73}, {"indices": [180, 213], "inst": "http://dbpedia.org/resource/University_of_Southern_California", "dbpInterestingClasses": "dbpedia-owl:Organisation", "dbpSpecificClasses": "dbpedia-owl:College", "confidence": 0.6896000000000001}]}}