{"text": "15 Questions With Coco &amp; Breezy: A Sisterly Duo Pushing The Boundaries Of Sound. When Coco &amp; Breezy step behind the decks, it\u2019s more than just a set. It\u2019s a venture into their world, one that\u2019s focused on community, joy and the history of dance music.", "entities": {"Mention": [{"indices": [18, 35], "inst": "http://dbpedia.org/resource/Coco_&_Breezy", "dbpInterestingClasses": "dbpedia-owl:Organisation", "dbpSpecificClasses": "dbpedia-owl:Organisation", "confidence": 0.7666666666666667}, {"indices": [90, 107], "inst": "http://dbpedia.org/resource/Coco_&_Breezy", "dbpInterestingClasses": "dbpedia-owl:Organisation", "dbpSpecificClasses": "dbpedia-owl:Organisation", "confidence": 0.7666666666666667}]}}