{"text": "Viral Genetics Confirms What On-the-Ground Activists Knew Early in the Mpox Outbreak. Molecular biology could have changed the mpox epidemic\u2014and could stop future outbreaks", "entities": {"Mention": [{"indices": [6, 14], "inst": "http://dbpedia.org/resource/Genetics", "dbpInterestingClasses": "dbpedia-owl:Person", "dbpSpecificClasses": "dbpedia-owl:Person", "confidence": -0.67}, {"indices": [86, 103], "inst": "http://dbpedia.org/resource/Molecular_biology", "dbpInterestingClasses": "dbpedia-owl:Person", "dbpSpecificClasses": "dbpedia-owl:Person", "confidence": -0.6808333333333333}]}}