{"text": "Fresh Air Weekend: Andrew Scott; How cars became a gendered technology. Scott plays con man Tom Ripley in the Netflix adaptation of &lt;em&gt;The Talented Mr. Ripley.&lt;/em&gt; Maureen Corrigan reviews Lionel Shriver's &lt;em&gt;Mania. &lt;/em&gt;Nancy Nichols is the author of &lt;em&gt;Women Behind the Wheel.&lt;/em&gt;", "entities": {"Mention": [{"indices": [19, 31], "inst": "http://dbpedia.org/resource/Andrew_Scott_(actor)", "dbpInterestingClasses": "dbpedia-owl:Person", "dbpSpecificClasses": "dbpedia-owl:Actor", "confidence": -0.7810126443842136}, {"indices": [84, 91], "inst": "http://dbpedia.org/resource/Confidence_trick", "dbpInterestingClasses": "owl:Thing", "dbpSpecificClasses": "owl:Thing", "confidence": -0.65}, {"indices": [92, 102], "inst": "http://dbpedia.org/resource/Tom_Ripley", "dbpInterestingClasses": "dbpedia-owl:Person", "dbpSpecificClasses": "dbpedia-owl:FictionalCharacter", "confidence": 0.9175}, {"indices": [110, 117], "inst": "http://dbpedia.org/resource/Netflix", "dbpInterestingClasses": "dbpedia-owl:Organisation", "dbpSpecificClasses": "dbpedia-owl:Organisation", "confidence": 0.69}, {"indices": [178, 194], "inst": "http://dbpedia.org/resource/Maureen_Corrigan", "dbpInterestingClasses": "dbpedia-owl:Person", "dbpSpecificClasses": "dbpedia-owl:Writer", "confidence": 0.895}, {"indices": [203, 219], "inst": "http://dbpedia.org/resource/Lionel_Shriver", "dbpInterestingClasses": "dbpedia-owl:Person", "dbpSpecificClasses": "dbpedia-owl:Writer", "confidence": 0.6843571428571429}, {"indices": [295, 311], "inst": "http://dbpedia.org/resource/Behind_the_Wheel", "dbpInterestingClasses": "", "dbpSpecificClasses": "dbpedia-owl:Single|dbpedia-owl:Album", "confidence": -0.7266666666666667}]}}