{"text": "Finnish study finds correlation between wokeism and higher levels of anxiety and depression. A newly released\u00a0Finnish\u00a0study has found a correlation between\u00a0woke ideology and heightened instances of anxiety and depression. The rise of critical social justice discourse has sparked discussions in Finland for the last couple of years. However, empirical \u2026", "entities": {"Mention": [{"indices": [243, 257], "inst": "http://dbpedia.org/resource/Social_justice", "dbpInterestingClasses": "dbpedia-owl:Person", "dbpSpecificClasses": "dbpedia-owl:Person", "confidence": -0.6549999999999998}, {"indices": [295, 302], "inst": "http://dbpedia.org/resource/Finland", "dbpInterestingClasses": "dbpedia-owl:PopulatedPlace", "dbpSpecificClasses": "dbpedia-owl:Country", "confidence": 0.62}]}}