{"text": "Charlamagne tha God\u2019s Misinformed, Unhelpful Generalizations About DEI. Charlamagne tha God appeared as a guest on The Daily Show. The influential host of The Breakfast Club called corporate DEI initiatives \"garbage.\"", "entities": {"Mention": [{"indices": [0, 19], "inst": "http://dbpedia.org/resource/Charlamagne_Tha_God", "dbpInterestingClasses": "dbpedia-owl:Person", "dbpSpecificClasses": "dbpedia-owl:RadioHost", "confidence": 0.614}, {"indices": [72, 91], "inst": "http://dbpedia.org/resource/Charlamagne_Tha_God", "dbpInterestingClasses": "dbpedia-owl:Person", "dbpSpecificClasses": "dbpedia-owl:RadioHost", "confidence": 0.614}, {"indices": [119, 129], "inst": "http://dbpedia.org/resource/The_Daily_Show", "dbpInterestingClasses": "", "dbpSpecificClasses": "dbpedia-owl:TelevisionShow", "confidence": -0.6071428571428572}]}}