{"text": "GOP lawmakers call for Alabama space camp employee to be fired, simply for being transgender. An Alabama resident sparked a transphobic backlash against an employee at the U.S. Space and Rocket Center's Space Camp in Huntsville, leading to calls for the employee to be fired because she is transgender.", "entities": {"Mention": [{"indices": [0, 3], "inst": "http://dbpedia.org/resource/Republican_Party_(United_States)", "dbpInterestingClasses": "dbpedia-owl:Organisation", "dbpSpecificClasses": "dbpedia-owl:PoliticalParty", "confidence": 0.5900000000000005}, {"indices": [23, 30], "inst": "http://dbpedia.org/resource/Alabama", "dbpInterestingClasses": "dbpedia-owl:PopulatedPlace", "dbpSpecificClasses": "dbpedia-owl:AdministrativeRegion", "confidence": 0.5007692307692309}, {"indices": [97, 104], "inst": "http://dbpedia.org/resource/Alabama", "dbpInterestingClasses": "dbpedia-owl:PopulatedPlace", "dbpSpecificClasses": "dbpedia-owl:AdministrativeRegion", "confidence": 0.5007692307692309}, {"indices": [172, 200], "inst": "http://dbpedia.org/resource/U.S._Space_&_Rocket_Center", "dbpInterestingClasses": "", "dbpSpecificClasses": "dbpedia-owl:Museum", "confidence": 0.5271666666666667}, {"indices": [217, 227], "inst": "http://dbpedia.org/resource/Huntsville,_Alabama", "dbpInterestingClasses": "dbpedia-owl:PopulatedPlace", "dbpSpecificClasses": "dbpedia-owl:City|dbpedia-owl:AdministrativeRegion", "confidence": 0.5207692307692308}]}}