{"text": "The Global Effort To Map Biomolecules In Food To Health Outcomes. We understand less than 1 percent of what makes up our food\u2014and what that means for our health. Researchers are trying to change that.", "entities": {"Mention": [{"indices": [18, 24], "inst": "http://dbpedia.org/resource/Cartography", "dbpInterestingClasses": "dbpedia-owl:Person", "dbpSpecificClasses": "dbpedia-owl:Person|dbpedia-owl:Book", "confidence": -0.7366666666666667}, {"indices": [25, 37], "inst": "http://dbpedia.org/resource/Biomolecule", "dbpInterestingClasses": "owl:Thing", "dbpSpecificClasses": "owl:Thing", "confidence": -0.68}, {"indices": [41, 45], "inst": "http://dbpedia.org/resource/Food", "dbpInterestingClasses": "dbpedia-owl:Person", "dbpSpecificClasses": "dbpedia-owl:Person", "confidence": -0.7}]}}