{"text": "Ireland's prime minister, Leo Varadkar, has resigned. Leo Varadkar announced he will step down as taoiseach, or prime minister, within weeks as soon as his Fine Gael party chooses a successor.", "entities": {"Mention": [{"indices": [0, 24], "inst": "http://dbpedia.org/resource/Taoiseach", "dbpInterestingClasses": "owl:Thing", "dbpSpecificClasses": "owl:Thing", "confidence": -0.5661428571428572}, {"indices": [26, 38], "inst": "http://dbpedia.org/resource/Leo_Varadkar", "dbpInterestingClasses": "dbpedia-owl:Person", "dbpSpecificClasses": "dbpedia-owl:Politician", "confidence": 0.8875}, {"indices": [54, 66], "inst": "http://dbpedia.org/resource/Leo_Varadkar", "dbpInterestingClasses": "dbpedia-owl:Person", "dbpSpecificClasses": "dbpedia-owl:Politician", "confidence": 0.8875}, {"indices": [156, 171], "inst": "http://dbpedia.org/resource/Fine_Gael", "dbpInterestingClasses": "dbpedia-owl:Organisation|dbpedia-owl:Person", "dbpSpecificClasses": "dbpedia-owl:PoliticalParty|dbpedia-owl:Person", "confidence": -0.5116428571428571}]}}