{"text": "Jonas Muthoni Encourages Men To Become Advocates For Gender Equality. Gender equality and women\u2019s rights are human rights issues. Jonas Muthoni urges men to become advocates for change.", "entities": {"Mention": [{"indices": [53, 68], "inst": "http://dbpedia.org/resource/Gender_equality", "dbpInterestingClasses": "owl:Thing", "dbpSpecificClasses": "owl:Thing", "confidence": -0.84}, {"indices": [70, 85], "inst": "http://dbpedia.org/resource/Gender_equality", "dbpInterestingClasses": "owl:Thing", "dbpSpecificClasses": "owl:Thing", "confidence": -0.84}]}}