{"text": "20 Essential Steps To Make Social Sustainability Part Of Company Culture. Committing to people- and community-first initiatives can be a great way to generate long-term success for your business.", "entities": {"Mention": [{"indices": [13, 18], "inst": "http://dbpedia.org/resource/Steps_(group)", "dbpInterestingClasses": "dbpedia-owl:Organisation|dbpedia-owl:Person", "dbpSpecificClasses": "dbpedia-owl:Band|dbpedia-owl:Artist", "confidence": -0.84}, {"indices": [27, 48], "inst": "http://dbpedia.org/resource/Social_sustainability", "dbpInterestingClasses": "owl:Thing", "dbpSpecificClasses": "owl:Thing", "confidence": -0.7716666666666667}, {"indices": [57, 72], "inst": "http://dbpedia.org/resource/Organizational_culture", "dbpInterestingClasses": "", "dbpSpecificClasses": "dbpedia-owl:Book", "confidence": -0.6478095238095238}]}}