{"text": "Like a Phish concert but with more grievance, this is what it's like at a Trump rally. Many Americans won't experience a rally for former President Donald Trump in person, instead witnessing these events through viral clips. But for the faithful, a Trump rally is so much more than that.", "entities": {"Mention": [{"indices": [7, 12], "inst": "http://dbpedia.org/resource/Phish", "dbpInterestingClasses": "dbpedia-owl:Organisation|dbpedia-owl:Person", "dbpSpecificClasses": "dbpedia-owl:Band|dbpedia-owl:Artist", "confidence": 0.54}, {"indices": [148, 160], "inst": "http://dbpedia.org/resource/Donald_Trump", "dbpInterestingClasses": "dbpedia-owl:Person", "dbpSpecificClasses": "dbpedia-owl:Person|dbpedia-owl:Book", "confidence": 0.77}]}}