{"text": "'Beloved' Virginia professor found dead at gay men's sauna after vanishing from conference. Averett University psychology professor David Hanbury, 37, was found deceased Saturday at the popular gay men's sauna Club Orlando.", "entities": {"Mention": [{"indices": [10, 18], "inst": "http://dbpedia.org/resource/Virginia", "dbpInterestingClasses": "dbpedia-owl:PopulatedPlace", "dbpSpecificClasses": "dbpedia-owl:AdministrativeRegion", "confidence": 0.59}, {"indices": [92, 110], "inst": "http://dbpedia.org/resource/Averett_University", "dbpInterestingClasses": "dbpedia-owl:Organisation", "dbpSpecificClasses": "dbpedia-owl:College", "confidence": 0.9041666666666667}, {"indices": [215, 222], "inst": "http://dbpedia.org/resource/Orlando,_Florida", "dbpInterestingClasses": "dbpedia-owl:PopulatedPlace", "dbpSpecificClasses": "dbpedia-owl:City|dbpedia-owl:AdministrativeRegion", "confidence": -0.6392307692307692}]}}