{"text": "The Truman Scholars For 2024 Are Announced. The 2024 Truman Scholars have been announced. The group includes 60 students from 54 U.S. colleges &amp; universities who will receive the prestigious graduate scholarship.", "entities": {"Mention": [{"indices": [4, 19], "inst": "http://dbpedia.org/resource/Harry_S._Truman_Scholarship", "dbpInterestingClasses": "owl:Thing", "dbpSpecificClasses": "owl:Thing", "confidence": 0.6466666666666666}, {"indices": [53, 68], "inst": "http://dbpedia.org/resource/Harry_S._Truman_Scholarship", "dbpInterestingClasses": "owl:Thing", "dbpSpecificClasses": "owl:Thing", "confidence": 0.6466666666666666}, {"indices": [129, 133], "inst": "http://dbpedia.org/resource/United_States", "dbpInterestingClasses": "dbpedia-owl:PopulatedPlace", "dbpSpecificClasses": "dbpedia-owl:Country", "confidence": 0.6800000000000006}]}}