{"text": "Eurovision stars say they can\u2019t be silent but reject calls for boycott over Israel. Artists set to compete in the Eurovision Song Contest said they do not want to be silent in light of the ongoing Israeli military offensive in the Gaza Strip.", "entities": {"Mention": [{"indices": [76, 82], "inst": "http://dbpedia.org/resource/Israel", "dbpInterestingClasses": "dbpedia-owl:PopulatedPlace", "dbpSpecificClasses": "dbpedia-owl:Country", "confidence": 0.63}, {"indices": [197, 213], "inst": "http://dbpedia.org/resource/Israel_Defense_Forces", "dbpInterestingClasses": "dbpedia-owl:Organisation", "dbpSpecificClasses": "dbpedia-owl:MilitaryUnit", "confidence": -0.7725320183030905}]}}