{"text": "1 killed, 2 injured in Jacksonville Beach shooting, police say. An evening of St. Patrick's Day celebrations ended with one person dead and two others injured in Jacksonville Beach, Florida, on Sunday, police said.", "entities": {"Mention": [{"indices": [23, 41], "inst": "http://dbpedia.org/resource/Jacksonville_Beach,_Florida", "dbpInterestingClasses": "dbpedia-owl:PopulatedPlace", "dbpSpecificClasses": "dbpedia-owl:City|dbpedia-owl:AdministrativeRegion", "confidence": 0.7863333333333333}, {"indices": [162, 180], "inst": "http://dbpedia.org/resource/Jacksonville_Beach,_Florida", "dbpInterestingClasses": "dbpedia-owl:PopulatedPlace", "dbpSpecificClasses": "dbpedia-owl:City|dbpedia-owl:AdministrativeRegion", "confidence": 0.7863333333333333}, {"indices": [182, 189], "inst": "http://dbpedia.org/resource/Florida", "dbpInterestingClasses": "dbpedia-owl:PopulatedPlace", "dbpSpecificClasses": "dbpedia-owl:AdministrativeRegion", "confidence": 0.56}]}}