{"text": "Is \u2018Shirley\u2019 Based On A True Story? The Impactful Legacy Of Shirley Chisholm. The trailblazing biopic \"Shirley\" is now streaming on Netflix. Learn about Shirley Chisholm\u2019s real-life career that inspired the new film starring Regina King.", "entities": {"Mention": [{"indices": [60, 76], "inst": "http://dbpedia.org/resource/Shirley_Chisholm", "dbpInterestingClasses": "dbpedia-owl:Person", "dbpSpecificClasses": "dbpedia-owl:Politician", "confidence": 0.855}, {"indices": [132, 139], "inst": "http://dbpedia.org/resource/Netflix", "dbpInterestingClasses": "dbpedia-owl:Organisation", "dbpSpecificClasses": "dbpedia-owl:Organisation", "confidence": 0.69}, {"indices": [153, 169], "inst": "http://dbpedia.org/resource/Shirley_Chisholm", "dbpInterestingClasses": "dbpedia-owl:Person", "dbpSpecificClasses": "dbpedia-owl:Politician", "confidence": 0.855}, {"indices": [225, 236], "inst": "http://dbpedia.org/resource/Regina_King", "dbpInterestingClasses": "dbpedia-owl:Person", "dbpSpecificClasses": "dbpedia-owl:Actor", "confidence": 0.8325}]}}