{"text": "Bernie Sanders Wants A Shorter Workweek, Plus Career Advice From SXSW. The four-day workweek is back on the table as Sen. Bernie Sanders (I-Vt.) introduced legislation that would formalize a 32-hour workweek in the United States.", "entities": {"Mention": [{"indices": [0, 14], "inst": "http://dbpedia.org/resource/Bernie_Sanders", "dbpInterestingClasses": "dbpedia-owl:Person", "dbpSpecificClasses": "dbpedia-owl:President", "confidence": 0.65}, {"indices": [46, 59], "inst": "http://dbpedia.org/resource/Career_counseling", "dbpInterestingClasses": "owl:Thing", "dbpSpecificClasses": "owl:Thing", "confidence": -0.828}, {"indices": [140, 142], "inst": "http://dbpedia.org/resource/Vermont", "dbpInterestingClasses": "dbpedia-owl:PopulatedPlace", "dbpSpecificClasses": "dbpedia-owl:AdministrativeRegion", "confidence": -0.5881974317817015}]}}