{"text": "4/2/24. Hi, y'all! Wisconsin's Democratic governor has vetoed an anti-transgender sports bill that would bar trans students from participating in sports that aligned with their gender identity. \"LGBTQ kids deserve our love and respect and support just like any othe\u2026", "entities": {"Mention": [{"indices": [19, 30], "inst": "http://dbpedia.org/resource/Wisconsin", "dbpInterestingClasses": "dbpedia-owl:PopulatedPlace", "dbpSpecificClasses": "dbpedia-owl:AdministrativeRegion", "confidence": -0.6935362100537539}, {"indices": [177, 192], "inst": "http://dbpedia.org/resource/Gender_identity", "dbpInterestingClasses": "dbpedia-owl:Person", "dbpSpecificClasses": "dbpedia-owl:Person", "confidence": -0.81}]}}