{"text": "Kansas governor vetoes a ban on gender-affirming care; GOP vows override. The bill would ban hormone therapy, puberty blockers and gender reassignment surgery for people under 18. A potential override vote has a slim margin for victory.", "entities": {"Mention": [{"indices": [0, 15], "inst": "http://dbpedia.org/resource/Governor_of_Kansas", "dbpInterestingClasses": "owl:Thing", "dbpSpecificClasses": "owl:Thing", "confidence": -0.8889555545730677}, {"indices": [55, 58], "inst": "http://dbpedia.org/resource/Republican_Party_(United_States)", "dbpInterestingClasses": "dbpedia-owl:Organisation", "dbpSpecificClasses": "dbpedia-owl:PoliticalParty", "confidence": 0.6100000000000005}, {"indices": [110, 126], "inst": "http://dbpedia.org/resource/Puberty_blocker", "dbpInterestingClasses": "owl:Thing", "dbpSpecificClasses": "owl:Thing", "confidence": -0.8183333333333335}, {"indices": [131, 158], "inst": "http://dbpedia.org/resource/Sex_reassignment_surgery", "dbpInterestingClasses": "owl:Thing", "dbpSpecificClasses": "owl:Thing", "confidence": -0.61}]}}