{"text": "Beyonc\u00e9's 'Cowboy Carter' spotlights Black country music pioneer Linda Martell. Beyonc\u00e9\u2019s new album, \u201cCowboy Carter,\u201d has shined a light on Linda Martell, a Black country music pioneer that many people may not know.", "entities": {"Mention": [{"indices": [0, 9], "inst": "http://dbpedia.org/resource/Beyonc\u00e9", "dbpInterestingClasses": "dbpedia-owl:Person", "dbpSpecificClasses": "dbpedia-owl:Singer", "confidence": -0.5849999999999929}, {"indices": [37, 50], "inst": "http://dbpedia.org/resource/Black_Country", "dbpInterestingClasses": "owl:Thing", "dbpSpecificClasses": "owl:Thing", "confidence": -0.615}, {"indices": [65, 78], "inst": "http://dbpedia.org/resource/Linda_Martell", "dbpInterestingClasses": "dbpedia-owl:Person", "dbpSpecificClasses": "dbpedia-owl:Person", "confidence": 0.57}, {"indices": [80, 89], "inst": "http://dbpedia.org/resource/Beyonc\u00e9", "dbpInterestingClasses": "dbpedia-owl:Person", "dbpSpecificClasses": "dbpedia-owl:Singer", "confidence": -0.6104761904761904}, {"indices": [140, 153], "inst": "http://dbpedia.org/resource/Linda_Martell", "dbpInterestingClasses": "dbpedia-owl:Person", "dbpSpecificClasses": "dbpedia-owl:Person", "confidence": 0.57}, {"indices": [157, 170], "inst": "http://dbpedia.org/resource/Black_Country", "dbpInterestingClasses": "owl:Thing", "dbpSpecificClasses": "owl:Thing", "confidence": -0.615}]}}