{"text": "Tennessee bill would permit anti-LGBTQ+ foster and adoptee parents. The Tennessee state Senate on Tuesday passed legislation that would bar the state from excluding foster and adopting parents because of their religious or moral beliefs, including on matters of sexual and gender identity.", "entities": {"Mention": [{"indices": [0, 9], "inst": "http://dbpedia.org/resource/Tennessee", "dbpInterestingClasses": "dbpedia-owl:PopulatedPlace", "dbpSpecificClasses": "dbpedia-owl:AdministrativeRegion", "confidence": -0.5092307692307692}, {"indices": [33, 39], "inst": "http://dbpedia.org/resource/LGBT", "dbpInterestingClasses": "dbpedia-owl:Person", "dbpSpecificClasses": "dbpedia-owl:Person", "confidence": -0.5228095238095238}, {"indices": [72, 87], "inst": "http://dbpedia.org/resource/Tennessee_State_University", "dbpInterestingClasses": "dbpedia-owl:Organisation", "dbpSpecificClasses": "dbpedia-owl:College", "confidence": -0.7517142857142858}, {"indices": [273, 288], "inst": "http://dbpedia.org/resource/Gender_identity", "dbpInterestingClasses": "dbpedia-owl:Person", "dbpSpecificClasses": "dbpedia-owl:Person", "confidence": -0.81}]}}