{"text": "Entrepreneur Organizations That Can Help Leaders Succeed. With constant innovation in the business landscape, there will always be a need for entrepreneurs to expand their network and improve at what they do.", "entities": {"Mention": [{"indices": [0, 12], "inst": "http://dbpedia.org/resource/Entrepreneurship", "dbpInterestingClasses": "owl:Thing", "dbpSpecificClasses": "owl:Thing", "confidence": -0.5999999999999981}, {"indices": [13, 26], "inst": "http://dbpedia.org/resource/Organization", "dbpInterestingClasses": "dbpedia-owl:Person", "dbpSpecificClasses": "dbpedia-owl:Person", "confidence": -0.83}]}}