{"text": "John Cena says he used to stand up for his gay older brother growing up. Wrestling champion and actor John Cena had an early education in fighting as a kid, with some of his earliest battles coming while he was defending himself and his gay older brother.", "entities": {"Mention": [{"indices": [0, 9], "inst": "http://dbpedia.org/resource/John_Cena", "dbpInterestingClasses": "dbpedia-owl:Person", "dbpSpecificClasses": "dbpedia-owl:Film|dbpedia-owl:Wrestler|dbpedia-owl:Artist", "confidence": 0.8}, {"indices": [102, 111], "inst": "http://dbpedia.org/resource/John_Cena", "dbpInterestingClasses": "dbpedia-owl:Person", "dbpSpecificClasses": "dbpedia-owl:Film|dbpedia-owl:Wrestler|dbpedia-owl:Artist", "confidence": 0.8}]}}