{"text": "Impact Of The NBA\u2019s Basketball Africa League Is Already Bearing Fruit. When I spoke to the President of the BAL, Amadou Gallo Fall, also known by the moniker \"The Godfather of Basketball in Africa\" \u2013 you could tell that the league was the...", "entities": {"Mention": [{"indices": [14, 19], "inst": "http://dbpedia.org/resource/National_Basketball_Association", "dbpInterestingClasses": "dbpedia-owl:Organisation", "dbpSpecificClasses": "dbpedia-owl:SportsLeague|dbpedia-owl:SportsEvent", "confidence": 0.6155}, {"indices": [20, 30], "inst": "http://dbpedia.org/resource/Basketball", "dbpInterestingClasses": "", "dbpSpecificClasses": "dbpedia-owl:Sport", "confidence": -0.6}, {"indices": [31, 37], "inst": "http://dbpedia.org/resource/Africa", "dbpInterestingClasses": "dbpedia-owl:PopulatedPlace|dbpedia-owl:Person", "dbpSpecificClasses": "dbpedia-owl:Continent|dbpedia-owl:Person", "confidence": -0.6}, {"indices": [176, 186], "inst": "http://dbpedia.org/resource/Basketball", "dbpInterestingClasses": "", "dbpSpecificClasses": "dbpedia-owl:Sport", "confidence": -0.6}, {"indices": [190, 196], "inst": "http://dbpedia.org/resource/Africa", "dbpInterestingClasses": "dbpedia-owl:PopulatedPlace|dbpedia-owl:Person", "dbpSpecificClasses": "dbpedia-owl:Continent|dbpedia-owl:Person", "confidence": -0.6}]}}