{"text": "Women\u2019s History Month - Black Female Principal\u2019s Ouster In 1906 Echoes Today. When Anna Julia Cooper was principal of M Street High School in DC in 1892, her students outperformed even the White schools. So the White Board of Education fired her.", "entities": {"Mention": [{"indices": [83, 100], "inst": "http://dbpedia.org/resource/Anna_J._Cooper", "dbpInterestingClasses": "dbpedia-owl:Person", "dbpSpecificClasses": "dbpedia-owl:Writer", "confidence": 0.8891666666666667}, {"indices": [118, 138], "inst": "http://dbpedia.org/resource/Dunbar_High_School_(Washington,_D.C.)", "dbpInterestingClasses": "dbpedia-owl:Organisation", "dbpSpecificClasses": "dbpedia-owl:School", "confidence": 0.5373333333333329}, {"indices": [189, 194], "inst": "http://dbpedia.org/resource/Race_and_ethnicity_in_the_United_States_Census", "dbpInterestingClasses": "owl:Thing", "dbpSpecificClasses": "owl:Thing", "confidence": -0.659999999999998}, {"indices": [211, 222], "inst": "http://dbpedia.org/resource/Whiteboard", "dbpInterestingClasses": "owl:Thing", "dbpSpecificClasses": "owl:Thing", "confidence": -0.7219004329004329}]}}