{"text": "Gov. Kathy Hochul orders New York landmarks lit up in trans flag colors on Easter Sunday for Transgender Day of Visibility, including one World Trade Center and Niagara Falls. New York Governor Kathy Hochul (D) issued a proclamation Saturday declaring March 31, Easter Sunday, to be Transgender Visibility Day and ordered state landmarks including One World Trade Center in New York City and Niagara Falls to be illuminated in the colo\u2026", "entities": {"Mention": [{"indices": [5, 17], "inst": "http://dbpedia.org/resource/Kathy_Hochul", "dbpInterestingClasses": "dbpedia-owl:Person", "dbpSpecificClasses": "dbpedia-owl:Politician", "confidence": 0.9075}, {"indices": [25, 33], "inst": "http://dbpedia.org/resource/New_York", "dbpInterestingClasses": "dbpedia-owl:PopulatedPlace", "dbpSpecificClasses": "dbpedia-owl:AdministrativeRegion", "confidence": -0.54}, {"indices": [134, 156], "inst": "http://dbpedia.org/resource/One_World_Trade_Center", "dbpInterestingClasses": "", "dbpSpecificClasses": "dbpedia-owl:Skyscraper", "confidence": -0.859788887906401}, {"indices": [161, 174], "inst": "http://dbpedia.org/resource/Niagara_Falls", "dbpInterestingClasses": "dbpedia-owl:Person", "dbpSpecificClasses": "dbpedia-owl:Location|dbpedia-owl:Work|dbpedia-owl:Person", "confidence": -0.73}, {"indices": [176, 193], "inst": "http://dbpedia.org/resource/Governor_of_New_York", "dbpInterestingClasses": "owl:Thing", "dbpSpecificClasses": "owl:Thing", "confidence": -0.6}, {"indices": [194, 206], "inst": "http://dbpedia.org/resource/Kathy_Hochul", "dbpInterestingClasses": "dbpedia-owl:Person", "dbpSpecificClasses": "dbpedia-owl:Politician", "confidence": 0.9075}, {"indices": [348, 370], "inst": "http://dbpedia.org/resource/One_World_Trade_Center", "dbpInterestingClasses": "", "dbpSpecificClasses": "dbpedia-owl:Skyscraper", "confidence": -0.809788887906401}, {"indices": [392, 405], "inst": "http://dbpedia.org/resource/Niagara_Falls", "dbpInterestingClasses": "dbpedia-owl:Person", "dbpSpecificClasses": "dbpedia-owl:Location|dbpedia-owl:Work|dbpedia-owl:Person", "confidence": -0.73}]}}