{"text": "Connecting Ecosystems: London-Based Fund Taps Into Ukraine\u2019s Startups. Launched this week, a London-based fund is backing Ukrainian and CEE startups. What can Ukraine's startups offer and is there scope to connect the ecosystems?", "entities": {"Mention": [{"indices": [23, 35], "inst": "http://dbpedia.org/resource/London", "dbpInterestingClasses": "dbpedia-owl:PopulatedPlace", "dbpSpecificClasses": "dbpedia-owl:GovernmentalAdministrativeRegion|dbpedia-owl:City", "confidence": 0.6933333333333339}, {"indices": [51, 60], "inst": "http://dbpedia.org/resource/Ukraine", "dbpInterestingClasses": "dbpedia-owl:PopulatedPlace", "dbpSpecificClasses": "dbpedia-owl:Country", "confidence": 0.6366666666666673}, {"indices": [93, 105], "inst": "http://dbpedia.org/resource/London", "dbpInterestingClasses": "dbpedia-owl:PopulatedPlace", "dbpSpecificClasses": "dbpedia-owl:GovernmentalAdministrativeRegion|dbpedia-owl:City", "confidence": 0.6933333333333339}, {"indices": [159, 168], "inst": "http://dbpedia.org/resource/Ukraine", "dbpInterestingClasses": "dbpedia-owl:PopulatedPlace", "dbpSpecificClasses": "dbpedia-owl:Country", "confidence": 0.5600000000000006}]}}