{"text": "Rwandan leader blames the world\u2019s inaction as his country commemorates the 1994 genocide with lingering scars. Rwandan President Paul Kagame blamed the inaction of the international community for allowing the 1994 genocide to happen as Rwandans on Sunday commemorated 30 years since an estimated 800,000 people were killed by government-backed extremists.", "entities": {"Mention": [{"indices": [0, 7], "inst": "http://dbpedia.org/resource/Rwanda", "dbpInterestingClasses": "dbpedia-owl:PopulatedPlace", "dbpSpecificClasses": "dbpedia-owl:Country", "confidence": 0.5800000000000001}, {"indices": [111, 128], "inst": "http://dbpedia.org/resource/Agathe_Uwilingiyimana", "dbpInterestingClasses": "dbpedia-owl:Person", "dbpSpecificClasses": "dbpedia-owl:Politician", "confidence": -0.5691428571428571}, {"indices": [129, 140], "inst": "http://dbpedia.org/resource/Paul_Kagame", "dbpInterestingClasses": "dbpedia-owl:Person", "dbpSpecificClasses": "dbpedia-owl:President", "confidence": 0.845}, {"indices": [236, 244], "inst": "http://dbpedia.org/resource/Rwanda", "dbpInterestingClasses": "dbpedia-owl:PopulatedPlace", "dbpSpecificClasses": "dbpedia-owl:Country", "confidence": 0.5333333333333333}]}}