{"text": "Why London Remains The Student Capital Of The World. \u201cBeing based in London, the political, business, and tech capital provides a unique advantage,\u201d explains Stephen Bach, the Executive Dean of King\u2019s Business School.", "entities": {"Mention": [{"indices": [23, 30], "inst": "http://dbpedia.org/resource/Student", "dbpInterestingClasses": "owl:Thing", "dbpSpecificClasses": "owl:Thing", "confidence": -0.86}, {"indices": [69, 75], "inst": "http://dbpedia.org/resource/London", "dbpInterestingClasses": "dbpedia-owl:PopulatedPlace", "dbpSpecificClasses": "dbpedia-owl:GovernmentalAdministrativeRegion|dbpedia-owl:City", "confidence": 0.53}, {"indices": [158, 170], "inst": "http://dbpedia.org/resource/Stephen_Bach", "dbpInterestingClasses": "owl:Thing", "dbpSpecificClasses": "owl:Thing", "confidence": -0.8491071428571427}, {"indices": [176, 190], "inst": "http://dbpedia.org/resource/Dean_(education)", "dbpInterestingClasses": "owl:Thing", "dbpSpecificClasses": "owl:Thing", "confidence": -0.665142857142857}, {"indices": [201, 216], "inst": "http://dbpedia.org/resource/Business_school", "dbpInterestingClasses": "", "dbpSpecificClasses": "dbpedia-owl:Work", "confidence": -0.84}]}}