{"text": "Gigafact Fights Spread Of Misinformation Ahead Of Election. Gigafact, a nonprofit organization, aims to combat misinformation in the media by equipping nonpartisan local and regional newsrooms with funding, training, and tools.", "entities": {"Mention": [{"indices": [26, 40], "inst": "http://dbpedia.org/resource/Misinformation", "dbpInterestingClasses": "owl:Thing", "dbpSpecificClasses": "owl:Thing", "confidence": -0.88}, {"indices": [72, 94], "inst": "http://dbpedia.org/resource/Nonprofit_organization", "dbpInterestingClasses": "dbpedia-owl:Person", "dbpSpecificClasses": "dbpedia-owl:Person", "confidence": 0.5483333333333333}]}}