{"text": "Boeing\u2019s Succession Quest: Is It Time For A Woman CEO?. Stephanie Pope is an oft mentioned contender to succeed Dave Calhoun at Boeing. Would she bring a female leadership advantage in this time of crisis?", "entities": {"Mention": [{"indices": [0, 8], "inst": "http://dbpedia.org/resource/Boeing", "dbpInterestingClasses": "dbpedia-owl:Organisation", "dbpSpecificClasses": "dbpedia-owl:Organisation", "confidence": 0.5521904761904762}, {"indices": [56, 70], "inst": "http://dbpedia.org/resource/Stephanie_Pope", "dbpInterestingClasses": "owl:Thing", "dbpSpecificClasses": "owl:Thing", "confidence": -0.7916666666666667}, {"indices": [112, 124], "inst": "http://dbpedia.org/resource/Dave_Calhoun", "dbpInterestingClasses": "dbpedia-owl:Person", "dbpSpecificClasses": "dbpedia-owl:Person", "confidence": 0.6985185185185184}, {"indices": [128, 134], "inst": "http://dbpedia.org/resource/Boeing", "dbpInterestingClasses": "dbpedia-owl:Organisation", "dbpSpecificClasses": "dbpedia-owl:Organisation", "confidence": 0.66}]}}