{"text": "Germany: Bundestag to vote on gender self-determination law. German parliamentarians are to vote on a law that will make it easier to change gender identities and first names. Many trans people find the current lengthy procedures humiliating.", "entities": {"Mention": [{"indices": [0, 8], "inst": "http://dbpedia.org/resource/States_of_Germany", "dbpInterestingClasses": "dbpedia-owl:Person", "dbpSpecificClasses": "dbpedia-owl:Person", "confidence": -0.5813095238095238}, {"indices": [37, 55], "inst": "http://dbpedia.org/resource/Self-determination", "dbpInterestingClasses": "dbpedia-owl:Person", "dbpSpecificClasses": "dbpedia-owl:Person", "confidence": -0.75}, {"indices": [141, 158], "inst": "http://dbpedia.org/resource/Gender_identity", "dbpInterestingClasses": "dbpedia-owl:Person", "dbpSpecificClasses": "dbpedia-owl:Person", "confidence": 0.5163333333333333}]}}