{"text": "Meet Will Wooten, the gay lawyer on the team prosecuting Donald Trump in Georgia. In the pivotal Georgia election interference case against former President Donald Trump, Deputy District Attorney Will Wooten, who joined the Fulton County District Attorney\u2019s Office in January 2021, has been central in addressing complex legal issues.", "entities": {"Mention": [{"indices": [57, 69], "inst": "http://dbpedia.org/resource/Donald_Trump", "dbpInterestingClasses": "dbpedia-owl:Person", "dbpSpecificClasses": "dbpedia-owl:Person|dbpedia-owl:Book", "confidence": 0.77}, {"indices": [73, 80], "inst": "http://dbpedia.org/resource/Georgia_(U.S._state)", "dbpInterestingClasses": "dbpedia-owl:PopulatedPlace", "dbpSpecificClasses": "dbpedia-owl:AdministrativeRegion", "confidence": -0.66}, {"indices": [97, 104], "inst": "http://dbpedia.org/resource/Georgia_(U.S._state)", "dbpInterestingClasses": "dbpedia-owl:PopulatedPlace", "dbpSpecificClasses": "dbpedia-owl:AdministrativeRegion", "confidence": -0.66}, {"indices": [157, 169], "inst": "http://dbpedia.org/resource/Donald_Trump", "dbpInterestingClasses": "dbpedia-owl:Person", "dbpSpecificClasses": "dbpedia-owl:Person|dbpedia-owl:Book", "confidence": 0.77}, {"indices": [171, 195], "inst": "http://dbpedia.org/resource/District_attorney", "dbpInterestingClasses": "owl:Thing", "dbpSpecificClasses": "owl:Thing", "confidence": -0.6678095238095239}, {"indices": [224, 237], "inst": "http://dbpedia.org/resource/Fulton_County,_Georgia", "dbpInterestingClasses": "dbpedia-owl:PopulatedPlace", "dbpSpecificClasses": "dbpedia-owl:AdministrativeRegion", "confidence": 0.5470358974358974}, {"indices": [238, 264], "inst": "http://dbpedia.org/resource/New_York_County_District_Attorney", "dbpInterestingClasses": "owl:Thing", "dbpSpecificClasses": "owl:Thing", "confidence": -0.7138095238095238}]}}