{"text": "Harvard among more than a dozen schools to receive failing grade on ADL's Campus Antisemitism Report Card. The Anti-Defamation League gave Harvard University and 12 other schools a failing grade for policies to protect Jewish students from antisemitism on campus.", "entities": {"Mention": [{"indices": [0, 7], "inst": "http://dbpedia.org/resource/Harvard_University", "dbpInterestingClasses": "dbpedia-owl:Organisation", "dbpSpecificClasses": "dbpedia-owl:College", "confidence": 0.5507692307692308}, {"indices": [68, 71], "inst": "http://dbpedia.org/resource/Anti-Defamation_League", "dbpInterestingClasses": "dbpedia-owl:Organisation|dbpedia-owl:Person", "dbpSpecificClasses": "dbpedia-owl:Location|dbpedia-owl:Organisation|dbpedia-owl:Person", "confidence": -0.742}, {"indices": [74, 80], "inst": "http://dbpedia.org/resource/Campus", "dbpInterestingClasses": "dbpedia-owl:Person", "dbpSpecificClasses": "dbpedia-owl:Person", "confidence": -0.82}, {"indices": [81, 93], "inst": "http://dbpedia.org/resource/Antisemitism", "dbpInterestingClasses": "dbpedia-owl:Person", "dbpSpecificClasses": "dbpedia-owl:Person|dbpedia-owl:Book", "confidence": -0.536}, {"indices": [111, 133], "inst": "http://dbpedia.org/resource/Anti-Defamation_League", "dbpInterestingClasses": "dbpedia-owl:Organisation|dbpedia-owl:Person", "dbpSpecificClasses": "dbpedia-owl:Location|dbpedia-owl:Organisation|dbpedia-owl:Person", "confidence": 0.5718421052631579}, {"indices": [139, 157], "inst": "http://dbpedia.org/resource/Harvard_University", "dbpInterestingClasses": "dbpedia-owl:Organisation", "dbpSpecificClasses": "dbpedia-owl:College", "confidence": 0.71}]}}