{"text": "Exclusive \u2013\u00a0Sen. J.D. Vance Files Brief in Ohio Lawsuit Against Google. Sen. J.D. Vance (R-OH) filed a brief in favor of Attorney General Yost's case against Google, arguing that the big tech platform should be regulated like a common carrier, Breitbart News has learned exclusively.", "entities": {"Mention": [{"indices": [17, 21], "inst": "http://dbpedia.org/resource/Juris_Doctor", "dbpInterestingClasses": "owl:Thing", "dbpSpecificClasses": "owl:Thing", "confidence": -0.74}, {"indices": [43, 47], "inst": "http://dbpedia.org/resource/Ohio", "dbpInterestingClasses": "dbpedia-owl:PopulatedPlace", "dbpSpecificClasses": "dbpedia-owl:AdministrativeRegion", "confidence": 0.57}, {"indices": [48, 55], "inst": "http://dbpedia.org/resource/Lawsuit", "dbpInterestingClasses": "owl:Thing", "dbpSpecificClasses": "owl:Thing", "confidence": -0.7}, {"indices": [64, 70], "inst": "http://dbpedia.org/resource/Google", "dbpInterestingClasses": "dbpedia-owl:Organisation", "dbpSpecificClasses": "dbpedia-owl:Organisation", "confidence": 0.66}, {"indices": [77, 81], "inst": "http://dbpedia.org/resource/Juris_Doctor", "dbpInterestingClasses": "owl:Thing", "dbpSpecificClasses": "owl:Thing", "confidence": -0.74}, {"indices": [138, 144], "inst": "http://dbpedia.org/resource/Fielding_H._Yost", "dbpInterestingClasses": "dbpedia-owl:Person", "dbpSpecificClasses": "dbpedia-owl:Coach", "confidence": 0.5485023041474655}, {"indices": [158, 164], "inst": "http://dbpedia.org/resource/Google", "dbpInterestingClasses": "dbpedia-owl:Organisation", "dbpSpecificClasses": "dbpedia-owl:Organisation", "confidence": 0.67}, {"indices": [228, 242], "inst": "http://dbpedia.org/resource/Common_carrier", "dbpInterestingClasses": "owl:Thing", "dbpSpecificClasses": "owl:Thing", "confidence": -0.72}, {"indices": [244, 258], "inst": "http://dbpedia.org/resource/Breitbart_News_Network", "dbpInterestingClasses": "", "dbpSpecificClasses": "dbpedia-owl:Website", "confidence": 0.595}]}}