{"text": "GOP Rep. Nancy Mace gets roasted for attacking her state\u2019s NCAA champion Dawn Staley on transgender players. The University of South Carolina celebrated its third national championship under the guidance of famed coach Dawn Staley on Sunday in a remarkable victory over the Iowa Hawkeyes. However, the achievement was overshadowed in some circles by a contentious deba\u2026", "entities": {"Mention": [{"indices": [0, 3], "inst": "http://dbpedia.org/resource/Republican_Party_(United_States)", "dbpInterestingClasses": "dbpedia-owl:Organisation", "dbpSpecificClasses": "dbpedia-owl:PoliticalParty", "confidence": 0.6100000000000005}, {"indices": [9, 19], "inst": "http://dbpedia.org/resource/Nancy_Mace", "dbpInterestingClasses": "dbpedia-owl:Person", "dbpSpecificClasses": "dbpedia-owl:Person", "confidence": 0.91}, {"indices": [73, 84], "inst": "http://dbpedia.org/resource/Dawn_Staley", "dbpInterestingClasses": "dbpedia-owl:Person", "dbpSpecificClasses": "dbpedia-owl:BasketballPlayer", "confidence": 0.8575}, {"indices": [113, 141], "inst": "http://dbpedia.org/resource/University_of_South_Carolina", "dbpInterestingClasses": "dbpedia-owl:Organisation", "dbpSpecificClasses": "dbpedia-owl:Location|dbpedia-owl:College", "confidence": -0.62}, {"indices": [219, 230], "inst": "http://dbpedia.org/resource/Dawn_Staley", "dbpInterestingClasses": "dbpedia-owl:Person", "dbpSpecificClasses": "dbpedia-owl:BasketballPlayer", "confidence": 0.8475}]}}