{"text": "The Unkillable Appeal of Multilevel Marketing. Jessica Winter reviews two books that offer critical takes on multilevel-marketing companies: Jane Marie\u2019s \u201cSelling the Dream\u201d and Emily Lynn Paulson\u2019s \u201cHey, Hun.\u201d", "entities": {"Mention": [{"indices": [15, 21], "inst": "http://dbpedia.org/resource/Appeal", "dbpInterestingClasses": "owl:Thing", "dbpSpecificClasses": "owl:Thing", "confidence": -0.83}, {"indices": [25, 45], "inst": "http://dbpedia.org/resource/Multi-level_marketing", "dbpInterestingClasses": "", "dbpSpecificClasses": "dbpedia-owl:Book", "confidence": 0.61}, {"indices": [47, 61], "inst": "http://dbpedia.org/resource/Jessica_Winter", "dbpInterestingClasses": "owl:Thing", "dbpSpecificClasses": "owl:Thing", "confidence": -0.8583333333333333}]}}