{"text": "4 Blue Startups-Supported Female Founders Making Waves In Hawai\u2019i. Hawai\u2019i is rapidly becoming a hub for innovation thanks in part to the efforts of Blue Startups, an accelerator supporting these 4 tech-driven female-founded businesses.", "entities": {"Mention": [{"indices": [2, 15], "inst": "http://dbpedia.org/resource/Blue_Startups", "dbpInterestingClasses": "dbpedia-owl:Organisation", "dbpSpecificClasses": "dbpedia-owl:Organisation", "confidence": 0.83}, {"indices": [58, 65], "inst": "http://dbpedia.org/resource/Hawaii", "dbpInterestingClasses": "dbpedia-owl:PopulatedPlace", "dbpSpecificClasses": "dbpedia-owl:AdministrativeRegion", "confidence": -0.5933486943164362}, {"indices": [67, 74], "inst": "http://dbpedia.org/resource/Hawaii", "dbpInterestingClasses": "dbpedia-owl:PopulatedPlace", "dbpSpecificClasses": "dbpedia-owl:AdministrativeRegion", "confidence": -0.5933486943164362}, {"indices": [149, 162], "inst": "http://dbpedia.org/resource/Blue_Startups", "dbpInterestingClasses": "dbpedia-owl:Organisation", "dbpSpecificClasses": "dbpedia-owl:Organisation", "confidence": 0.83}]}}