{"text": "Disney Wins Proxy Fight With Peltz\u2014But Here\u2019s Why It Still Has To Worry. \u201cIf circumstances get tougher at Disney, proxy battles could persist,\u201d warned one analyst, indicative of the long-term headaches facing the entertainment conglomerate.", "entities": {"Mention": [{"indices": [0, 6], "inst": "http://dbpedia.org/resource/The_Walt_Disney_Company", "dbpInterestingClasses": "dbpedia-owl:Organisation", "dbpSpecificClasses": "dbpedia-owl:Organisation", "confidence": 0.57}, {"indices": [12, 23], "inst": "http://dbpedia.org/resource/Proxy_fight", "dbpInterestingClasses": "owl:Thing", "dbpSpecificClasses": "owl:Thing", "confidence": -0.6790909090909091}, {"indices": [106, 112], "inst": "http://dbpedia.org/resource/The_Walt_Disney_Company", "dbpInterestingClasses": "dbpedia-owl:Organisation", "dbpSpecificClasses": "dbpedia-owl:Organisation", "confidence": 0.57}, {"indices": [114, 127], "inst": "http://dbpedia.org/resource/Proxy_fight", "dbpInterestingClasses": "owl:Thing", "dbpSpecificClasses": "owl:Thing", "confidence": -0.5762337662337662}]}}