{"text": "'SNL' sends up the NPR Tiny Desk with an intern who pleads, 'keep the ruckus down'. Saturday Night Live poked fun at NPR's Tiny Desk this weekend, with Bowen Yang playing the part of an aggravated intern who just wants the band to keep it down so he can get back to work.", "entities": {"Mention": [{"indices": [1, 4], "inst": "http://dbpedia.org/resource/Saturday_Night_Live", "dbpInterestingClasses": "", "dbpSpecificClasses": "dbpedia-owl:TelevisionShow", "confidence": -0.7299999999999999}, {"indices": [28, 32], "inst": "http://dbpedia.org/resource/Desk", "dbpInterestingClasses": "owl:Thing", "dbpSpecificClasses": "owl:Thing", "confidence": -0.85}, {"indices": [117, 122], "inst": "http://dbpedia.org/resource/NPR", "dbpInterestingClasses": "dbpedia-owl:Organisation|dbpedia-owl:Person", "dbpSpecificClasses": "dbpedia-owl:Location|dbpedia-owl:BroadcastNetwork|dbpedia-owl:Person", "confidence": -0.5825806451612903}]}}