{"text": "Democrat Rep. Val Hoyle Brags About Lecturing 'Conservative Areas of My District' on Merits of Biden's Open Border. Rep. Val Hoyle (D-OR) said she lectures the \u201cconservative areas of my district\u201d on the necessity of Biden\u2019s open border because illegal immigrants must be imported to do menial labor.\nThe post Democrat Rep. Val Hoyle Brags About Lecturing \u2018Conservative Areas \u2026", "entities": {"Mention": [{"indices": [0, 8], "inst": "http://dbpedia.org/resource/Democratic_Party_(United_States)", "dbpInterestingClasses": "dbpedia-owl:Organisation|dbpedia-owl:Person", "dbpSpecificClasses": "dbpedia-owl:PoliticalParty|dbpedia-owl:Person", "confidence": -0.59}, {"indices": [14, 23], "inst": "http://dbpedia.org/resource/Val_Hoyle", "dbpInterestingClasses": "dbpedia-owl:Person", "dbpSpecificClasses": "dbpedia-owl:Person", "confidence": 0.742}, {"indices": [95, 102], "inst": "http://dbpedia.org/resource/Joe_Biden", "dbpInterestingClasses": "dbpedia-owl:Person", "dbpSpecificClasses": "dbpedia-owl:President|dbpedia-owl:VicePresident", "confidence": 0.5019047619047619}, {"indices": [103, 114], "inst": "http://dbpedia.org/resource/Open_border", "dbpInterestingClasses": "owl:Thing", "dbpSpecificClasses": "owl:Thing", "confidence": -0.7616666666666667}, {"indices": [121, 130], "inst": "http://dbpedia.org/resource/Val_Hoyle", "dbpInterestingClasses": "dbpedia-owl:Person", "dbpSpecificClasses": "dbpedia-owl:Person", "confidence": 0.91}, {"indices": [216, 221], "inst": "http://dbpedia.org/resource/Joe_Biden", "dbpInterestingClasses": "dbpedia-owl:Person", "dbpSpecificClasses": "dbpedia-owl:President|dbpedia-owl:VicePresident", "confidence": 0.58}, {"indices": [244, 262], "inst": "http://dbpedia.org/resource/Illegal_immigration", "dbpInterestingClasses": "", "dbpSpecificClasses": "dbpedia-owl:Work", "confidence": -0.6916666666666665}, {"indices": [309, 317], "inst": "http://dbpedia.org/resource/Democratic_Party_(United_States)", "dbpInterestingClasses": "dbpedia-owl:Organisation|dbpedia-owl:Person", "dbpSpecificClasses": "dbpedia-owl:PoliticalParty|dbpedia-owl:Person", "confidence": -0.59}, {"indices": [323, 332], "inst": "http://dbpedia.org/resource/Val_Hoyle", "dbpInterestingClasses": "dbpedia-owl:Person", "dbpSpecificClasses": "dbpedia-owl:Person", "confidence": 0.742}]}}