{"text": "Hillary Clinton partners with 'Hamilton' star Lin-Manuel Miranda to host Broadway fundraiser for Biden. Hillary Clinton is teaming up with Lin-Manuel Miranda and using a performance of her musical \"Suffs\" to fundraise for the President Biden's reelection campaign.", "entities": {"Mention": [{"indices": [0, 15], "inst": "http://dbpedia.org/resource/Hillary_Clinton", "dbpInterestingClasses": "dbpedia-owl:Person", "dbpSpecificClasses": "dbpedia-owl:President", "confidence": 0.78}, {"indices": [46, 64], "inst": "http://dbpedia.org/resource/Lin-Manuel_Miranda", "dbpInterestingClasses": "dbpedia-owl:Person", "dbpSpecificClasses": "dbpedia-owl:Actor", "confidence": 0.7215}, {"indices": [73, 81], "inst": "http://dbpedia.org/resource/Broadway_theatre", "dbpInterestingClasses": "", "dbpSpecificClasses": "dbpedia-owl:Location", "confidence": -0.64}, {"indices": [97, 102], "inst": "http://dbpedia.org/resource/Joe_Biden", "dbpInterestingClasses": "dbpedia-owl:Person", "dbpSpecificClasses": "dbpedia-owl:President|dbpedia-owl:VicePresident", "confidence": 0.58}, {"indices": [104, 119], "inst": "http://dbpedia.org/resource/Hillary_Clinton", "dbpInterestingClasses": "dbpedia-owl:Person", "dbpSpecificClasses": "dbpedia-owl:President", "confidence": 0.78}, {"indices": [139, 157], "inst": "http://dbpedia.org/resource/Lin-Manuel_Miranda", "dbpInterestingClasses": "dbpedia-owl:Person", "dbpSpecificClasses": "dbpedia-owl:Actor", "confidence": 0.7215}, {"indices": [236, 243], "inst": "http://dbpedia.org/resource/Joe_Biden", "dbpInterestingClasses": "dbpedia-owl:Person", "dbpSpecificClasses": "dbpedia-owl:President|dbpedia-owl:VicePresident", "confidence": 0.5293241167434716}]}}