{"text": "Melania Trump Makes Rare Fundraising Appearance: Here\u2019s Her Rare Public Outings Since Leaving The White House. A timeline of the former first lady\u2019s rare public appearances since leaving the White House in 2021.", "entities": {"Mention": [{"indices": [0, 13], "inst": "http://dbpedia.org/resource/Melania_Trump", "dbpInterestingClasses": "dbpedia-owl:Person", "dbpSpecificClasses": "dbpedia-owl:Person", "confidence": 0.573}, {"indices": [86, 109], "inst": "http://dbpedia.org/resource/Watergate_scandal", "dbpInterestingClasses": "dbpedia-owl:Person", "dbpSpecificClasses": "dbpedia-owl:Person", "confidence": -0.5256428571428572}, {"indices": [179, 202], "inst": "http://dbpedia.org/resource/Watergate_scandal", "dbpInterestingClasses": "dbpedia-owl:Person", "dbpSpecificClasses": "dbpedia-owl:Person", "confidence": -0.5256428571428572}]}}