{"text": "RFK Jr. Will Likely Pick Nicole Shanahan As Running Mate Today: Tech Lawyer Once Married To Google Founder Brin. Shanahan was previously married to Google co-founder Sergey Brin and now runs a private philanthropy.", "entities": {"Mention": [{"indices": [44, 56], "inst": "http://dbpedia.org/resource/Running_mate", "dbpInterestingClasses": "owl:Thing", "dbpSpecificClasses": "owl:Thing", "confidence": -0.88}, {"indices": [166, 177], "inst": "http://dbpedia.org/resource/Sergey_Brin", "dbpInterestingClasses": "dbpedia-owl:Person", "dbpSpecificClasses": "dbpedia-owl:Scientist", "confidence": 0.8375}]}}