{"text": "How Are Scientists Saving Colombia\u2019s Delicious Native Palm Species. Colombia has a tenth of the world's palm species and scientists aim to preserve two key food species: Taparo palm (Attalea allenii) and Chontaduro (Bactris gasipaes).", "entities": {"Mention": [{"indices": [26, 36], "inst": "http://dbpedia.org/resource/Colombian_cuisine", "dbpInterestingClasses": "owl:Thing", "dbpSpecificClasses": "owl:Thing", "confidence": -0.8021428571428572}, {"indices": [59, 66], "inst": "http://dbpedia.org/resource/Species", "dbpInterestingClasses": "", "dbpSpecificClasses": "dbpedia-owl:Book", "confidence": -0.57}, {"indices": [68, 76], "inst": "http://dbpedia.org/resource/Colombia", "dbpInterestingClasses": "dbpedia-owl:PopulatedPlace", "dbpSpecificClasses": "dbpedia-owl:Country", "confidence": 0.61}, {"indices": [152, 160], "inst": "http://dbpedia.org/resource/Key_Food", "dbpInterestingClasses": "dbpedia-owl:Organisation", "dbpSpecificClasses": "dbpedia-owl:Organisation", "confidence": -0.537}, {"indices": [183, 198], "inst": "http://dbpedia.org/resource/Attalea_allenii", "dbpInterestingClasses": "owl:Thing", "dbpSpecificClasses": "owl:Thing", "confidence": -0.7055304947877745}]}}