{"text": "Applying Lessons Learned From The California Gold Rush To Generative AI. Given the magnitude of AI\u2019s potential impact, I think it\u2019s worth connecting some philosophical lessons learned from that famed gold rush era.", "entities": {"Mention": [{"indices": [34, 54], "inst": "http://dbpedia.org/resource/California_Gold_Rush", "dbpInterestingClasses": "owl:Thing", "dbpSpecificClasses": "owl:Thing", "confidence": 0.51}, {"indices": [69, 71], "inst": "http://dbpedia.org/resource/Artificial_intelligence", "dbpInterestingClasses": "dbpedia-owl:Person", "dbpSpecificClasses": "dbpedia-owl:Person|dbpedia-owl:Book", "confidence": -0.73}]}}