{"text": "Walden University Settles Lawsuit Alleging Fraud For $28.5 Million. Walden University has agreed to pay $28.5 million to settle a federal class-action lawsuit that alleged it targeted Black and female students with false advertising.", "entities": {"Mention": [{"indices": [0, 17], "inst": "http://dbpedia.org/resource/Walden_University", "dbpInterestingClasses": "dbpedia-owl:Organisation", "dbpSpecificClasses": "dbpedia-owl:College", "confidence": -0.6150714285714287}, {"indices": [26, 33], "inst": "http://dbpedia.org/resource/Lawsuit", "dbpInterestingClasses": "owl:Thing", "dbpSpecificClasses": "owl:Thing", "confidence": -0.7}, {"indices": [43, 48], "inst": "http://dbpedia.org/resource/Fraud", "dbpInterestingClasses": "", "dbpSpecificClasses": "dbpedia-owl:Book", "confidence": -0.75}, {"indices": [68, 85], "inst": "http://dbpedia.org/resource/Walden_University", "dbpInterestingClasses": "dbpedia-owl:Organisation", "dbpSpecificClasses": "dbpedia-owl:College", "confidence": 0.5419285714285713}, {"indices": [138, 158], "inst": "http://dbpedia.org/resource/Class_action", "dbpInterestingClasses": "owl:Thing", "dbpSpecificClasses": "owl:Thing", "confidence": -0.6206666666666666}, {"indices": [184, 189], "inst": "http://dbpedia.org/resource/Race_and_ethnicity_in_the_United_States_Census", "dbpInterestingClasses": "owl:Thing", "dbpSpecificClasses": "owl:Thing", "confidence": -0.68}, {"indices": [215, 232], "inst": "http://dbpedia.org/resource/False_advertising", "dbpInterestingClasses": "owl:Thing", "dbpSpecificClasses": "owl:Thing", "confidence": -0.68}]}}