{"text": "The Quiet Bomb: How DEI Went From Aspiration To Conflagration - And How To Put Out The Fire. As the Amherst School District debacle reveals, DEI needs a new approach and a radical pivot to extinguish the flames of division and the current us-versus-them fire.", "entities": {"Mention": [{"indices": [34, 44], "inst": "http://dbpedia.org/resource/Aspirated_consonant", "dbpInterestingClasses": "owl:Thing", "dbpSpecificClasses": "owl:Thing", "confidence": -0.78}, {"indices": [48, 61], "inst": "http://dbpedia.org/resource/Conflagration", "dbpInterestingClasses": "owl:Thing", "dbpSpecificClasses": "owl:Thing", "confidence": -0.8895000000000001}]}}