{"text": "He punched a journalist at a pro-Trump rally. A judge sentenced him to time served. Tyler Laube pleaded guilty last year to a misdemeanor count tied to his involvement in the Rise Above Movement, a Southern California white supremacist group...", "entities": {"Mention": [{"indices": [175, 185], "inst": "http://dbpedia.org/resource/Rise_Above_Records", "dbpInterestingClasses": "dbpedia-owl:Organisation", "dbpSpecificClasses": "dbpedia-owl:RecordLabel", "confidence": -0.6652307692307693}, {"indices": [198, 217], "inst": "http://dbpedia.org/resource/Southern_California", "dbpInterestingClasses": "dbpedia-owl:PopulatedPlace", "dbpSpecificClasses": "dbpedia-owl:PopulatedPlace", "confidence": -0.81}, {"indices": [218, 235], "inst": "http://dbpedia.org/resource/White_supremacy", "dbpInterestingClasses": "owl:Thing", "dbpSpecificClasses": "owl:Thing", "confidence": -0.76}]}}