{"text": "What\u2019s wrong with Tesla | CNN Business. Tesla last quarter posted its first annual sales decline since the pandemic \u2013 a drop that was significantly worse than expected. The company blamed a weak Chinese economy, arson at its German factory and supply constraints because of escalating conflict in th\u2026", "entities": {"Mention": [{"indices": [26, 29], "inst": "http://dbpedia.org/resource/CNN", "dbpInterestingClasses": "dbpedia-owl:Organisation|dbpedia-owl:Person", "dbpSpecificClasses": "dbpedia-owl:TelevisionStation|dbpedia-owl:Person", "confidence": -0.69}, {"indices": [195, 210], "inst": "http://dbpedia.org/resource/Economy_of_China", "dbpInterestingClasses": "", "dbpSpecificClasses": "dbpedia-owl:Book", "confidence": -0.7116666666666666}]}}