{"text": "Exclusive \u2013 Ohio GOP's Bernie Moreno: Sherrod Brown Does 'Everything Possible' to Hurt U.S. Workers. Ohio Republican Senate nominee Bernie Moreno told Sirius XM\u2019s Breitbart News Saturday he is going to expose his \u201canti-worker\u201d opponent, Sen. Sherrod Brown (D-OH), who has done \"everything possible\" to harm the nation's workers.", "entities": {"Mention": [{"indices": [38, 51], "inst": "http://dbpedia.org/resource/Sherrod_Brown", "dbpInterestingClasses": "dbpedia-owl:Person", "dbpSpecificClasses": "dbpedia-owl:Politician", "confidence": 0.6759999999999999}, {"indices": [87, 91], "inst": "http://dbpedia.org/resource/United_States", "dbpInterestingClasses": "dbpedia-owl:PopulatedPlace", "dbpSpecificClasses": "dbpedia-owl:Country", "confidence": 0.6800000000000006}, {"indices": [101, 105], "inst": "http://dbpedia.org/resource/Ohio", "dbpInterestingClasses": "dbpedia-owl:PopulatedPlace", "dbpSpecificClasses": "dbpedia-owl:AdministrativeRegion", "confidence": 0.57}, {"indices": [106, 116], "inst": "http://dbpedia.org/resource/Republican_Party_(United_States)", "dbpInterestingClasses": "dbpedia-owl:Organisation", "dbpSpecificClasses": "dbpedia-owl:PoliticalParty", "confidence": -0.65}, {"indices": [117, 131], "inst": "http://dbpedia.org/resource/United_States_Senate_election_in_South_Carolina,_2010", "dbpInterestingClasses": "", "dbpSpecificClasses": "dbpedia-owl:Election", "confidence": -0.8833333333333333}, {"indices": [151, 162], "inst": "http://dbpedia.org/resource/Sirius_XM_Holdings", "dbpInterestingClasses": "dbpedia-owl:Organisation", "dbpSpecificClasses": "dbpedia-owl:Organisation", "confidence": 0.6473571428571429}, {"indices": [163, 177], "inst": "http://dbpedia.org/resource/Breitbart_News_Network", "dbpInterestingClasses": "", "dbpSpecificClasses": "dbpedia-owl:Website", "confidence": 0.595}, {"indices": [237, 255], "inst": "http://dbpedia.org/resource/Sherrod_Brown", "dbpInterestingClasses": "dbpedia-owl:Person", "dbpSpecificClasses": "dbpedia-owl:Politician", "confidence": 0.7395}]}}