{"text": "O.J. Simpson's trial divided the nation. What legacy does he leave behind?. O.J. Simpson was more than a football star. More than a pop culture icon or a defendant acquitted of murder.&lt;br/&gt;&lt;br/&gt;He became a symbol of America's complicated relationship to race, celebrity, and justice. His family announced that he died of cancer Wednesd\u2026", "entities": {"Mention": [{"indices": [0, 12], "inst": "http://dbpedia.org/resource/O._J._Simpson", "dbpInterestingClasses": "dbpedia-owl:Person", "dbpSpecificClasses": "dbpedia-owl:AmericanFootballPlayer|dbpedia-owl:Criminal", "confidence": 0.6510482036760903}, {"indices": [76, 88], "inst": "http://dbpedia.org/resource/O._J._Simpson", "dbpInterestingClasses": "dbpedia-owl:Person", "dbpSpecificClasses": "dbpedia-owl:AmericanFootballPlayer|dbpedia-owl:Criminal", "confidence": 0.6510482036760903}, {"indices": [228, 237], "inst": "http://dbpedia.org/resource/United_States", "dbpInterestingClasses": "dbpedia-owl:PopulatedPlace", "dbpSpecificClasses": "dbpedia-owl:Country", "confidence": 0.5100000000000006}]}}