{"text": "Marvel Star Gwyneth Paltrow Bashes Hollywood\u2019s \u2018Big Push\u2019 into Superhero Movies. Gwyneth Paltrow, who starred in the Marvel Studios 'Iron Man 'films, bashed Hollywood's superhero craze, saying they lack quality.\nThe post Marvel Star Gwyneth Paltrow Bashes Hollywood\u2019s \u2018Big Push\u2019 into Superhero Movies appeared first on Breitbart.", "entities": {"Mention": [{"indices": [0, 6], "inst": "http://dbpedia.org/resource/Marvel_Comics", "dbpInterestingClasses": "dbpedia-owl:Organisation", "dbpSpecificClasses": "dbpedia-owl:Company", "confidence": -0.56}, {"indices": [7, 11], "inst": "http://dbpedia.org/resource/Star", "dbpInterestingClasses": "dbpedia-owl:Person", "dbpSpecificClasses": "dbpedia-owl:Person", "confidence": -0.77}, {"indices": [12, 27], "inst": "http://dbpedia.org/resource/Gwyneth_Paltrow", "dbpInterestingClasses": "dbpedia-owl:Person", "dbpSpecificClasses": "dbpedia-owl:Actor", "confidence": 0.6525}, {"indices": [35, 46], "inst": "http://dbpedia.org/resource/Hollywood", "dbpInterestingClasses": "dbpedia-owl:PopulatedPlace|dbpedia-owl:Person", "dbpSpecificClasses": "dbpedia-owl:AdministrativeRegion|dbpedia-owl:Person", "confidence": -0.5563095238095238}, {"indices": [63, 79], "inst": "http://dbpedia.org/resource/Superhero_film", "dbpInterestingClasses": "owl:Thing", "dbpSpecificClasses": "owl:Thing", "confidence": 0.5211904761904761}, {"indices": [81, 96], "inst": "http://dbpedia.org/resource/Gwyneth_Paltrow", "dbpInterestingClasses": "dbpedia-owl:Person", "dbpSpecificClasses": "dbpedia-owl:Actor", "confidence": 0.835}, {"indices": [117, 131], "inst": "http://dbpedia.org/resource/Marvel_Studios", "dbpInterestingClasses": "dbpedia-owl:Organisation", "dbpSpecificClasses": "dbpedia-owl:Organisation", "confidence": -0.5125}, {"indices": [133, 141], "inst": "http://dbpedia.org/resource/Iron_Man", "dbpInterestingClasses": "dbpedia-owl:Person", "dbpSpecificClasses": "dbpedia-owl:FictionalCharacter", "confidence": -0.63}, {"indices": [157, 168], "inst": "http://dbpedia.org/resource/Hollywood", "dbpInterestingClasses": "dbpedia-owl:PopulatedPlace|dbpedia-owl:Person", "dbpSpecificClasses": "dbpedia-owl:AdministrativeRegion|dbpedia-owl:Person", "confidence": -0.78}, {"indices": [221, 227], "inst": "http://dbpedia.org/resource/Marvel_Comics", "dbpInterestingClasses": "dbpedia-owl:Organisation", "dbpSpecificClasses": "dbpedia-owl:Company", "confidence": -0.56}, {"indices": [228, 232], "inst": "http://dbpedia.org/resource/Star", "dbpInterestingClasses": "dbpedia-owl:Person", "dbpSpecificClasses": "dbpedia-owl:Person", "confidence": -0.77}, {"indices": [233, 248], "inst": "http://dbpedia.org/resource/Gwyneth_Paltrow", "dbpInterestingClasses": "dbpedia-owl:Person", "dbpSpecificClasses": "dbpedia-owl:Actor", "confidence": 0.6525}, {"indices": [256, 267], "inst": "http://dbpedia.org/resource/Hollywood", "dbpInterestingClasses": "dbpedia-owl:PopulatedPlace|dbpedia-owl:Person", "dbpSpecificClasses": "dbpedia-owl:AdministrativeRegion|dbpedia-owl:Person", "confidence": -0.5563095238095238}, {"indices": [284, 300], "inst": "http://dbpedia.org/resource/Superhero_film", "dbpInterestingClasses": "owl:Thing", "dbpSpecificClasses": "owl:Thing", "confidence": 0.5211904761904761}, {"indices": [319, 328], "inst": "http://dbpedia.org/resource/Andrew_Breitbart", "dbpInterestingClasses": "dbpedia-owl:Person", "dbpSpecificClasses": "dbpedia-owl:Person", "confidence": 0.5250571027850132}]}}