{"text": "The Quest Of Tailoring SaaS For XR Platforms Like The Apple Vision Pro. Tailoring SaaS for XR platforms is about upturning our work and changing mundane tasks into engaging, intuitive experiences.", "entities": {"Mention": [{"indices": [13, 22], "inst": "http://dbpedia.org/resource/Tailor", "dbpInterestingClasses": "", "dbpSpecificClasses": "dbpedia-owl:Book", "confidence": -0.78}, {"indices": [23, 27], "inst": "http://dbpedia.org/resource/Software_as_a_service", "dbpInterestingClasses": "owl:Thing", "dbpSpecificClasses": "owl:Thing", "confidence": -0.74}, {"indices": [54, 59], "inst": "http://dbpedia.org/resource/Apple_Inc.", "dbpInterestingClasses": "dbpedia-owl:Organisation", "dbpSpecificClasses": "dbpedia-owl:Organisation", "confidence": -0.6792307692307692}]}}