{"text": "Rep. Don Bacon: 'It\u2019s possible' Johnson could lose speakership over Ukraine. Rep. Don Bacon on Sunday warned that \"it's possible\" that Speaker Mike Johnson could face a vote to oust him if he moves to pass Ukraine aid in the House.", "entities": {"Mention": [{"indices": [5, 14], "inst": "http://dbpedia.org/resource/Don_Bacon", "dbpInterestingClasses": "dbpedia-owl:Person", "dbpSpecificClasses": "dbpedia-owl:Person", "confidence": 0.5043333333333333}, {"indices": [68, 75], "inst": "http://dbpedia.org/resource/Ukraine", "dbpInterestingClasses": "dbpedia-owl:PopulatedPlace", "dbpSpecificClasses": "dbpedia-owl:Country", "confidence": 0.63}, {"indices": [82, 91], "inst": "http://dbpedia.org/resource/Don_Bacon", "dbpInterestingClasses": "dbpedia-owl:Person", "dbpSpecificClasses": "dbpedia-owl:Person", "confidence": 0.5043333333333333}, {"indices": [206, 213], "inst": "http://dbpedia.org/resource/Ukraine", "dbpInterestingClasses": "dbpedia-owl:PopulatedPlace", "dbpSpecificClasses": "dbpedia-owl:Country", "confidence": 0.63}]}}