{"text": "Next Gen Women At Forefront Of Crypto Policy. As Women\u2019s HERstory Month comes to a close, diverse, female members of Generations Y and Z stand out for their work to advance Web3, DeFi regulatory policy in Washington.", "entities": {"Mention": [{"indices": [66, 71], "inst": "http://dbpedia.org/resource/Month", "dbpInterestingClasses": "dbpedia-owl:Person", "dbpSpecificClasses": "dbpedia-owl:Person|dbpedia-owl:Book", "confidence": -0.89}, {"indices": [179, 183], "inst": "http://dbpedia.org/resource/Tambourine", "dbpInterestingClasses": "owl:Thing", "dbpSpecificClasses": "owl:Thing", "confidence": -0.7949999999999998}, {"indices": [205, 215], "inst": "http://dbpedia.org/resource/Washington_(state)", "dbpInterestingClasses": "dbpedia-owl:PopulatedPlace", "dbpSpecificClasses": "dbpedia-owl:AdministrativeRegion", "confidence": -0.75}]}}