{"text": "Alcohol Consumption Linked To Heart Disease, Especially In Women. A new study found that higher alcohol consumption in women was associated with development of coronary artery disease, even more so than in men.", "entities": {"Mention": [{"indices": [0, 19], "inst": "http://dbpedia.org/resource/Alcoholic_beverage", "dbpInterestingClasses": "dbpedia-owl:Person", "dbpSpecificClasses": "dbpedia-owl:Person", "confidence": -0.7107142857142855}, {"indices": [20, 29], "inst": "http://dbpedia.org/resource/Linker_(computing)", "dbpInterestingClasses": "dbpedia-owl:Person", "dbpSpecificClasses": "dbpedia-owl:Work|dbpedia-owl:Person", "confidence": -0.5821428571428572}, {"indices": [30, 43], "inst": "http://dbpedia.org/resource/Cardiovascular_disease", "dbpInterestingClasses": "", "dbpSpecificClasses": "dbpedia-owl:Disease", "confidence": -0.78}, {"indices": [160, 183], "inst": "http://dbpedia.org/resource/Coronary_artery_disease", "dbpInterestingClasses": "", "dbpSpecificClasses": "dbpedia-owl:Disease", "confidence": -0.6}]}}