{"text": "Katya Zamolodchikova Talks Sex And New Season Of Grindr Podcast. While Zamolodchikova has experience in the hosting and podcast spaces, he was still worried, though excited about the new show.", "entities": {"Mention": [{"indices": [49, 55], "inst": "http://dbpedia.org/resource/Grindr", "dbpInterestingClasses": "", "dbpSpecificClasses": "dbpedia-owl:Software", "confidence": -0.7157575757575758}, {"indices": [56, 63], "inst": "http://dbpedia.org/resource/Podcast", "dbpInterestingClasses": "dbpedia-owl:Person", "dbpSpecificClasses": "dbpedia-owl:Book|dbpedia-owl:Person", "confidence": -0.5666666666666667}, {"indices": [71, 85], "inst": "http://dbpedia.org/resource/Elena_Zamolodchikova", "dbpInterestingClasses": "dbpedia-owl:Person", "dbpSpecificClasses": "dbpedia-owl:Athlete", "confidence": 0.7233333333333334}]}}