{"text": "Report: Judge Against Florida Law Banning China Land Purchases Has Activist History. A U.S. judge who previously wrote a concurring opinion against Florida's law barring Chinese nationals from purchasing land in the state has an activist history.\nThe post Report: Judge Against Florida Law Banning China Land Purchases Has Activist History appe\u2026", "entities": {"Mention": [{"indices": [8, 13], "inst": "http://dbpedia.org/resource/Judge", "dbpInterestingClasses": "dbpedia-owl:Person", "dbpSpecificClasses": "dbpedia-owl:Person", "confidence": -0.72}, {"indices": [22, 33], "inst": "http://dbpedia.org/resource/Law_of_Florida", "dbpInterestingClasses": "owl:Thing", "dbpSpecificClasses": "owl:Thing", "confidence": -0.894090909090909}, {"indices": [42, 47], "inst": "http://dbpedia.org/resource/China", "dbpInterestingClasses": "dbpedia-owl:PopulatedPlace", "dbpSpecificClasses": "dbpedia-owl:Country", "confidence": 0.67}, {"indices": [53, 62], "inst": "http://dbpedia.org/resource/Purchasing", "dbpInterestingClasses": "", "dbpSpecificClasses": "dbpedia-owl:Book", "confidence": -0.804}, {"indices": [67, 75], "inst": "http://dbpedia.org/resource/Activism", "dbpInterestingClasses": "owl:Thing", "dbpSpecificClasses": "owl:Thing", "confidence": -0.72}, {"indices": [76, 83], "inst": "http://dbpedia.org/resource/History", "dbpInterestingClasses": "dbpedia-owl:Person", "dbpSpecificClasses": "dbpedia-owl:Person|dbpedia-owl:Book", "confidence": -0.77}, {"indices": [87, 97], "inst": "http://dbpedia.org/resource/United_States_federal_judge", "dbpInterestingClasses": "owl:Thing", "dbpSpecificClasses": "owl:Thing", "confidence": -0.6118095238095238}, {"indices": [121, 139], "inst": "http://dbpedia.org/resource/Concurring_opinion", "dbpInterestingClasses": "owl:Thing", "dbpSpecificClasses": "owl:Thing", "confidence": -0.7266666666666667}, {"indices": [148, 157], "inst": "http://dbpedia.org/resource/Florida", "dbpInterestingClasses": "dbpedia-owl:PopulatedPlace", "dbpSpecificClasses": "dbpedia-owl:AdministrativeRegion", "confidence": -0.558294930875576}, {"indices": [264, 269], "inst": "http://dbpedia.org/resource/Judge", "dbpInterestingClasses": "dbpedia-owl:Person", "dbpSpecificClasses": "dbpedia-owl:Person", "confidence": -0.72}, {"indices": [278, 289], "inst": "http://dbpedia.org/resource/Law_of_Florida", "dbpInterestingClasses": "owl:Thing", "dbpSpecificClasses": "owl:Thing", "confidence": -0.894090909090909}, {"indices": [298, 303], "inst": "http://dbpedia.org/resource/China", "dbpInterestingClasses": "dbpedia-owl:PopulatedPlace", "dbpSpecificClasses": "dbpedia-owl:Country", "confidence": 0.67}, {"indices": [309, 318], "inst": "http://dbpedia.org/resource/Purchasing", "dbpInterestingClasses": "", "dbpSpecificClasses": "dbpedia-owl:Book", "confidence": -0.804}, {"indices": [323, 331], "inst": "http://dbpedia.org/resource/Activism", "dbpInterestingClasses": "owl:Thing", "dbpSpecificClasses": "owl:Thing", "confidence": -0.72}, {"indices": [332, 339], "inst": "http://dbpedia.org/resource/History", "dbpInterestingClasses": "dbpedia-owl:Person", "dbpSpecificClasses": "dbpedia-owl:Person|dbpedia-owl:Book", "confidence": -0.77}]}}