{"text": "Russia invites Taliban to forum. The Kazan forum is aimed at strengthening trade and economic ties between Moscow and the Islamic world Read Full Article at RT.com", "entities": {"Mention": [{"indices": [0, 6], "inst": "http://dbpedia.org/resource/Russia", "dbpInterestingClasses": "dbpedia-owl:PopulatedPlace", "dbpSpecificClasses": "dbpedia-owl:Country", "confidence": 0.68}, {"indices": [15, 22], "inst": "http://dbpedia.org/resource/Taliban", "dbpInterestingClasses": "dbpedia-owl:Person", "dbpSpecificClasses": "dbpedia-owl:Person", "confidence": -0.64}, {"indices": [37, 42], "inst": "http://dbpedia.org/resource/Kazan", "dbpInterestingClasses": "dbpedia-owl:PopulatedPlace", "dbpSpecificClasses": "dbpedia-owl:AdministrativeRegion|dbpedia-owl:City|dbpedia-owl:Book", "confidence": -0.73}, {"indices": [107, 113], "inst": "http://dbpedia.org/resource/Moscow", "dbpInterestingClasses": "dbpedia-owl:PopulatedPlace", "dbpSpecificClasses": "dbpedia-owl:AdministrativeRegion|dbpedia-owl:City", "confidence": -0.64}, {"indices": [122, 135], "inst": "http://dbpedia.org/resource/Muslim_world", "dbpInterestingClasses": "owl:Thing", "dbpSpecificClasses": "owl:Thing", "confidence": -0.82}, {"indices": [141, 153], "inst": "http://dbpedia.org/resource/Unified_English_Braille", "dbpInterestingClasses": "owl:Thing", "dbpSpecificClasses": "owl:Thing", "confidence": -0.865}, {"indices": [157, 163], "inst": "http://dbpedia.org/resource/RT_(TV_network)", "dbpInterestingClasses": "dbpedia-owl:Organisation|dbpedia-owl:Person", "dbpSpecificClasses": "dbpedia-owl:TelevisionStation|dbpedia-owl:Person|dbpedia-owl:BroadcastNetwork", "confidence": 0.5546904761904762}]}}