{"text": "Does Antony Deserve A Second Chance At Man Utd After Liverpool Cameo?. Antony came off the bench to make an impact against Liverpool, so does the Brazilian deserve a second chance at Manchester United?", "entities": {"Mention": [{"indices": [39, 46], "inst": "http://dbpedia.org/resource/Manchester_United_F.C.", "dbpInterestingClasses": "dbpedia-owl:SportsTeam", "dbpSpecificClasses": "dbpedia-owl:SoccerClub", "confidence": 0.6076904761904762}, {"indices": [53, 62], "inst": "http://dbpedia.org/resource/Liverpool", "dbpInterestingClasses": "dbpedia-owl:PopulatedPlace", "dbpSpecificClasses": "dbpedia-owl:City|dbpedia-owl:GovernmentalAdministrativeRegion", "confidence": -0.5392307692307692}, {"indices": [63, 68], "inst": "http://dbpedia.org/resource/Cameo_appearance", "dbpInterestingClasses": "", "dbpSpecificClasses": "dbpedia-owl:Work", "confidence": -0.75}, {"indices": [123, 132], "inst": "http://dbpedia.org/resource/Liverpool", "dbpInterestingClasses": "dbpedia-owl:PopulatedPlace", "dbpSpecificClasses": "dbpedia-owl:City|dbpedia-owl:GovernmentalAdministrativeRegion", "confidence": -0.5392307692307692}, {"indices": [142, 155], "inst": "http://dbpedia.org/resource/The_Brazilian", "dbpInterestingClasses": "", "dbpSpecificClasses": "dbpedia-owl:Song", "confidence": -0.79}, {"indices": [183, 200], "inst": "http://dbpedia.org/resource/Manchester_United_F.C.", "dbpInterestingClasses": "dbpedia-owl:SportsTeam", "dbpSpecificClasses": "dbpedia-owl:SoccerClub", "confidence": 0.69}]}}