{"text": "Would Gareth Southgate Make A Good Manchester United Manager?. Gareth Southgate has been strongly linked with Manchester United, but would the England manager succeed at Old Trafford?", "entities": {"Mention": [{"indices": [6, 22], "inst": "http://dbpedia.org/resource/Gareth_Southgate", "dbpInterestingClasses": "dbpedia-owl:Person", "dbpSpecificClasses": "dbpedia-owl:SoccerPlayer|dbpedia-owl:SoccerManager", "confidence": 0.72}, {"indices": [35, 52], "inst": "http://dbpedia.org/resource/Manchester_United_F.C.", "dbpInterestingClasses": "dbpedia-owl:SportsTeam", "dbpSpecificClasses": "dbpedia-owl:SoccerClub", "confidence": 0.69}, {"indices": [63, 79], "inst": "http://dbpedia.org/resource/Gareth_Southgate", "dbpInterestingClasses": "dbpedia-owl:Person", "dbpSpecificClasses": "dbpedia-owl:SoccerPlayer|dbpedia-owl:SoccerManager", "confidence": 0.74}, {"indices": [110, 127], "inst": "http://dbpedia.org/resource/Manchester_United_F.C.", "dbpInterestingClasses": "dbpedia-owl:SportsTeam", "dbpSpecificClasses": "dbpedia-owl:SoccerClub", "confidence": 0.69}, {"indices": [170, 182], "inst": "http://dbpedia.org/resource/Old_Trafford", "dbpInterestingClasses": "", "dbpSpecificClasses": "dbpedia-owl:SportFacility", "confidence": -0.7}]}}