{"text": "Trump says abortion should be left to states; Vatican takes stance on gender theory. Trump says abortion should be left to states, the Vatican released a new document calling gender theory a \"grave threat\" to society.", "entities": {"Mention": [{"indices": [46, 53], "inst": "http://dbpedia.org/resource/Holy_See", "dbpInterestingClasses": "dbpedia-owl:PopulatedPlace|dbpedia-owl:Person", "dbpSpecificClasses": "dbpedia-owl:Country|dbpedia-owl:Person", "confidence": -0.81}, {"indices": [70, 83], "inst": "http://dbpedia.org/resource/Gender_studies", "dbpInterestingClasses": "dbpedia-owl:Person", "dbpSpecificClasses": "dbpedia-owl:Work|dbpedia-owl:Person", "confidence": 0.5805}, {"indices": [135, 142], "inst": "http://dbpedia.org/resource/Holy_See", "dbpInterestingClasses": "dbpedia-owl:PopulatedPlace|dbpedia-owl:Person", "dbpSpecificClasses": "dbpedia-owl:Country|dbpedia-owl:Person", "confidence": -0.81}, {"indices": [175, 188], "inst": "http://dbpedia.org/resource/Gender_studies", "dbpInterestingClasses": "dbpedia-owl:Person", "dbpSpecificClasses": "dbpedia-owl:Work|dbpedia-owl:Person", "confidence": 0.5805}]}}