{"text": "Argentina: Milei's 'mega decree' of reforms rejected by Senate. The vote challenges the libertarian leader's strategy to address the nation's deep-seated economic troubles. Argentina is facing sky-high inflation and widespread poverty.", "entities": {"Mention": [{"indices": [0, 9], "inst": "http://dbpedia.org/resource/Argentina", "dbpInterestingClasses": "dbpedia-owl:PopulatedPlace", "dbpSpecificClasses": "dbpedia-owl:Country", "confidence": 0.64}, {"indices": [11, 16], "inst": "http://dbpedia.org/resource/Milea_River_(B\u00e2sca)", "dbpInterestingClasses": "", "dbpSpecificClasses": "dbpedia-owl:River", "confidence": -0.7025000000000002}, {"indices": [173, 182], "inst": "http://dbpedia.org/resource/Argentina", "dbpInterestingClasses": "dbpedia-owl:PopulatedPlace", "dbpSpecificClasses": "dbpedia-owl:Country", "confidence": 0.64}]}}