{"text": "7 Behind-The-Scenes Revelations From \u2018Quiet On The Set: The Dark Side Of Kids TV\u2019. Directors discuss the surprising work environment and allegations at Dan Schneider's popular Nickelodeon shows, including sexualized imagery and a lawsuit.", "entities": {"Mention": [{"indices": [152, 165], "inst": "http://dbpedia.org/resource/Dan_Schneider_(TV_producer)", "dbpInterestingClasses": "dbpedia-owl:Person", "dbpSpecificClasses": "dbpedia-owl:Actor", "confidence": 0.74}, {"indices": [176, 187], "inst": "http://dbpedia.org/resource/Nickelodeon", "dbpInterestingClasses": "dbpedia-owl:Organisation", "dbpSpecificClasses": "dbpedia-owl:TelevisionStation", "confidence": -0.55}]}}