{"text": "Far-Left Activists in Chicago Filmed Cheering Iran\u2019s Major Attack on Israel: \u2018The Radical Left Is Sick\u2019. Far-left anti-Israel activists in Chicago demanding President Joe Biden end U.S. aid to Israel cheered and applauded a massive attack of hundreds of drones and missiles by the Islamic Republic of Iran on the Jewish state.\nThe post Far-Left Activists in Chicag\u2026", "entities": {"Mention": [{"indices": [0, 8], "inst": "http://dbpedia.org/resource/Far-left_politics", "dbpInterestingClasses": "owl:Thing", "dbpSpecificClasses": "owl:Thing", "confidence": -0.83}, {"indices": [22, 29], "inst": "http://dbpedia.org/resource/Chicago", "dbpInterestingClasses": "dbpedia-owl:PopulatedPlace", "dbpSpecificClasses": "dbpedia-owl:City|dbpedia-owl:AdministrativeRegion", "confidence": 0.61}, {"indices": [46, 50], "inst": "http://dbpedia.org/resource/Iran", "dbpInterestingClasses": "dbpedia-owl:PopulatedPlace", "dbpSpecificClasses": "dbpedia-owl:Country", "confidence": 0.62}, {"indices": [69, 75], "inst": "http://dbpedia.org/resource/Israel", "dbpInterestingClasses": "dbpedia-owl:PopulatedPlace", "dbpSpecificClasses": "dbpedia-owl:Country", "confidence": 0.63}, {"indices": [82, 94], "inst": "http://dbpedia.org/resource/Far-left_politics", "dbpInterestingClasses": "owl:Thing", "dbpSpecificClasses": "owl:Thing", "confidence": -0.86}, {"indices": [105, 113], "inst": "http://dbpedia.org/resource/Far-left_politics", "dbpInterestingClasses": "owl:Thing", "dbpSpecificClasses": "owl:Thing", "confidence": -0.83}, {"indices": [114, 125], "inst": "http://dbpedia.org/resource/Criticism_of_the_Israeli_government", "dbpInterestingClasses": "owl:Thing", "dbpSpecificClasses": "owl:Thing", "confidence": -0.8556888888888889}, {"indices": [139, 146], "inst": "http://dbpedia.org/resource/Chicago", "dbpInterestingClasses": "dbpedia-owl:PopulatedPlace", "dbpSpecificClasses": "dbpedia-owl:City|dbpedia-owl:AdministrativeRegion", "confidence": 0.61}, {"indices": [167, 176], "inst": "http://dbpedia.org/resource/Joe_Biden", "dbpInterestingClasses": "dbpedia-owl:Person", "dbpSpecificClasses": "dbpedia-owl:President|dbpedia-owl:VicePresident", "confidence": 0.73}, {"indices": [181, 189], "inst": "http://dbpedia.org/resource/United_States_Agency_for_International_Development", "dbpInterestingClasses": "dbpedia-owl:Organisation", "dbpSpecificClasses": "dbpedia-owl:GovernmentAgency", "confidence": -0.6707142857142856}, {"indices": [190, 199], "inst": "http://dbpedia.org/resource/Aliyah", "dbpInterestingClasses": "", "dbpSpecificClasses": "dbpedia-owl:Book", "confidence": -0.7361428571428504}, {"indices": [224, 238], "inst": "http://dbpedia.org/resource/Massive_Attack", "dbpInterestingClasses": "dbpedia-owl:Organisation|dbpedia-owl:Person", "dbpSpecificClasses": "dbpedia-owl:Band|dbpedia-owl:Artist", "confidence": 0.53}, {"indices": [281, 305], "inst": "http://dbpedia.org/resource/Iran", "dbpInterestingClasses": "dbpedia-owl:PopulatedPlace", "dbpSpecificClasses": "dbpedia-owl:Country", "confidence": 0.6896000000000001}, {"indices": [336, 344], "inst": "http://dbpedia.org/resource/Far-left_politics", "dbpInterestingClasses": "owl:Thing", "dbpSpecificClasses": "owl:Thing", "confidence": -0.83}]}}