{"text": "Supreme Court again refuses to intervene in drag show controversy. It was the second time the court has refused to step into a drag controversy this term.", "entities": {"Mention": [{"indices": [0, 13], "inst": "http://dbpedia.org/resource/Supreme_Court_of_the_United_States", "dbpInterestingClasses": "dbpedia-owl:Person", "dbpSpecificClasses": "dbpedia-owl:Book|dbpedia-owl:Person", "confidence": -0.72}, {"indices": [44, 53], "inst": "http://dbpedia.org/resource/Drag_queen", "dbpInterestingClasses": "owl:Thing", "dbpSpecificClasses": "owl:Thing", "confidence": -0.6288095238095237}]}}