{"text": "6 Women Investors Building Tomorrow\u2019s Economy. Get ready to meet some serious changemakers.", "entities": {"Mention": [{"indices": [8, 17], "inst": "http://dbpedia.org/resource/Investor", "dbpInterestingClasses": "owl:Thing", "dbpSpecificClasses": "owl:Thing", "confidence": -0.89}, {"indices": [18, 35], "inst": "http://dbpedia.org/resource/Building_Tomorrow", "dbpInterestingClasses": "dbpedia-owl:Organisation", "dbpSpecificClasses": "dbpedia-owl:Non-ProfitOrganisation", "confidence": 0.598}]}}