{"text": "The World\u2019s Richest Sports Team Owners 2024. Steve Ballmer reclaimed his spot as the world\u2019s richest owner, but there\u2019s a maverick newcomer in the top three.", "entities": {"Mention": [{"indices": [12, 19], "inst": "http://dbpedia.org/resource/Wealth", "dbpInterestingClasses": "", "dbpSpecificClasses": "dbpedia-owl:Book", "confidence": -0.7021428571428504}, {"indices": [20, 31], "inst": "http://dbpedia.org/resource/Team_sport", "dbpInterestingClasses": "owl:Thing", "dbpSpecificClasses": "owl:Thing", "confidence": -0.83}, {"indices": [45, 58], "inst": "http://dbpedia.org/resource/Steve_Ballmer", "dbpInterestingClasses": "dbpedia-owl:Person", "dbpSpecificClasses": "dbpedia-owl:Person", "confidence": 0.8475}]}}