{"text": "10 Delectable Chilean Wines To Sip. Savor a delightful array of ten delectable Chilean wines. Explore a spectrum of flavors and experience the vibrant world of Chilean winemaking.", "entities": {"Mention": [{"indices": [14, 27], "inst": "http://dbpedia.org/resource/Chilean_wine", "dbpInterestingClasses": "owl:Thing", "dbpSpecificClasses": "owl:Thing", "confidence": -0.58}, {"indices": [79, 92], "inst": "http://dbpedia.org/resource/Chilean_wine", "dbpInterestingClasses": "owl:Thing", "dbpSpecificClasses": "owl:Thing", "confidence": -0.58}]}}