{"text": "Exclusive \u2014 West Virginia Conservative Derrick Evans: Congresswoman Carol Miller Is Not a 'RINO,' She's an 'Undocumented Democrat'. West Virginia conservative Derrick Evans said\u00a0on\u00a0Breitbart News Saturday\u00a0that Rep. Carol Miller (R-WV) is not a \"RINO,\" she's an \"undocumented Democrat.\"\nThe post Exclusive \u2014 West Virginia Conservative Derrick Evans: Congresswoman Carol Miller Is Not a \u2018RINO,\u2026", "entities": {"Mention": [{"indices": [12, 25], "inst": "http://dbpedia.org/resource/West_Virginia", "dbpInterestingClasses": "dbpedia-owl:PopulatedPlace", "dbpSpecificClasses": "dbpedia-owl:AdministrativeRegion", "confidence": 0.58}, {"indices": [39, 52], "inst": "http://dbpedia.org/resource/Derrick_Evans", "dbpInterestingClasses": "dbpedia-owl:Person", "dbpSpecificClasses": "dbpedia-owl:Person", "confidence": 0.8291666666666667}, {"indices": [121, 129], "inst": "http://dbpedia.org/resource/Democratic_Party_(United_States)", "dbpInterestingClasses": "dbpedia-owl:Organisation|dbpedia-owl:Person", "dbpSpecificClasses": "dbpedia-owl:PoliticalParty|dbpedia-owl:Person", "confidence": -0.59}, {"indices": [132, 145], "inst": "http://dbpedia.org/resource/West_Virginia", "dbpInterestingClasses": "dbpedia-owl:PopulatedPlace", "dbpSpecificClasses": "dbpedia-owl:AdministrativeRegion", "confidence": 0.58}, {"indices": [159, 172], "inst": "http://dbpedia.org/resource/Derrick_Evans", "dbpInterestingClasses": "dbpedia-owl:Person", "dbpSpecificClasses": "dbpedia-owl:Person", "confidence": 0.8291666666666667}, {"indices": [181, 195], "inst": "http://dbpedia.org/resource/Breitbart_News_Network", "dbpInterestingClasses": "", "dbpSpecificClasses": "dbpedia-owl:Website", "confidence": 0.595}, {"indices": [275, 283], "inst": "http://dbpedia.org/resource/Democratic_Party_(United_States)", "dbpInterestingClasses": "dbpedia-owl:Organisation|dbpedia-owl:Person", "dbpSpecificClasses": "dbpedia-owl:PoliticalParty|dbpedia-owl:Person", "confidence": -0.59}, {"indices": [307, 320], "inst": "http://dbpedia.org/resource/West_Virginia", "dbpInterestingClasses": "dbpedia-owl:PopulatedPlace", "dbpSpecificClasses": "dbpedia-owl:AdministrativeRegion", "confidence": 0.58}, {"indices": [334, 347], "inst": "http://dbpedia.org/resource/Derrick_Evans", "dbpInterestingClasses": "dbpedia-owl:Person", "dbpSpecificClasses": "dbpedia-owl:Person", "confidence": 0.8291666666666667}]}}