{"text": "The Baltimore bridge collapse gave conspiracy theorists a chance to boost themselves. One researcher says it has become \"standard\" for any unexpected event \"to be run through a filter of conspiracy theories based on the personal brand of the person spreading the theory.\"", "entities": {"Mention": [{"indices": [4, 13], "inst": "http://dbpedia.org/resource/Baltimore", "dbpInterestingClasses": "dbpedia-owl:PopulatedPlace", "dbpSpecificClasses": "dbpedia-owl:City|dbpedia-owl:AdministrativeRegion", "confidence": -0.59}, {"indices": [35, 55], "inst": "http://dbpedia.org/resource/Conspiracy_theory", "dbpInterestingClasses": "dbpedia-owl:Person", "dbpSpecificClasses": "dbpedia-owl:Person|dbpedia-owl:Book", "confidence": -0.56}, {"indices": [187, 206], "inst": "http://dbpedia.org/resource/Conspiracy_theory", "dbpInterestingClasses": "dbpedia-owl:Person", "dbpSpecificClasses": "dbpedia-owl:Person|dbpedia-owl:Book", "confidence": -0.6}]}}