{"text": "Senate confirms LGBTQ labor lawyer to seat on appeals court. Nicole Berner won Senate approval for a seat on the 4th U.S. Circuit Court of Appeals, making her the first openly LGBTQ judge to serve on the court.", "entities": {"Mention": [{"indices": [16, 21], "inst": "http://dbpedia.org/resource/LGBT", "dbpInterestingClasses": "dbpedia-owl:Person", "dbpSpecificClasses": "dbpedia-owl:Person", "confidence": -0.5866666666666667}, {"indices": [22, 34], "inst": "http://dbpedia.org/resource/Labour_law", "dbpInterestingClasses": "", "dbpSpecificClasses": "dbpedia-owl:Work", "confidence": -0.6733333333333333}, {"indices": [113, 146], "inst": "http://dbpedia.org/resource/United_States_Court_of_Appeals_for_the_Fourth_Circuit", "dbpInterestingClasses": "", "dbpSpecificClasses": "dbpedia-owl:Book", "confidence": -0.574}, {"indices": [176, 181], "inst": "http://dbpedia.org/resource/LGBT", "dbpInterestingClasses": "dbpedia-owl:Person", "dbpSpecificClasses": "dbpedia-owl:Person", "confidence": -0.5866666666666667}]}}