{"text": "Report: Trans Antifa Member Charged with Detonating Explosive Outside Alabama AG\u2019s Office. A man has been charged for his alleged role in detonating an explosive device outside of the Alabama Attorney General's Office in February.\nThe post Report: Trans Antifa Member Charged with Detonating Explosive Outside Alabama AG\u2019s Office appeared first on Br\u2026", "entities": {"Mention": [{"indices": [14, 20], "inst": "http://dbpedia.org/resource/Anti-fascism", "dbpInterestingClasses": "dbpedia-owl:Person", "dbpSpecificClasses": "dbpedia-owl:Person", "confidence": 0.5755}, {"indices": [21, 27], "inst": "http://dbpedia.org/resource/Member_of_parliament", "dbpInterestingClasses": "dbpedia-owl:Person", "dbpSpecificClasses": "dbpedia-owl:Person", "confidence": -0.69}, {"indices": [41, 61], "inst": "http://dbpedia.org/resource/Explosive_material", "dbpInterestingClasses": "dbpedia-owl:Person", "dbpSpecificClasses": "dbpedia-owl:Book|dbpedia-owl:Person", "confidence": -0.5083095238095239}, {"indices": [70, 77], "inst": "http://dbpedia.org/resource/Alabama", "dbpInterestingClasses": "dbpedia-owl:PopulatedPlace", "dbpSpecificClasses": "dbpedia-owl:AdministrativeRegion", "confidence": -0.68}, {"indices": [184, 217], "inst": "http://dbpedia.org/resource/Alabama_Attorney_General's_Office", "dbpInterestingClasses": "owl:Thing", "dbpSpecificClasses": "owl:Thing", "confidence": -0.8691071428571427}, {"indices": [254, 260], "inst": "http://dbpedia.org/resource/Anti-fascism", "dbpInterestingClasses": "dbpedia-owl:Person", "dbpSpecificClasses": "dbpedia-owl:Person", "confidence": 0.5755}, {"indices": [261, 267], "inst": "http://dbpedia.org/resource/Member_of_parliament", "dbpInterestingClasses": "dbpedia-owl:Person", "dbpSpecificClasses": "dbpedia-owl:Person", "confidence": -0.69}, {"indices": [281, 301], "inst": "http://dbpedia.org/resource/Explosive_material", "dbpInterestingClasses": "dbpedia-owl:Person", "dbpSpecificClasses": "dbpedia-owl:Book|dbpedia-owl:Person", "confidence": -0.5083095238095239}, {"indices": [310, 317], "inst": "http://dbpedia.org/resource/Alabama", "dbpInterestingClasses": "dbpedia-owl:PopulatedPlace", "dbpSpecificClasses": "dbpedia-owl:AdministrativeRegion", "confidence": -0.68}]}}