{"text": "Kansas considers fining public universities for diversity programs. Kansas lawmakers are joining fellow Republicans in other states in trying to restrict diversity, equity and inclusion initiatives on university campuses, but they\u2019ve drafted their proposals to avoid having to agree on how to define DEI.", "entities": {"Mention": [{"indices": [0, 6], "inst": "http://dbpedia.org/resource/Kansas", "dbpInterestingClasses": "dbpedia-owl:PopulatedPlace", "dbpSpecificClasses": "dbpedia-owl:AdministrativeRegion", "confidence": -0.63}, {"indices": [68, 74], "inst": "http://dbpedia.org/resource/Kansas", "dbpInterestingClasses": "dbpedia-owl:PopulatedPlace", "dbpSpecificClasses": "dbpedia-owl:AdministrativeRegion", "confidence": -0.63}, {"indices": [104, 115], "inst": "http://dbpedia.org/resource/Republican_Party_(United_States)", "dbpInterestingClasses": "dbpedia-owl:Organisation", "dbpSpecificClasses": "dbpedia-owl:PoliticalParty", "confidence": -0.53}]}}