{"text": "Could Silver Surfer\u2019s Controversial Casting Choice Be A Clue About The MCU\u2019s Next Supervillain?. Marvel Studios has found its Silver Surfer, along with the rest of the Fantastic Four.", "entities": {"Mention": [{"indices": [6, 19], "inst": "http://dbpedia.org/resource/Silver_Surfer", "dbpInterestingClasses": "dbpedia-owl:Person", "dbpSpecificClasses": "dbpedia-owl:FictionalCharacter", "confidence": -0.55}, {"indices": [97, 111], "inst": "http://dbpedia.org/resource/Marvel_Studios", "dbpInterestingClasses": "dbpedia-owl:Organisation", "dbpSpecificClasses": "dbpedia-owl:Organisation", "confidence": 0.8216666666666667}, {"indices": [126, 139], "inst": "http://dbpedia.org/resource/Silver_Surfer", "dbpInterestingClasses": "dbpedia-owl:Person", "dbpSpecificClasses": "dbpedia-owl:FictionalCharacter", "confidence": -0.55}, {"indices": [168, 182], "inst": "http://dbpedia.org/resource/Fantastic_Four", "dbpInterestingClasses": "dbpedia-owl:Person", "dbpSpecificClasses": "dbpedia-owl:FictionalCharacter", "confidence": -0.56}]}}