{"text": "Alabama bans DEI programs in public colleges and the teaching of \u2018divisive concepts\u2019. Alabama Gov. Kay Ivey signed a bill Wednesday making hers the latest state to enact bans on diversity, equity and inclusion programs in public colleges and offices.", "entities": {"Mention": [{"indices": [0, 7], "inst": "http://dbpedia.org/resource/Alabama", "dbpInterestingClasses": "dbpedia-owl:PopulatedPlace", "dbpSpecificClasses": "dbpedia-owl:AdministrativeRegion", "confidence": 0.5007692307692309}, {"indices": [86, 93], "inst": "http://dbpedia.org/resource/Alabama", "dbpInterestingClasses": "dbpedia-owl:PopulatedPlace", "dbpSpecificClasses": "dbpedia-owl:AdministrativeRegion", "confidence": 0.5007692307692309}, {"indices": [99, 107], "inst": "http://dbpedia.org/resource/Kay_Ivey", "dbpInterestingClasses": "dbpedia-owl:Person", "dbpSpecificClasses": "dbpedia-owl:Person", "confidence": 0.905}]}}