{"text": "Women Don\u2019t Need To Be Fixed, Organizations Need To Fix Their Systems. Instead of encouraging women to be more like men, we need organizations to meet women where they are and build a culture that values gender equality.", "entities": {"Mention": [{"indices": [30, 43], "inst": "http://dbpedia.org/resource/Organization", "dbpInterestingClasses": "dbpedia-owl:Person", "dbpSpecificClasses": "dbpedia-owl:Person", "confidence": -0.83}, {"indices": [44, 51], "inst": "http://dbpedia.org/resource/Need_To", "dbpInterestingClasses": "", "dbpSpecificClasses": "dbpedia-owl:Single", "confidence": -0.82}, {"indices": [204, 219], "inst": "http://dbpedia.org/resource/Gender_equality", "dbpInterestingClasses": "owl:Thing", "dbpSpecificClasses": "owl:Thing", "confidence": -0.84}]}}