{"text": "ESPN's Katie Barnes Says Trans Athletes Do Have Physical Advantages in Some Sports. ESPN reporter Katie Barnes told CNN she thinks transgender athletes competing in women's sports do have a physical advantage in some, but not all, disciplines.\nThe post ESPN\u2019s Katie Barnes Says Trans Athletes Do Have Physical Advantages in Some Sports appeare\u2026", "entities": {"Mention": [{"indices": [7, 19], "inst": "http://dbpedia.org/resource/Katie_Barnes", "dbpInterestingClasses": "owl:Thing", "dbpSpecificClasses": "owl:Thing", "confidence": -0.8891071428571428}, {"indices": [31, 39], "inst": "http://dbpedia.org/resource/Athlete", "dbpInterestingClasses": "owl:Thing", "dbpSpecificClasses": "owl:Thing", "confidence": -0.88}, {"indices": [57, 67], "inst": "http://dbpedia.org/resource/Statistic_(role-playing_games)", "dbpInterestingClasses": "owl:Thing", "dbpSpecificClasses": "owl:Thing", "confidence": -0.83}, {"indices": [84, 88], "inst": "http://dbpedia.org/resource/ESPN", "dbpInterestingClasses": "dbpedia-owl:Organisation", "dbpSpecificClasses": "dbpedia-owl:TelevisionStation|dbpedia-owl:TelevisionShow", "confidence": -0.59}, {"indices": [98, 110], "inst": "http://dbpedia.org/resource/Katie_Barnes", "dbpInterestingClasses": "owl:Thing", "dbpSpecificClasses": "owl:Thing", "confidence": -0.8491071428571427}, {"indices": [253, 259], "inst": "http://dbpedia.org/resource/ESPN", "dbpInterestingClasses": "dbpedia-owl:Organisation", "dbpSpecificClasses": "dbpedia-owl:TelevisionStation|dbpedia-owl:TelevisionShow", "confidence": -0.5533095238095238}, {"indices": [260, 272], "inst": "http://dbpedia.org/resource/Katie_Barnes", "dbpInterestingClasses": "owl:Thing", "dbpSpecificClasses": "owl:Thing", "confidence": -0.8891071428571428}, {"indices": [284, 292], "inst": "http://dbpedia.org/resource/Athlete", "dbpInterestingClasses": "owl:Thing", "dbpSpecificClasses": "owl:Thing", "confidence": -0.88}, {"indices": [310, 320], "inst": "http://dbpedia.org/resource/Statistic_(role-playing_games)", "dbpInterestingClasses": "owl:Thing", "dbpSpecificClasses": "owl:Thing", "confidence": -0.83}]}}