{"text": "The Amazing Ways IKEA Is Using Generative AI. IKEA integrates generative AI for enhanced customer service and operational efficiency. Innovations include a design-assisting chatbot, generative ad campaigns and more.", "entities": {"Mention": [{"indices": [0, 11], "inst": "http://dbpedia.org/resource/The_Amazing", "dbpInterestingClasses": "dbpedia-owl:Organisation", "dbpSpecificClasses": "dbpedia-owl:Band", "confidence": -0.61}, {"indices": [17, 21], "inst": "http://dbpedia.org/resource/IKEA", "dbpInterestingClasses": "dbpedia-owl:Organisation", "dbpSpecificClasses": "dbpedia-owl:Organisation", "confidence": 0.74}, {"indices": [46, 50], "inst": "http://dbpedia.org/resource/IKEA", "dbpInterestingClasses": "dbpedia-owl:Organisation", "dbpSpecificClasses": "dbpedia-owl:Organisation", "confidence": 0.74}]}}