{"text": "3 Actionable Steps For Managers To Cultivate A Learning Culture. With these key strategies for building a learning-focused environment, managers can help ensure their teams thrive.", "entities": {"Mention": [{"indices": [13, 18], "inst": "http://dbpedia.org/resource/Steps_(group)", "dbpInterestingClasses": "dbpedia-owl:Organisation|dbpedia-owl:Person", "dbpSpecificClasses": "dbpedia-owl:Band|dbpedia-owl:Artist", "confidence": -0.84}, {"indices": [47, 55], "inst": "http://dbpedia.org/resource/Learning", "dbpInterestingClasses": "owl:Thing", "dbpSpecificClasses": "owl:Thing", "confidence": -0.85}, {"indices": [56, 63], "inst": "http://dbpedia.org/resource/Culture", "dbpInterestingClasses": "dbpedia-owl:Person", "dbpSpecificClasses": "dbpedia-owl:Person|dbpedia-owl:Book", "confidence": -0.8}]}}