{"text": "The Gambia To Decriminalize Female Genital Mutilation?. Female genital mutilation (FGM) concerns procedures that involve altering or injuring the female genitalia for non-medical reasons. Indeed, there are no...", "entities": {"Mention": [{"indices": [4, 10], "inst": "http://dbpedia.org/resource/The_Gambia", "dbpInterestingClasses": "dbpedia-owl:PopulatedPlace", "dbpSpecificClasses": "dbpedia-owl:Country", "confidence": 0.61}, {"indices": [28, 53], "inst": "http://dbpedia.org/resource/Female_genital_mutilation", "dbpInterestingClasses": "dbpedia-owl:Person", "dbpSpecificClasses": "dbpedia-owl:Person", "confidence": -0.535}, {"indices": [56, 81], "inst": "http://dbpedia.org/resource/Female_genital_mutilation", "dbpInterestingClasses": "dbpedia-owl:Person", "dbpSpecificClasses": "dbpedia-owl:Person", "confidence": -0.535}]}}