{"text": "Marriage promotes 'White supremacy,' according to White university professor. George Mason University professor Bethany Letiecq blames marriage for a societal culture of 'White heteropatriarchal supremacy' and called for its disruption.", "entities": {"Mention": [{"indices": [19, 34], "inst": "http://dbpedia.org/resource/White_supremacy", "dbpInterestingClasses": "owl:Thing", "dbpSpecificClasses": "owl:Thing", "confidence": -0.654999999999998}, {"indices": [50, 55], "inst": "http://dbpedia.org/resource/Race_and_ethnicity_in_the_United_States_Census", "dbpInterestingClasses": "owl:Thing", "dbpSpecificClasses": "owl:Thing", "confidence": -0.659999999999998}, {"indices": [78, 101], "inst": "http://dbpedia.org/resource/George_Mason_University", "dbpInterestingClasses": "dbpedia-owl:Organisation", "dbpSpecificClasses": "dbpedia-owl:Location|dbpedia-owl:College", "confidence": 0.75}]}}