{"text": "These Are The House Races That Could Decide If The GOP Holds Onto Congress. Political analysts\u2019 early predictions show Republicans are likely to hold on to their majority in the House.", "entities": {"Mention": [{"indices": [14, 25], "inst": "http://dbpedia.org/resource/United_States_House_of_Representatives_elections,_2004", "dbpInterestingClasses": "", "dbpSpecificClasses": "dbpedia-owl:Election", "confidence": -0.7151428571428572}, {"indices": [51, 54], "inst": "http://dbpedia.org/resource/Republican_Party_(United_States)", "dbpInterestingClasses": "dbpedia-owl:Organisation", "dbpSpecificClasses": "dbpedia-owl:PoliticalParty", "confidence": 0.6100000000000005}, {"indices": [119, 130], "inst": "http://dbpedia.org/resource/Republican_Party_(United_States)", "dbpInterestingClasses": "dbpedia-owl:Organisation", "dbpSpecificClasses": "dbpedia-owl:PoliticalParty", "confidence": -0.53}]}}