{"text": "Young Miko upended norms in Latin pop. On her debut 'Att.' she raises her own bar.. The Puerto Rican rapper has risen through the ranks of Latin pop, collaborating with artists like Karol G and Bad Bunny. With her playful, experimental debut Att., she's poised to be a bigger star.", "entities": {"Mention": [{"indices": [6, 10], "inst": "http://dbpedia.org/resource/Miko", "dbpInterestingClasses": "owl:Thing", "dbpSpecificClasses": "owl:Thing", "confidence": -0.81}, {"indices": [88, 100], "inst": "http://dbpedia.org/resource/Puerto_Rico", "dbpInterestingClasses": "dbpedia-owl:PopulatedPlace", "dbpSpecificClasses": "dbpedia-owl:Country|dbpedia-owl:AdministrativeRegion", "confidence": -0.55}]}}