{"text": "Rwandan youth grapples with aftermath of genocide. Three decades ago, Hutu militias turned Rwanda into a brutal execution ground for over a million people, mostly members of the Tutsi minority. How is the younger generation affected by the country's darkest chapter?", "entities": {"Mention": [{"indices": [0, 7], "inst": "http://dbpedia.org/resource/Rwanda", "dbpInterestingClasses": "dbpedia-owl:PopulatedPlace", "dbpSpecificClasses": "dbpedia-owl:Country", "confidence": 0.5800000000000001}, {"indices": [70, 74], "inst": "http://dbpedia.org/resource/Hutu", "dbpInterestingClasses": "", "dbpSpecificClasses": "dbpedia-owl:EthnicGroup", "confidence": -0.5616666666666665}, {"indices": [91, 97], "inst": "http://dbpedia.org/resource/Rwanda", "dbpInterestingClasses": "dbpedia-owl:PopulatedPlace", "dbpSpecificClasses": "dbpedia-owl:Country", "confidence": 0.62}, {"indices": [178, 183], "inst": "http://dbpedia.org/resource/Tutsi", "dbpInterestingClasses": "", "dbpSpecificClasses": "dbpedia-owl:EthnicGroup", "confidence": -0.5216666666666666}]}}