{"text": "Conservative school board candidates handed humiliating loss in St. Louis area. Out of 13 candidates endorsed by local right-wing radio talk show host Marc Cox, zero won their races this week.", "entities": {"Mention": [{"indices": [64, 78], "inst": "http://dbpedia.org/resource/Greater_St._Louis", "dbpInterestingClasses": "dbpedia-owl:PopulatedPlace", "dbpSpecificClasses": "dbpedia-owl:AdministrativeRegion", "confidence": -0.81}, {"indices": [119, 129], "inst": "http://dbpedia.org/resource/Right-wing_politics", "dbpInterestingClasses": "owl:Thing", "dbpSpecificClasses": "owl:Thing", "confidence": -0.86}, {"indices": [130, 145], "inst": "http://dbpedia.org/resource/Talk_radio", "dbpInterestingClasses": "owl:Thing", "dbpSpecificClasses": "owl:Thing", "confidence": -0.6138095238095238}]}}