{"text": "Blinken visits Israel amid tensions over Rafah invasion plan; DOJ sues Apple. Secretary of State Antony Blinken makes his sixth visit to Israel since the war in Gaza began. The DOJ is suing Apple, alleging the tech giant is abusing its power as a monopoly.", "entities": {"Mention": [{"indices": [0, 7], "inst": "http://dbpedia.org/resource/Tony_Blinken", "dbpInterestingClasses": "dbpedia-owl:Person", "dbpSpecificClasses": "dbpedia-owl:Politician", "confidence": 0.5756276445269501}, {"indices": [15, 21], "inst": "http://dbpedia.org/resource/Israel", "dbpInterestingClasses": "dbpedia-owl:PopulatedPlace", "dbpSpecificClasses": "dbpedia-owl:Country", "confidence": 0.63}, {"indices": [41, 46], "inst": "http://dbpedia.org/resource/Rafah", "dbpInterestingClasses": "dbpedia-owl:PopulatedPlace", "dbpSpecificClasses": "dbpedia-owl:GovernmentalAdministrativeRegion|dbpedia-owl:City", "confidence": 0.635}, {"indices": [62, 65], "inst": "http://dbpedia.org/resource/United_States_Department_of_Justice", "dbpInterestingClasses": "dbpedia-owl:Organisation", "dbpSpecificClasses": "dbpedia-owl:GovernmentAgency", "confidence": -0.525}, {"indices": [71, 76], "inst": "http://dbpedia.org/resource/Apple_Inc.", "dbpInterestingClasses": "dbpedia-owl:Organisation", "dbpSpecificClasses": "dbpedia-owl:Organisation", "confidence": -0.6792307692307692}, {"indices": [97, 111], "inst": "http://dbpedia.org/resource/Tony_Blinken", "dbpInterestingClasses": "dbpedia-owl:Person", "dbpSpecificClasses": "dbpedia-owl:Politician", "confidence": 0.7835000000000001}, {"indices": [134, 143], "inst": "http://dbpedia.org/resource/Aliyah", "dbpInterestingClasses": "", "dbpSpecificClasses": "dbpedia-owl:Book", "confidence": -0.7361428571428504}, {"indices": [154, 165], "inst": "http://dbpedia.org/resource/Gaza_War_(2008\u201309)", "dbpInterestingClasses": "", "dbpSpecificClasses": "dbpedia-owl:SocietalEvent", "confidence": -0.6694761904761904}, {"indices": [177, 180], "inst": "http://dbpedia.org/resource/United_States_Department_of_Justice", "dbpInterestingClasses": "dbpedia-owl:Organisation", "dbpSpecificClasses": "dbpedia-owl:GovernmentAgency", "confidence": -0.525}, {"indices": [190, 195], "inst": "http://dbpedia.org/resource/Apple_Inc.", "dbpInterestingClasses": "dbpedia-owl:Organisation", "dbpSpecificClasses": "dbpedia-owl:Organisation", "confidence": -0.6792307692307692}]}}