{"text": "Riley Strain's body found in Nashville river, police say. The body of University of Missouri student Riley Strain has been found in the Cumberland River Friday morning, the Metropolitan Nashville Police announced.", "entities": {"Mention": [{"indices": [29, 38], "inst": "http://dbpedia.org/resource/Nashville,_Tennessee", "dbpInterestingClasses": "dbpedia-owl:PopulatedPlace", "dbpSpecificClasses": "dbpedia-owl:City|dbpedia-owl:AdministrativeRegion", "confidence": 0.57}, {"indices": [70, 92], "inst": "http://dbpedia.org/resource/University_of_Missouri", "dbpInterestingClasses": "dbpedia-owl:Organisation", "dbpSpecificClasses": "dbpedia-owl:Location|dbpedia-owl:College", "confidence": -0.61}, {"indices": [136, 152], "inst": "http://dbpedia.org/resource/Cumberland_River", "dbpInterestingClasses": "", "dbpSpecificClasses": "dbpedia-owl:River", "confidence": 0.78}, {"indices": [173, 202], "inst": "http://dbpedia.org/resource/Metropolitan_Nashville_Police_Department", "dbpInterestingClasses": "owl:Thing", "dbpSpecificClasses": "owl:Thing", "confidence": -0.7083333333333335}]}}