{"text": "Oprah, Niecy Nash, Out win big at GLAAD awards. The 35th GLAAD Media Awards were handed out Thursday evening in Beverly Hills, Calif., with Out \u2014 a sister publication of The Advocate \u2014 winning the 2024 GLAAD Media Award for Outstanding Magazine Overall Coverage.", "entities": {"Mention": [{"indices": [0, 5], "inst": "http://dbpedia.org/resource/Oprah_Winfrey", "dbpInterestingClasses": "dbpedia-owl:Person", "dbpSpecificClasses": "dbpedia-owl:Actor|dbpedia-owl:Presenter", "confidence": -0.6617307692307692}, {"indices": [7, 17], "inst": "http://dbpedia.org/resource/Niecy_Nash", "dbpInterestingClasses": "dbpedia-owl:Person", "dbpSpecificClasses": "dbpedia-owl:Actor", "confidence": 0.8475}, {"indices": [112, 125], "inst": "http://dbpedia.org/resource/Beverly_Hills,_California", "dbpInterestingClasses": "dbpedia-owl:PopulatedPlace", "dbpSpecificClasses": "dbpedia-owl:City|dbpedia-owl:AdministrativeRegion", "confidence": 0.67}, {"indices": [127, 132], "inst": "http://dbpedia.org/resource/California", "dbpInterestingClasses": "dbpedia-owl:PopulatedPlace", "dbpSpecificClasses": "dbpedia-owl:AdministrativeRegion", "confidence": 0.6048190075469183}, {"indices": [170, 182], "inst": "http://dbpedia.org/resource/The_Advocate", "dbpInterestingClasses": "", "dbpSpecificClasses": "dbpedia-owl:Magazine|dbpedia-owl:Newspaper", "confidence": -0.71}, {"indices": [236, 244], "inst": "http://dbpedia.org/resource/Magazine", "dbpInterestingClasses": "dbpedia-owl:Person", "dbpSpecificClasses": "dbpedia-owl:Work|dbpedia-owl:Person", "confidence": -0.73}, {"indices": [245, 252], "inst": "http://dbpedia.org/resource/Length_overall", "dbpInterestingClasses": "owl:Thing", "dbpSpecificClasses": "owl:Thing", "confidence": -0.83}]}}