{"text": "Billionaire Founder Judy Faulkner\u2019s Big AI Bet. Plus: These Are The World\u2019s Happiest Countries. Welcome to this week\u2019s ForbesWomen newsletter, which every Thursday brings news about the world\u2019s top female entrepreneurs, leaders and investors straight to your inbox.", "entities": {"Mention": [{"indices": [20, 33], "inst": "http://dbpedia.org/resource/Judith_Faulkner", "dbpInterestingClasses": "dbpedia-owl:Person", "dbpSpecificClasses": "dbpedia-owl:Person", "confidence": 0.8961666666666668}, {"indices": [76, 94], "inst": "http://dbpedia.org/resource/Quality_of_life", "dbpInterestingClasses": "owl:Thing", "dbpSpecificClasses": "owl:Thing", "confidence": 0.5611904761904762}]}}