{"text": "LAPD's first Latina deputy chief aims to make a positive impact with girls, women. Ruby Flores is the Los Angeles Police Department's first Latina deputy chief, where she's hoping to be an example for girls and women as she takes on the historic role.", "entities": {"Mention": [{"indices": [0, 6], "inst": "http://dbpedia.org/resource/Los_Angeles_Police_Department", "dbpInterestingClasses": "dbpedia-owl:Organisation|dbpedia-owl:Person", "dbpSpecificClasses": "dbpedia-owl:Organisation|dbpedia-owl:Person", "confidence": -0.547}]}}