{"text": "In Florida, an activist provides a safe space for transgender people. In north Florida, an activist provides services for transgender people as the state passes laws limiting transgender rights.", "entities": {"Mention": [{"indices": [3, 10], "inst": "http://dbpedia.org/resource/Florida", "dbpInterestingClasses": "dbpedia-owl:PopulatedPlace", "dbpSpecificClasses": "dbpedia-owl:AdministrativeRegion", "confidence": -0.5}, {"indices": [161, 165], "inst": "http://dbpedia.org/resource/Law", "dbpInterestingClasses": "dbpedia-owl:Person", "dbpSpecificClasses": "dbpedia-owl:Person|dbpedia-owl:Book", "confidence": -0.5157142857142857}, {"indices": [175, 193], "inst": "http://dbpedia.org/resource/LGBT_rights_by_country_or_territory", "dbpInterestingClasses": "owl:Thing", "dbpSpecificClasses": "owl:Thing", "confidence": -0.69}]}}