{"text": "Pictures: King Charles Shakes Hands With Well-Wishers, Greets Public For First Time Since Cancer Diagnosis. King Charles III shook hands and chatted with onlookers in his most significant public outing since being diagnosed with cancer last month.\nThe post Pictures: King Charles Shakes Hands With Well-Wishers, Greets Public For First Time Since Cancer Diagnosis app\u2026", "entities": {"Mention": [{"indices": [10, 22], "inst": "http://dbpedia.org/resource/Charles_I_of_England", "dbpInterestingClasses": "dbpedia-owl:Person", "dbpSpecificClasses": "dbpedia-owl:Monarch|dbpedia-owl:Family", "confidence": -0.7019999999999998}, {"indices": [55, 61], "inst": "http://dbpedia.org/resource/Greeting", "dbpInterestingClasses": "dbpedia-owl:Person", "dbpSpecificClasses": "dbpedia-owl:Person", "confidence": -0.6171428571428571}, {"indices": [62, 68], "inst": "http://dbpedia.org/resource/State_school", "dbpInterestingClasses": "owl:Thing", "dbpSpecificClasses": "owl:Thing", "confidence": -0.81}, {"indices": [90, 106], "inst": "http://dbpedia.org/resource/Cancer", "dbpInterestingClasses": "", "dbpSpecificClasses": "dbpedia-owl:Disease", "confidence": -0.6533333333333333}, {"indices": [267, 279], "inst": "http://dbpedia.org/resource/Charles_I_of_England", "dbpInterestingClasses": "dbpedia-owl:Person", "dbpSpecificClasses": "dbpedia-owl:Monarch|dbpedia-owl:Family", "confidence": -0.7019999999999998}, {"indices": [312, 318], "inst": "http://dbpedia.org/resource/Greeting", "dbpInterestingClasses": "dbpedia-owl:Person", "dbpSpecificClasses": "dbpedia-owl:Person", "confidence": -0.6171428571428571}, {"indices": [319, 325], "inst": "http://dbpedia.org/resource/State_school", "dbpInterestingClasses": "owl:Thing", "dbpSpecificClasses": "owl:Thing", "confidence": -0.81}, {"indices": [347, 363], "inst": "http://dbpedia.org/resource/Cancer", "dbpInterestingClasses": "", "dbpSpecificClasses": "dbpedia-owl:Disease", "confidence": -0.6533333333333333}]}}