{"text": "This Team Of Neurodiverse Consultants Aims To Shake Up How You Think About Business. Many leaders in the corporate world are frustrated that the strategies and solutions that once helped them achieve their goals don\u2019t work the way they used to. The Brain Forest Alliance offers alternatives from its team of non-linear thinkers.", "entities": {"Mention": [{"indices": [26, 37], "inst": "http://dbpedia.org/resource/Consultant", "dbpInterestingClasses": "owl:Thing", "dbpSpecificClasses": "owl:Thing", "confidence": -0.71}, {"indices": [249, 254], "inst": "http://dbpedia.org/resource/Brain", "dbpInterestingClasses": "dbpedia-owl:Person", "dbpSpecificClasses": "dbpedia-owl:Person", "confidence": -0.73}, {"indices": [255, 261], "inst": "http://dbpedia.org/resource/Forest", "dbpInterestingClasses": "dbpedia-owl:Person", "dbpSpecificClasses": "dbpedia-owl:Person", "confidence": -0.76}]}}