{"text": "Caitlin Clark once dreamed of going to UConn. Now, she'll face them in the Final Four. Clark's freshman year at Iowa ended with a Sweet 16 loss to UConn. Now, with her aim on Iowa's first-ever championship to cap off her final season, a Final Four win over the Huskies must come first.", "entities": {"Mention": [{"indices": [112, 116], "inst": "http://dbpedia.org/resource/Iowa", "dbpInterestingClasses": "dbpedia-owl:PopulatedPlace", "dbpSpecificClasses": "dbpedia-owl:AdministrativeRegion", "confidence": 0.5607692307692308}, {"indices": [130, 138], "inst": "http://dbpedia.org/resource/NCAA_Men's_Division_I_Basketball_Championship", "dbpInterestingClasses": "dbpedia-owl:Organisation", "dbpSpecificClasses": "dbpedia-owl:SportsLeague|dbpedia-owl:SportsEvent", "confidence": -0.6307142857142856}, {"indices": [172, 179], "inst": "http://dbpedia.org/resource/On_Iowa", "dbpInterestingClasses": "owl:Thing", "dbpSpecificClasses": "owl:Thing", "confidence": -0.85}]}}