{"text": "Disney allowed to pause its federal lawsuit against Florida governor as part of settlement deal. An appellate court on Monday granted Disney\u2019s request for a two-month pause in a federal lawsuit against Florida Gov. Ron DeSantis and his appointees to Walt...", "entities": {"Mention": [{"indices": [0, 6], "inst": "http://dbpedia.org/resource/The_Walt_Disney_Company", "dbpInterestingClasses": "dbpedia-owl:Organisation", "dbpSpecificClasses": "dbpedia-owl:Organisation", "confidence": 0.57}, {"indices": [52, 68], "inst": "http://dbpedia.org/resource/Governor", "dbpInterestingClasses": "", "dbpSpecificClasses": "dbpedia-owl:Book", "confidence": -0.6763095238095238}, {"indices": [100, 115], "inst": "http://dbpedia.org/resource/Appellate_court", "dbpInterestingClasses": "owl:Thing", "dbpSpecificClasses": "owl:Thing", "confidence": -0.7}, {"indices": [134, 142], "inst": "http://dbpedia.org/resource/The_Walt_Disney_Company", "dbpInterestingClasses": "dbpedia-owl:Organisation", "dbpSpecificClasses": "dbpedia-owl:Organisation", "confidence": -0.5279761904761905}, {"indices": [202, 209], "inst": "http://dbpedia.org/resource/Florida", "dbpInterestingClasses": "dbpedia-owl:PopulatedPlace", "dbpSpecificClasses": "dbpedia-owl:AdministrativeRegion", "confidence": -0.5}, {"indices": [215, 227], "inst": "http://dbpedia.org/resource/Ron_DeSantis", "dbpInterestingClasses": "dbpedia-owl:Person", "dbpSpecificClasses": "dbpedia-owl:Politician", "confidence": 0.8975}]}}