{"text": "X is funding a lawsuit against Jack Dorsey's Block to support the 'right to freedom of speech'. X is funding a lawsuit filed by Chloe Happe against her former employer Block, which was founded by Jack Dorsey, the same person who founded the website formerly known as Twitter. In her lawsuit, Happe said Block had wrongfully fired her in retaliation for tw\u2026", "entities": {"Mention": [{"indices": [31, 42], "inst": "http://dbpedia.org/resource/Jack_Dorsey", "dbpInterestingClasses": "dbpedia-owl:Person", "dbpSpecificClasses": "dbpedia-owl:Person", "confidence": 0.8775}, {"indices": [76, 93], "inst": "http://dbpedia.org/resource/Freedom_of_speech", "dbpInterestingClasses": "dbpedia-owl:Person", "dbpSpecificClasses": "dbpedia-owl:Person", "confidence": -0.51}, {"indices": [196, 207], "inst": "http://dbpedia.org/resource/Jack_Dorsey", "dbpInterestingClasses": "dbpedia-owl:Person", "dbpSpecificClasses": "dbpedia-owl:Person", "confidence": 0.8775}, {"indices": [267, 274], "inst": "http://dbpedia.org/resource/Twitter", "dbpInterestingClasses": "dbpedia-owl:Organisation|dbpedia-owl:Person", "dbpSpecificClasses": "dbpedia-owl:Organisation|dbpedia-owl:Website|dbpedia-owl:Person|dbpedia-owl:Book", "confidence": 0.5100000000000001}]}}