{"text": "How To Address The Harsh Reality Of Gender Equity In The Workplace. To improve gender equity, organizations need to address why it's an issue in the first place.", "entities": {"Mention": [{"indices": [19, 32], "inst": "http://dbpedia.org/resource/Harsh_Reality", "dbpInterestingClasses": "dbpedia-owl:Organisation", "dbpSpecificClasses": "dbpedia-owl:Band", "confidence": 0.56}, {"indices": [36, 49], "inst": "http://dbpedia.org/resource/Gender_equality", "dbpInterestingClasses": "owl:Thing", "dbpSpecificClasses": "owl:Thing", "confidence": -0.73}, {"indices": [79, 92], "inst": "http://dbpedia.org/resource/Gender_equality", "dbpInterestingClasses": "owl:Thing", "dbpSpecificClasses": "owl:Thing", "confidence": -0.73}]}}