{"text": "Michigan governor signs act to decriminalize paid surrogacy contracts. Gov. Gretchen Whitmer described the act as a \u201cpackage of common sense,\u201d at an event in Royal Oak, Michigan. \u201cIt\u2019s to protect families born under IVF, and to ensure LGBTQ plus parents are treated equally.\u201d", "entities": {"Mention": [{"indices": [0, 17], "inst": "http://dbpedia.org/resource/Governor_of_Michigan", "dbpInterestingClasses": "owl:Thing", "dbpSpecificClasses": "owl:Thing", "confidence": -0.6406666666666666}, {"indices": [76, 92], "inst": "http://dbpedia.org/resource/Gretchen_Whitmer", "dbpInterestingClasses": "dbpedia-owl:Person", "dbpSpecificClasses": "dbpedia-owl:Person", "confidence": 0.7966666666666665}, {"indices": [158, 167], "inst": "http://dbpedia.org/resource/Royal_Oak,_Michigan", "dbpInterestingClasses": "dbpedia-owl:PopulatedPlace", "dbpSpecificClasses": "dbpedia-owl:City|dbpedia-owl:AdministrativeRegion", "confidence": 0.5167391304347827}, {"indices": [169, 177], "inst": "http://dbpedia.org/resource/Michigan", "dbpInterestingClasses": "dbpedia-owl:PopulatedPlace", "dbpSpecificClasses": "dbpedia-owl:AdministrativeRegion", "confidence": 0.5467391304347826}, {"indices": [216, 219], "inst": "http://dbpedia.org/resource/In_vitro_fertilisation", "dbpInterestingClasses": "", "dbpSpecificClasses": "dbpedia-owl:Book", "confidence": -0.5449999999999999}]}}