{"text": "After a county restricted transgender women in sports, a roller derby league said, 'No way'. The nearly 20-year-old amateur league is suing a county leader over an executive order meant to prevent women\u2019s and girl\u2019s leagues and teams with transgender...", "entities": {"Mention": [{"indices": [26, 43], "inst": "http://dbpedia.org/resource/Trans_woman", "dbpInterestingClasses": "dbpedia-owl:Person", "dbpSpecificClasses": "dbpedia-owl:Person", "confidence": -0.8116986849697572}, {"indices": [57, 69], "inst": "http://dbpedia.org/resource/Roller_derby", "dbpInterestingClasses": "", "dbpSpecificClasses": "dbpedia-owl:Sport", "confidence": -0.615}, {"indices": [164, 179], "inst": "http://dbpedia.org/resource/Executive_order", "dbpInterestingClasses": "owl:Thing", "dbpSpecificClasses": "owl:Thing", "confidence": -0.78}]}}