{"text": "Republicans Target Biden Over Baltimore Bridge Collapse\u2014Attacking DEI, \u2018Green New Deal\u2019 And More. Some Republicans have indicated they\u2019ll oppose a federal funding package to pay for the bridge collapse.", "entities": {"Mention": [{"indices": [0, 11], "inst": "http://dbpedia.org/resource/Republican_Party_(United_States)", "dbpInterestingClasses": "dbpedia-owl:Organisation", "dbpSpecificClasses": "dbpedia-owl:PoliticalParty", "confidence": -0.52}, {"indices": [12, 18], "inst": "http://dbpedia.org/resource/Target_Corporation", "dbpInterestingClasses": "dbpedia-owl:Organisation", "dbpSpecificClasses": "dbpedia-owl:Organisation", "confidence": -0.8}, {"indices": [19, 24], "inst": "http://dbpedia.org/resource/Joe_Biden", "dbpInterestingClasses": "dbpedia-owl:Person", "dbpSpecificClasses": "dbpedia-owl:President|dbpedia-owl:VicePresident", "confidence": -0.5171428571428571}, {"indices": [30, 39], "inst": "http://dbpedia.org/resource/Baltimore", "dbpInterestingClasses": "dbpedia-owl:PopulatedPlace", "dbpSpecificClasses": "dbpedia-owl:City|dbpedia-owl:AdministrativeRegion", "confidence": -0.58}, {"indices": [72, 86], "inst": "http://dbpedia.org/resource/Green_New_Deal", "dbpInterestingClasses": "owl:Thing", "dbpSpecificClasses": "owl:Thing", "confidence": 0.5075757575757577}, {"indices": [103, 114], "inst": "http://dbpedia.org/resource/Republican_Party_(United_States)", "dbpInterestingClasses": "dbpedia-owl:Organisation", "dbpSpecificClasses": "dbpedia-owl:PoliticalParty", "confidence": -0.53}]}}