{"text": "Karine Jean-Pierre slams right-wing misinformation on Trans Day of Visibility. In Monday\u2019s White House press briefing, Press Secretary Karine Jean-Pierre skewered the manufactured outrage over President Joe Biden\u2019s proclamation of Transgender Day of Visibility, which coincided with Easter Sunday this year.", "entities": {"Mention": [{"indices": [7, 18], "inst": "http://dbpedia.org/resource/Dardenne_brothers", "dbpInterestingClasses": "dbpedia-owl:Person", "dbpSpecificClasses": "dbpedia-owl:Actor", "confidence": -0.749622641509434}, {"indices": [25, 35], "inst": "http://dbpedia.org/resource/Right-wing_politics", "dbpInterestingClasses": "owl:Thing", "dbpSpecificClasses": "owl:Thing", "confidence": -0.86}, {"indices": [91, 117], "inst": "http://dbpedia.org/resource/James_S._Brady_Press_Briefing_Room", "dbpInterestingClasses": "owl:Thing", "dbpSpecificClasses": "owl:Thing", "confidence": -0.78}, {"indices": [142, 153], "inst": "http://dbpedia.org/resource/Dardenne_brothers", "dbpInterestingClasses": "dbpedia-owl:Person", "dbpSpecificClasses": "dbpedia-owl:Actor", "confidence": -0.749622641509434}, {"indices": [203, 212], "inst": "http://dbpedia.org/resource/Joe_Biden", "dbpInterestingClasses": "dbpedia-owl:Person", "dbpSpecificClasses": "dbpedia-owl:President|dbpedia-owl:VicePresident", "confidence": 0.71}]}}