{"text": "Police discover Riley Strain's bank card amid college student's disappearance. Authorities discovered a clue in the case of missing University of Missouri college student Riley Strain, Sunday, who vanished while visiting Nashville earlier this month. Nashville Police announced Strain's bank card was found Sunday on the embankment betwee\u2026", "entities": {"Mention": [{"indices": [0, 6], "inst": "http://dbpedia.org/resource/Police", "dbpInterestingClasses": "dbpedia-owl:Person", "dbpSpecificClasses": "dbpedia-owl:Person|dbpedia-owl:Book", "confidence": -0.73}, {"indices": [132, 154], "inst": "http://dbpedia.org/resource/University_of_Missouri", "dbpInterestingClasses": "dbpedia-owl:Organisation", "dbpSpecificClasses": "dbpedia-owl:Location|dbpedia-owl:College", "confidence": -0.61}, {"indices": [221, 230], "inst": "http://dbpedia.org/resource/Nashville,_Tennessee", "dbpInterestingClasses": "dbpedia-owl:PopulatedPlace", "dbpSpecificClasses": "dbpedia-owl:City|dbpedia-owl:AdministrativeRegion", "confidence": 0.57}, {"indices": [251, 267], "inst": "http://dbpedia.org/resource/Metropolitan_Nashville_Police_Department", "dbpInterestingClasses": "owl:Thing", "dbpSpecificClasses": "owl:Thing", "confidence": -0.765}]}}