{"text": "Visit Casa Susanna, a secret house of trans women in the 1960s. A house in the Catskill Mountains once served as a refuge of joy and liberation. Now, a new book brings Casa Susanna back to life.", "entities": {"Mention": [{"indices": [38, 49], "inst": "http://dbpedia.org/resource/Trans_woman", "dbpInterestingClasses": "dbpedia-owl:Person", "dbpSpecificClasses": "dbpedia-owl:Person", "confidence": -0.8025320183030905}, {"indices": [79, 97], "inst": "http://dbpedia.org/resource/Catskill_Mountains", "dbpInterestingClasses": "dbpedia-owl:Person", "dbpSpecificClasses": "dbpedia-owl:MountainRange|dbpedia-owl:Mountain|dbpedia-owl:Person", "confidence": 0.6166666666666667}]}}