{"text": "A Baltimore bridge collapse timeline; Disney and DeSantis settle legal battle. Two bodies were recovered from the Baltimore bridge collapse and investigators released a timeline of events. The Walt Disney Company and Gov. Ron DeSantis have settled their lawsuits.", "entities": {"Mention": [{"indices": [2, 11], "inst": "http://dbpedia.org/resource/Baltimore", "dbpInterestingClasses": "dbpedia-owl:PopulatedPlace", "dbpSpecificClasses": "dbpedia-owl:City|dbpedia-owl:AdministrativeRegion", "confidence": -0.59}, {"indices": [38, 44], "inst": "http://dbpedia.org/resource/The_Walt_Disney_Company", "dbpInterestingClasses": "dbpedia-owl:Organisation", "dbpSpecificClasses": "dbpedia-owl:Organisation", "confidence": 0.57}, {"indices": [114, 123], "inst": "http://dbpedia.org/resource/Baltimore", "dbpInterestingClasses": "dbpedia-owl:PopulatedPlace", "dbpSpecificClasses": "dbpedia-owl:City|dbpedia-owl:AdministrativeRegion", "confidence": -0.59}, {"indices": [193, 212], "inst": "http://dbpedia.org/resource/The_Walt_Disney_Company", "dbpInterestingClasses": "dbpedia-owl:Organisation", "dbpSpecificClasses": "dbpedia-owl:Organisation", "confidence": 0.6783333333333333}, {"indices": [222, 234], "inst": "http://dbpedia.org/resource/Ron_DeSantis", "dbpInterestingClasses": "dbpedia-owl:Person", "dbpSpecificClasses": "dbpedia-owl:Politician", "confidence": 0.8975}]}}