{"text": "New Insights from AI, Strange Metals and Parents of LGBTQ Kids. AI has deciphered ancient texts, learned new math and provided new ideas about human consciousness", "entities": {"Mention": [{"indices": [30, 36], "inst": "http://dbpedia.org/resource/Metal", "dbpInterestingClasses": "dbpedia-owl:Person", "dbpSpecificClasses": "dbpedia-owl:Person", "confidence": -0.6866666666666666}, {"indices": [52, 57], "inst": "http://dbpedia.org/resource/LGBT", "dbpInterestingClasses": "dbpedia-owl:Person", "dbpSpecificClasses": "dbpedia-owl:Person", "confidence": -0.5641666666666666}, {"indices": [105, 113], "inst": "http://dbpedia.org/resource/New_Math", "dbpInterestingClasses": "owl:Thing", "dbpSpecificClasses": "owl:Thing", "confidence": -0.75}]}}