{"text": "20 Tips For Crafting A Visionary Nonprofit Executive Team. Leaders with varied experiences, skills and backgrounds can prove to be valuable assets to nonprofit organizations.", "entities": {"Mention": [{"indices": [43, 57], "inst": "http://dbpedia.org/resource/Senior_management", "dbpInterestingClasses": "", "dbpSpecificClasses": "dbpedia-owl:Book", "confidence": -0.8290909090909089}, {"indices": [150, 173], "inst": "http://dbpedia.org/resource/Nonprofit_organization", "dbpInterestingClasses": "dbpedia-owl:Person", "dbpSpecificClasses": "dbpedia-owl:Person", "confidence": -0.5491666666666667}]}}