{"text": "Chappell Roan: Tiny Desk Concert. The utterly commanding artist takes the Tiny Desk stage with a magnetic performance and a towering wig.", "entities": {"Mention": [{"indices": [15, 32], "inst": "http://dbpedia.org/resource/NPR_Music", "dbpInterestingClasses": "owl:Thing", "dbpSpecificClasses": "owl:Thing", "confidence": -0.745}, {"indices": [79, 83], "inst": "http://dbpedia.org/resource/Desk", "dbpInterestingClasses": "owl:Thing", "dbpSpecificClasses": "owl:Thing", "confidence": -0.85}]}}