{"text": "College Admissions Trends For 2024. On Ivy Day 2024, we find ourselves at a pivotal moment to explore the evolving landscape of college admissions and anticipate future directions. Let's dive into the latest developments.", "entities": {"Mention": [{"indices": [0, 18], "inst": "http://dbpedia.org/resource/University_and_college_admission", "dbpInterestingClasses": "owl:Thing", "dbpSpecificClasses": "owl:Thing", "confidence": -0.8549999999999999}, {"indices": [39, 46], "inst": "http://dbpedia.org/resource/Ivy_Day_(Ireland)", "dbpInterestingClasses": "", "dbpSpecificClasses": "dbpedia-owl:Holiday", "confidence": -0.764090909090909}]}}